{"display":{"thirdperson_righthand":{"rotation":[-11,8,0],"translation":[0,-1.5,0]},"thirdperson_lefthand":{"rotation":[-11,8,0],"translation":[0,-1.5,0]},"firstperson_righthand":{"rotation":[-26,12,0],"translation":[0,-3.25,0]},"firstperson_lefthand":{"rotation":[-26,12,0],"translation":[0,-3.25,0]},"ground":{"translation":[0,-3,0]},"gui":{"rotation":[30,132,0],"translation":[-1,-2,0]},"head":{"translation":[0,3.5,-0.25],"scale":[1.9,1.9,1.9]},"fixed":{"rotation":[-90,0,0],"translation":[0,0,1.75],"scale":[1.58,1.58,1.58]}},"texture_size":[32,32],"textures":{"0":"./kardinal","particle":"./kardinal"},"elements":[{"from":[3,9,6],"to":[13,10,12],"rotation":{"angle":0,"axis":"y","origin":[11,17,14]},"faces":{"north":{"uv":[6,7,11,7.5],"texture":"#0"},"east":{"uv":[14,7,11,7.5],"texture":"#0"},"south":{"uv":[1,9.5,6,10],"texture":"#0"},"west":{"uv":[11,7,14,7.5],"texture":"#0"},"up":{"uv":[1,0,6,3],"rotation":180,"texture":"#0"},"down":{"uv":[1,0,6,3],"texture":"#0"}}},{"from":[13,9,9],"to":[15,9,12],"rotation":{"angle":0,"axis":"y","origin":[21,17,17]},"faces":{"north":{"uv":[4,4,9,4.5],"texture":"#0"},"east":{"uv":[0,4,4,4.5],"texture":"#0"},"south":{"uv":[4,4.5,9,5],"texture":"#0"},"west":{"uv":[0,4.5,4,5],"texture":"#0"},"up":{"uv":[0,0,1,1.5],"rotation":180,"texture":"#0"},"down":{"uv":[0,0,1,1.5],"texture":"#0"}}},{"from":[1,9,9],"to":[3,9,12],"rotation":{"angle":0,"axis":"y","origin":[9,17,17]},"faces":{"north":{"uv":[4,4,9,4.5],"texture":"#0"},"east":{"uv":[0,4,4,4.5],"texture":"#0"},"south":{"uv":[4,4.5,9,5],"texture":"#0"},"west":{"uv":[0,4.5,4,5],"texture":"#0"},"up":{"uv":[6,0,7,1.5],"rotation":180,"texture":"#0"},"down":{"uv":[6,0,7,1.5],"texture":"#0"}}},{"from":[3,10,6],"to":[13,14,6],"rotation":{"angle":0,"axis":"y","origin":[11,18,14]},"faces":{"north":{"uv":[6,5,11,7],"texture":"#0"},"east":{"uv":[0,6.5,4,8.5],"texture":"#0"},"south":{"uv":[11,5,6,7],"texture":"#0"},"west":{"uv":[0,8.5,4,10.5],"texture":"#0"},"up":{"uv":[11.5,0,12,0.5],"texture":"#0"},"down":{"uv":[10.5,0,11,0.5],"texture":"#0"}}},{"from":[1,9,12],"to":[15,14,12],"rotation":{"angle":0,"axis":"y","origin":[9,17,20]},"faces":{"north":{"uv":[0,7.5,7,10],"texture":"#0"},"east":{"uv":[0,6.5,4,8.5],"texture":"#0"},"south":{"uv":[0,7.5,7,10],"texture":"#0"},"west":{"uv":[0,8.5,4,10.5],"texture":"#0"},"up":{"uv":[11.5,0,12,0.5],"texture":"#0"},"down":{"uv":[10.5,0,11,0.5],"texture":"#0"}}},{"from":[6,10,2],"to":[10,14,2],"rotation":{"angle":0,"axis":"y","origin":[14,18,10]},"faces":{"north":{"uv":[2,5,4,7],"texture":"#0"},"east":{"uv":[0,0,1,2],"texture":"#0"},"south":{"uv":[4,5,2,7],"texture":"#0"},"west":{"uv":[3,0,4,2],"texture":"#0"},"up":{"uv":[0,0,0,0],"texture":"#0"},"down":{"uv":[0,0,0,0],"texture":"#0"}}},{"from":[6,10,2],"to":[6,14,6],"rotation":{"angle":0,"axis":"y","origin":[14,18,10]},"faces":{"north":{"uv":[1,0,3,2],"texture":"#0"},"east":{"uv":[6,5,4,7],"texture":"#0"},"south":{"uv":[1,0,3,2],"texture":"#0"},"west":{"uv":[4,5,6,7],"texture":"#0"},"up":{"uv":[0,0,0,0],"texture":"#0"},"down":{"uv":[0,0,0,0],"texture":"#0"}}},{"from":[3,10,3.75],"to":[6,13,3.75],"rotation":{"angle":45,"axis":"y","origin":[6,11.5,3.75]},"faces":{"north":{"uv":[5,3,6.5,4.5],"texture":"#0"},"east":{"uv":[1,0,3,2],"texture":"#0"},"south":{"uv":[6.5,3,5,4.5],"texture":"#0"},"west":{"uv":[1,0,3,2],"texture":"#0"},"up":{"uv":[0,0,0,0],"rotation":90,"texture":"#0"},"down":{"uv":[0,0,0,0],"rotation":270,"texture":"#0"}}},{"from":[10,10,2],"to":[10,14,6],"rotation":{"angle":0,"axis":"y","origin":[18,18,10]},"faces":{"north":{"uv":[1,0,3,2],"texture":"#0"},"east":{"uv":[0,5,2,7],"texture":"#0"},"south":{"uv":[1,0,3,2],"texture":"#0"},"west":{"uv":[2,5,0,7],"texture":"#0"},"up":{"uv":[0,0,0,0],"texture":"#0"},"down":{"uv":[0,0,0,0],"texture":"#0"}}},{"from":[3,10,6],"to":[3,14,12],"rotation":{"angle":0,"axis":"y","origin":[11,18,14]},"faces":{"north":{"uv":[1,0,3,2],"texture":"#0"},"east":{"uv":[14,5,11,7],"texture":"#0"},"south":{"uv":[1,0,3,2],"texture":"#0"},"west":{"uv":[11,5,14,7],"texture":"#0"},"up":{"uv":[0,0,0,0],"texture":"#0"},"down":{"uv":[0,0,0,0],"texture":"#0"}}},{"from":[13,10,6],"to":[13,14,12],"rotation":{"angle":0,"axis":"y","origin":[21,18,14]},"faces":{"north":{"uv":[1,0,3,2],"texture":"#0"},"east":{"uv":[14,5,11,7],"texture":"#0"},"south":{"uv":[1,0,3,2],"texture":"#0"},"west":{"uv":[11,5,14,7],"texture":"#0"},"up":{"uv":[0,0,0,0],"texture":"#0"},"down":{"uv":[0,0,0,0],"texture":"#0"}}},{"from":[11,10,6],"to":[11,13,11],"rotation":{"angle":-22.5,"axis":"z","origin":[11,10,9]},"faces":{"north":{"uv":[1,0,3,2],"texture":"#0"},"east":{"uv":[12.5,0,10,1.5],"texture":"#0"},"south":{"uv":[1,0,3,2],"texture":"#0"},"west":{"uv":[10,0,12.5,1.5],"texture":"#0"},"up":{"uv":[0,0,0,0],"texture":"#0"},"down":{"uv":[0,0,0,0],"texture":"#0"}}},{"from":[5,10,6],"to":[5,13,11],"rotation":{"angle":22.5,"axis":"z","origin":[5,10,9]},"faces":{"north":{"uv":[1,0,3,2],"texture":"#0"},"east":{"uv":[12.5,0,10,1.5],"texture":"#0"},"south":{"uv":[1,0,3,2],"texture":"#0"},"west":{"uv":[10,0,12.5,1.5],"texture":"#0"},"up":{"uv":[0,0,0,0],"texture":"#0"},"down":{"uv":[0,0,0,0],"texture":"#0"}}},{"from":[6,9,2],"to":[10,10,6],"rotation":{"angle":0,"axis":"y","origin":[14,17,10]},"faces":{"north":{"uv":[2,7,4,7.5],"texture":"#0"},"east":{"uv":[0,7,2,7.5],"texture":"#0"},"south":{"uv":[4,6.5,6,8],"texture":"#0"},"west":{"uv":[4,7,6,7.5],"texture":"#0"},"up":{"uv":[2.5,3,4.5,5],"rotation":180,"texture":"#0"},"down":{"uv":[2.5,3,4.5,5],"texture":"#0"}}},{"from":[5,10,6],"to":[11,12,11],"rotation":{"angle":0,"axis":"y","origin":[13,18,14]},"faces":{"north":{"uv":[7,2.5,10,3.5],"texture":"#0"},"east":{"uv":[12.5,2.5,10,3.5],"texture":"#0"},"south":{"uv":[12.5,2.5,15.5,3.5],"texture":"#0"},"west":{"uv":[10,2.5,12.5,3.5],"texture":"#0"},"up":{"uv":[7,0,10,2.5],"rotation":180,"texture":"#0"},"down":{"uv":[9,5.5,10.5,7],"texture":"#0"}}},{"from":[1,9,9],"to":[3,12,9],"rotation":{"angle":0,"axis":"y","origin":[9,17,17.05]},"faces":{"north":{"uv":[0,1.5,1,3],"texture":"#0"},"east":{"uv":[11,2,12.5,4],"texture":"#0"},"south":{"uv":[1,1.5,0,3],"texture":"#0"},"west":{"uv":[11.5,0,12,0.5],"texture":"#0"},"up":{"uv":[11.5,0,12,0.5],"texture":"#0"},"down":{"uv":[0,2,2,3.5],"texture":"#0"}}},{"from":[13,9,9],"to":[15,12,9],"rotation":{"angle":0,"axis":"y","origin":[21,17,17.05]},"faces":{"north":{"uv":[1,1.5,0,3],"texture":"#0"},"east":{"uv":[11,2,12.5,4],"texture":"#0"},"south":{"uv":[0,1.5,1,3],"texture":"#0"},"west":{"uv":[11.5,0,12,0.5],"texture":"#0"},"up":{"uv":[11.5,0,12,0.5],"texture":"#0"},"down":{"uv":[0,2,2,3.5],"texture":"#0"}}},{"from":[4,5,12],"to":[12,9,12],"rotation":{"angle":0,"axis":"y","origin":[12,13,20]},"faces":{"north":{"uv":[8,14,4,16],"texture":"#0"},"east":{"uv":[0,6.5,4,8.5],"texture":"#0"},"south":{"uv":[4,14,8,16],"texture":"#0"},"west":{"uv":[0,8.5,4,10.5],"texture":"#0"},"up":{"uv":[11.5,0,12,0.5],"texture":"#0"},"down":{"uv":[10.5,0,11,0.5],"texture":"#0"}}},{"from":[4,5,4],"to":[4,9,12],"rotation":{"angle":0,"axis":"y","origin":[12,13,14]},"faces":{"north":{"uv":[1,0,3,2],"texture":"#0"},"east":{"uv":[4,14,0,16],"texture":"#0"},"south":{"uv":[1,0,3,2],"texture":"#0"},"west":{"uv":[0,14,4,16],"texture":"#0"},"up":{"uv":[0,0,0,0],"texture":"#0"},"down":{"uv":[0,0,0,0],"texture":"#0"}}},{"from":[12,5,4],"to":[12,9,12],"rotation":{"angle":0,"axis":"y","origin":[20,13,14]},"faces":{"north":{"uv":[1,0,3,2],"texture":"#0"},"east":{"uv":[4,14,0,16],"texture":"#0"},"south":{"uv":[1,0,3,2],"texture":"#0"},"west":{"uv":[0,14,4,16],"texture":"#0"},"up":{"uv":[0,0,0,0],"texture":"#0"},"down":{"uv":[0,0,0,0],"texture":"#0"}}},{"from":[4.25,5,11.75],"to":[11.75,9,11.75],"rotation":{"angle":0,"axis":"y","origin":[12.25,13,19.75]},"faces":{"north":{"uv":[8,10,4,12],"texture":"#0"},"east":{"uv":[0,6.5,4,8.5],"texture":"#0"},"south":{"uv":[4,10,8,12],"texture":"#0"},"west":{"uv":[0,8.5,4,10.5],"texture":"#0"},"up":{"uv":[11.5,0,12,0.5],"texture":"#0"},"down":{"uv":[10.5,0,11,0.5],"texture":"#0"}}},{"from":[4.25,5,4.25],"to":[4.25,9,11.75],"rotation":{"angle":0,"axis":"y","origin":[12.25,13,12.25]},"faces":{"north":{"uv":[1,0,3,2],"texture":"#0"},"east":{"uv":[4,10,0,12],"texture":"#0"},"south":{"uv":[1,0,3,2],"texture":"#0"},"west":{"uv":[0,10,4,12],"texture":"#0"},"up":{"uv":[0,0,0,0],"texture":"#0"},"down":{"uv":[0,0,0,0],"texture":"#0"}}},{"from":[11.75,5,4.25],"to":[11.75,9,11.75],"rotation":{"angle":0,"axis":"y","origin":[19.75,13,12.25]},"faces":{"north":{"uv":[1,0,3,2],"texture":"#0"},"east":{"uv":[4,10,0,12],"texture":"#0"},"south":{"uv":[1,0,3,2],"texture":"#0"},"west":{"uv":[0,10,4,12],"texture":"#0"},"up":{"uv":[0,0,0,0],"texture":"#0"},"down":{"uv":[0,0,0,0],"texture":"#0"}}}]}