{"display":{"thirdperson_righthand":{"rotation":[-38,5.5,5],"translation":[0,2.25,-3.25]},"thirdperson_lefthand":{"rotation":[-38,5.5,5],"translation":[0,2.25,-3.25]},"ground":{"translation":[0,2.75,0]},"gui":{"rotation":[30,135,0],"translation":[0,1.5,0],"scale":[0.9,0.9,0.9]},"head":{"translation":[0,3.75,0],"scale":[1.9,1.9,1.9]},"fixed":{"rotation":[-90,0,0],"translation":[0,0,-7],"scale":[1.58,1.58,1.58]}},"texture_size":[64,32],"textures":{"0":"./notch","particle":"./notch"},"elements":[{"from":[4,2,4],"to":[12,9,12],"rotation":{"angle":0,"axis":"y","origin":[12,10,12]},"faces":{"north":{"uv":[2,4.5,4,8],"texture":"#0"},"east":{"uv":[0,4.5,2,8],"texture":"#0"},"south":{"uv":[6,4.5,8,8],"texture":"#0"},"west":{"uv":[4,4.5,6,8],"texture":"#0"},"up":{"uv":[2,0,4,4],"rotation":180,"texture":"#0"},"down":{"uv":[4,0,6,4],"texture":"#0"}}},{"from":[4,9,4],"to":[12,12,12],"rotation":{"angle":0,"axis":"y","origin":[12,17,12]},"faces":{"north":{"uv":[10,4,12,5.5],"texture":"#0"},"east":{"uv":[8,4,10,5.5],"texture":"#0"},"south":{"uv":[14,4,16,5.5],"texture":"#0"},"west":{"uv":[12,4,14,5.5],"texture":"#0"},"up":{"uv":[10,0,12,4],"rotation":180,"texture":"#0"}}},{"from":[2,9.25,2],"to":[14,9.25,14],"rotation":{"angle":0,"axis":"y","origin":[10,17.25,10]},"faces":{"north":{"uv":[2,4,4,8],"texture":"#0"},"east":{"uv":[0,4,2,8],"texture":"#0"},"south":{"uv":[6,4,8,8],"texture":"#0"},"west":{"uv":[4,4,6,8],"texture":"#0"},"up":{"uv":[8,5.5,11,11.5],"rotation":180,"texture":"#0"},"down":{"uv":[11,5.5,8,11.5],"texture":"#0"}}},{"from":[12.25,1.75,3.75],"to":[12.25,10.25,12.25],"rotation":{"angle":0,"axis":"y","origin":[20.25,9.75,11.75]},"faces":{"north":{"uv":[4,12,8,16],"texture":"#0"},"east":{"uv":[0,12,2,16],"texture":"#0"},"south":{"uv":[12,12,16,16],"texture":"#0"},"west":{"uv":[4,12,0,16],"texture":"#0"},"up":{"uv":[4,8,8,12],"rotation":180,"texture":"#0"},"down":{"uv":[8,8,12,12],"texture":"#0"}}},{"from":[3.75,1.75,3.75],"to":[3.75,10.25,12.25],"rotation":{"angle":0,"axis":"y","origin":[11.75,9.75,11.75]},"faces":{"north":{"uv":[4,12,8,16],"texture":"#0"},"east":{"uv":[12,12,8,16],"texture":"#0"},"south":{"uv":[12,12,16,16],"texture":"#0"},"west":{"uv":[4,12,6,16],"texture":"#0"},"up":{"uv":[4,8,8,12],"rotation":180,"texture":"#0"},"down":{"uv":[8,8,12,12],"texture":"#0"}}},{"from":[3.75,1.75,3.75],"to":[12.25,10.25,3.75],"rotation":{"angle":0,"axis":"y","origin":[11.75,9.75,11.75]},"faces":{"north":{"uv":[2,12,4,16],"texture":"#0"},"east":{"uv":[0,12,4,16],"texture":"#0"},"south":{"uv":[4,12,8,16],"texture":"#0"},"west":{"uv":[8,12,12,16],"texture":"#0"},"up":{"uv":[4,8,8,12],"rotation":180,"texture":"#0"},"down":{"uv":[8,8,12,12],"texture":"#0"}}}]}