{"display":{"thirdperson_righthand":{"rotation":[-17,-180,2],"translation":[0,2,-0.25]},"thirdperson_lefthand":{"rotation":[-17,-180,2],"translation":[0,2,-0.25]},"firstperson_righthand":{"rotation":[-48,0,0]},"firstperson_lefthand":{"rotation":[-48,0,0]},"ground":{"translation":[0,2,0]},"gui":{"rotation":[30,132,0],"scale":[0.85,0.85,0.85]},"head":{"translation":[0,5,0],"scale":[1.9,1.9,1.9]},"fixed":{"rotation":[-90,0,0],"translation":[0,0.25,-4],"scale":[1.58,1.58,1.58]}},"texture_size":[32,32],"textures":{"0":"./dimak","particle":"./dimak"},"elements":[{"from":[4,6,4],"to":[12,10,12],"rotation":{"angle":0,"axis":"y","origin":[12,14,12]},"faces":{"north":{"uv":[4,4,8,6],"texture":"#0"},"east":{"uv":[0,4,4,6],"texture":"#0"},"south":{"uv":[12,4,16,6],"texture":"#0"},"west":{"uv":[8,4,12,6],"texture":"#0"},"up":{"uv":[4,0,8,4],"rotation":180,"texture":"#0"},"down":{"uv":[8,0,12,4],"texture":"#0"}}},{"from":[4.5,3.6,4.5],"to":[11.5,6.225,4.5],"rotation":{"angle":0,"axis":"y","origin":[12.5,11.5,12.5]},"faces":{"north":{"uv":[4,6,8,7.5],"texture":"#0"},"east":{"uv":[0,4,4,6],"texture":"#0"},"south":{"uv":[4,6,8,7.5],"texture":"#0"},"west":{"uv":[8,4,12,6],"texture":"#0"},"up":{"uv":[4,0,8,4],"rotation":180,"texture":"#0"},"down":{"uv":[8,0,12,4],"texture":"#0"}}},{"from":[4.5,3.6,4.5],"to":[4.5,6.225,11.5],"rotation":{"angle":0,"axis":"y","origin":[12.5,11.5,12.5]},"faces":{"north":{"uv":[4,6,8,7.5],"texture":"#0"},"east":{"uv":[12,6,8,7.5],"texture":"#0"},"south":{"uv":[4,6,8,7.5],"texture":"#0"},"west":{"uv":[8,6,12,7.5],"texture":"#0"},"up":{"uv":[4,0,8,4],"rotation":180,"texture":"#0"},"down":{"uv":[8,0,12,4],"texture":"#0"}}},{"from":[11.5,3.6,4.5],"to":[11.5,6.225,11.5],"rotation":{"angle":0,"axis":"y","origin":[19.5,11.5,12.5]},"faces":{"north":{"uv":[4,6,8,7.5],"texture":"#0"},"east":{"uv":[0,6,4,7.5],"texture":"#0"},"south":{"uv":[4,6,8,7.5],"texture":"#0"},"west":{"uv":[4,6,0,7.5],"texture":"#0"},"up":{"uv":[4,0,8,4],"rotation":180,"texture":"#0"},"down":{"uv":[8,0,12,4],"texture":"#0"}}},{"from":[4.5,3.6,11.5],"to":[11.5,6.225,11.5],"rotation":{"angle":0,"axis":"y","origin":[12.5,11.5,19.5]},"faces":{"north":{"uv":[12,6,16,7.5],"texture":"#0"},"east":{"uv":[0,4,4,6],"texture":"#0"},"south":{"uv":[12,6,16,7.5],"texture":"#0"},"west":{"uv":[8,4,12,6],"texture":"#0"},"up":{"uv":[4,0,8,4],"rotation":180,"texture":"#0"},"down":{"uv":[8,0,12,4],"texture":"#0"}}},{"from":[1,6,0],"to":[15,6,16],"rotation":{"angle":0,"axis":"y","origin":[9,14.5,8]},"faces":{"north":{"uv":[4,4,8,5.5],"texture":"#0"},"east":{"uv":[0,4,4,5.5],"texture":"#0"},"south":{"uv":[12,4,16,5.5],"texture":"#0"},"west":{"uv":[8,4,12,5.5],"texture":"#0"},"up":{"uv":[1.5,8,8.5,16],"rotation":180,"texture":"#0"},"down":{"uv":[1.5,8,8.5,16],"texture":"#0"}}},{"from":[15,6,0],"to":[18,6,16],"rotation":{"angle":0,"axis":"z","origin":[15,6.5,8]},"faces":{"north":{"uv":[4,4,8,5.5],"texture":"#0"},"east":{"uv":[0,4,4,5.5],"texture":"#0"},"south":{"uv":[12,4,16,5.5],"texture":"#0"},"west":{"uv":[8,4,12,5.5],"texture":"#0"},"up":{"uv":[0,8,1.5,16],"rotation":180,"texture":"#0"},"down":{"uv":[0,8,1.5,16],"rotation":180,"texture":"#0"}}},{"from":[-2,6,0],"to":[1,6,16],"rotation":{"angle":0,"axis":"z","origin":[1,6.5,8]},"faces":{"north":{"uv":[4,4,8,5.5],"texture":"#0"},"east":{"uv":[0,4,4,5.5],"texture":"#0"},"south":{"uv":[12,4,16,5.5],"texture":"#0"},"west":{"uv":[8,4,12,5.5],"texture":"#0"},"up":{"uv":[8.5,8,10,16],"rotation":180,"texture":"#0"},"down":{"uv":[8.5,8,10.5,16],"rotation":180,"texture":"#0"}}}]}