{"display":{"thirdperson_righthand":{"rotation":[2,0.5,-1.5],"translation":[-0.25,-3.75,0],"scale":[0.8,0.8,0.8]},"thirdperson_lefthand":{"rotation":[2,0.5,-1.5],"translation":[-0.25,-3.75,0],"scale":[0.8,0.8,0.8]},"firstperson_righthand":{"rotation":[22,5,6],"translation":[5.5,-4,-7.5]},"firstperson_lefthand":{"rotation":[22,5,6],"translation":[5.5,-4,-7.5]},"ground":{"rotation":[0,0,-90],"translation":[-4,-1.5,2],"scale":[0.8,0.8,0.8]},"gui":{"rotation":[-35,135,5],"translation":[0.75,-3.25,0],"scale":[0.64,0.64,0.64]},"head":{"translation":[0,2.75,-2.5]},"fixed":{"rotation":[0,90,0],"translation":[2.75,-4.5,-1.5]}},"texture_size":[64,64],"textures":{"particle":"./mp18"},"elements":[{"from":[7,13.25,-9.5],"to":[9,15.25,9.5],"rotation":{"angle":0,"axis":"y","origin":[15,22.75,9.5]},"faces":{"north":{"uv":[9.5,6.25,10.5,7.25],"texture":"#particle"},"east":{"uv":[9.5,7.25,0,8.25],"texture":"#particle"},"south":{"uv":[9.5,7.25,10.5,8.25],"texture":"#particle"},"west":{"uv":[0,6.25,9.5,7.25],"texture":"#particle"},"up":{"uv":[0,8.25,9.5,9.25],"rotation":90,"texture":"#particle"},"down":{"uv":[0,9.25,9.5,10.25],"rotation":270,"texture":"#particle"}}},{"from":[6.75,11.75,0.5],"to":[9.25,14.25,10.5],"rotation":{"angle":0,"axis":"y","origin":[14.75,20.25,9.5]},"faces":{"north":{"uv":[5,0,6.25,1.25],"texture":"#particle"},"east":{"uv":[5,0,0,1.25],"texture":"#particle"},"south":{"uv":[4.75,0,5,1.25],"texture":"#particle"},"west":{"uv":[0,0,5,1.25],"texture":"#particle"},"up":{"uv":[11,0,16,1.25],"rotation":90,"texture":"#particle"},"down":{"uv":[0,1.25,5,2.5],"rotation":270,"texture":"#particle"}}},{"from":[0,13.75,-2.25],"to":[7,14.75,-0.25],"rotation":{"angle":22.5,"axis":"y","origin":[7.5,14,-2.25]},"faces":{"north":{"uv":[0,11.25,3.5,11.75],"texture":"#particle"},"south":{"uv":[3.5,11.25,0,11.75],"texture":"#particle"},"up":{"uv":[0,10.25,3.5,11.25],"rotation":180,"texture":"#particle"},"down":{"uv":[3.5,10.25,0,11.25],"texture":"#particle"}}},{"from":[-0.38909,13.749,2.46751],"to":[3.61091,17.749,4.46751],"rotation":{"angle":-22.5,"axis":"y","origin":[7.5,14,-2.25]},"faces":{"north":{"uv":[3.5,10.25,5.5,12.25],"texture":"#particle"},"east":{"uv":[5.5,10.25,6.5,12.25],"texture":"#particle"},"south":{"uv":[3.5,10.25,5.5,12.25],"rotation":90,"texture":"#particle"},"west":{"uv":[5.5,10.25,6.5,12.25],"rotation":180,"texture":"#particle"},"up":{"uv":[5.5,10.25,6.5,12.25],"rotation":270,"texture":"#particle"},"down":{"uv":[5.5,10.25,6.5,12.25],"rotation":90,"texture":"#particle"}}},{"from":[7.25,10.5,10.75],"to":[8.75,13.5,13.75],"rotation":{"angle":-22.5,"axis":"x","origin":[8.75,13.5,13.75]},"faces":{"north":{"uv":[6.25,2.5,6.5,4],"texture":"#particle"},"east":{"uv":[7.75,2.5,6.25,4],"texture":"#particle"},"west":{"uv":[6.25,2.5,7.75,4],"texture":"#particle"},"up":{"uv":[6.25,2.5,7.75,2.75],"rotation":90,"texture":"#particle"},"down":{"uv":[6.25,3.75,7.75,4],"rotation":270,"texture":"#particle"}}},{"from":[6.75,11,13.75],"to":[9.25,13.5,20.75],"rotation":{"angle":0,"axis":"x","origin":[8.75,11.75,19.25]},"faces":{"north":{"uv":[6.25,0,6.5,1.25],"texture":"#particle"},"east":{"uv":[9.75,0,6.25,1.25],"texture":"#particle"},"south":{"uv":[9.75,0,11,1.25],"texture":"#particle"},"west":{"uv":[6.25,0,9.75,1.25],"texture":"#particle"},"up":{"uv":[6.25,1.25,9.75,2.5],"rotation":90,"texture":"#particle"},"down":{"uv":[6.25,1,9.75,1.25],"rotation":270,"texture":"#particle"}}},{"from":[8,15.25,-9],"to":[8,16.25,-8],"rotation":{"angle":0,"axis":"y","origin":[16,23.25,-1.5]},"faces":{"north":{"uv":[0,0,0,2],"texture":"#particle"},"east":{"uv":[3.5,5.75,3,6.25],"texture":"#particle"},"south":{"uv":[0,0,0,2],"texture":"#particle"},"west":{"uv":[3,5.75,3.5,6.25],"texture":"#particle"},"up":{"uv":[0,0,0,3],"texture":"#particle"},"down":{"uv":[0,0,0,3],"texture":"#particle"}}},{"from":[9,14.25,3],"to":[10,14.75,3],"rotation":{"angle":0,"axis":"z","origin":[9,15.25,3]},"faces":{"north":{"uv":[3.5,5.25,3,5.5],"texture":"#particle"},"east":{"uv":[13.5,0.75,15,1.25],"texture":"#particle"},"south":{"uv":[3,5.25,3.5,5.5],"texture":"#particle"},"west":{"uv":[15,0.75,13.5,1.25],"texture":"#particle"},"up":{"uv":[0,0,0,3],"texture":"#particle"},"down":{"uv":[0,0,0,3],"texture":"#particle"}}},{"from":[8,10.25,7],"to":[8,11.75,9.5],"rotation":{"angle":0,"axis":"y","origin":[16,18.25,15]},"faces":{"north":{"uv":[0,0,0,2.5],"texture":"#particle"},"east":{"uv":[4.75,5.25,3.5,6],"texture":"#particle"},"south":{"uv":[0,0,0,2.5],"texture":"#particle"},"west":{"uv":[3.5,5.25,4.75,6],"texture":"#particle"},"up":{"uv":[0,0,0,4.5],"texture":"#particle"},"down":{"uv":[0,0,0,4.5],"texture":"#particle"}}},{"from":[7,11.75,10.5],"to":[9,14.25,16.5],"rotation":{"angle":22.5,"axis":"x","origin":[7,14.25,10.5]},"faces":{"east":{"uv":[3,3,0,4.25],"texture":"#particle"},"west":{"uv":[0,3,3,4.25],"texture":"#particle"},"up":{"uv":[0,5.25,3,6.25],"rotation":90,"texture":"#particle"},"down":{"uv":[0,5.25,3,4.25],"rotation":270,"texture":"#particle"}}},{"from":[7,11.75,16.5],"to":[9,15.25,21],"rotation":{"angle":22.5,"axis":"x","origin":[7,14.25,10.5]},"faces":{"east":{"uv":[5.25,2.5,3,4.25],"texture":"#particle"},"south":{"uv":[5.25,2.5,6.25,4.25],"texture":"#particle"},"west":{"uv":[3,2.5,5.25,4.25],"texture":"#particle"},"down":{"uv":[3,5.25,5.25,4.25],"rotation":270,"texture":"#particle"}}}]}