{"display":{"thirdperson_righthand":{"rotation":[-22.5,-180,35],"translation":[2,0,0.5]},"thirdperson_lefthand":{"rotation":[-22.5,-180,-50],"translation":[-2,0,0.5]},"firstperson_righthand":{"rotation":[-51,-180,0],"translation":[1.5,1.25,0]},"firstperson_lefthand":{"rotation":[-51,-180,0],"translation":[-3,1.25,0]},"ground":{"translation":[-1.75,0.5,-0.5]},"gui":{"rotation":[30,135,0],"translation":[1.5,-0.75,0],"scale":[1.5,1.5,1.5]},"head":{"translation":[0,5.75,-1],"scale":[1.9,1.9,1.9]},"fixed":{"rotation":[-90,0,0],"translation":[-3.25,-0.75,-4.75],"scale":[1.58,1.58,1.58]}},"texture_size":[32,32],"textures":{"0":"./pilotka_reich","particle":"./pilotka_reich"},"elements":[{"from":[8,5,4.5],"to":[12,9,12.5],"rotation":{"angle":0,"axis":"y","origin":[8,8.5,8]},"faces":{"north":{"uv":[0,0,2,2],"texture":"#0"},"east":{"uv":[8,0,12,2],"texture":"#0"},"south":{"uv":[6,0,8,2],"texture":"#0"},"west":{"uv":[2,0,6,2],"texture":"#0"},"up":{"uv":[0,2,2,6],"rotation":180,"texture":"#0"},"down":{"uv":[2,2,4,6],"texture":"#0"}}},{"from":[12,5,4.5],"to":[8,9,12.5],"rotation":{"angle":0,"axis":"y","origin":[8,8.5,8]},"faces":{"north":{"uv":[2,0,0,2],"texture":"#0"},"east":{"uv":[2,0,6,2],"texture":"#0"},"south":{"uv":[8,0,6,2],"texture":"#0"},"west":{"uv":[8,0,12,2],"texture":"#0"},"up":{"uv":[2,2,0,6],"rotation":180,"texture":"#0"},"down":{"uv":[4,2,2,6],"texture":"#0"}}}]}