{"display":{"thirdperson_righthand":{"rotation":[-48,0,0],"translation":[0,2.25,-3.5]},"thirdperson_lefthand":{"rotation":[-48,0,0],"translation":[0,2.25,-3.5]},"ground":{"translation":[0,4.75,0]},"gui":{"rotation":[30,135,0],"translation":[0,1,0],"scale":[0.9,0.9,0.9]},"head":{"translation":[0,4,0],"scale":[1.9,1.9,1.9]},"fixed":{"rotation":[-90,0,0],"translation":[0,0,-11.75],"scale":[1.58,1.58,1.58]}},"texture_size":[32,32],"textures":{"0":"./reichmaht","particle":"./reichmaht"},"elements":[{"from":[3.5,7,2],"to":[12.5,7,5],"rotation":{"angle":-22.5,"axis":"x","origin":[3.5,7,4]},"faces":{"north":{"uv":[4,4,8,5.5],"texture":"#0"},"east":{"uv":[0,4,4,5.5],"texture":"#0"},"south":{"uv":[12,4,16,5.5],"texture":"#0"},"west":{"uv":[8,4,12,5.5],"texture":"#0"},"up":{"uv":[7,1.5,11.5,3],"rotation":180,"texture":"#0"},"down":{"uv":[7,1.5,11.5,3],"texture":"#0"}}},{"from":[3.5,3.5,12],"to":[12.5,7.5,12],"rotation":{"angle":-22.5,"axis":"x","origin":[3.5,6,12]},"faces":{"north":{"uv":[16,1.5,11.5,3.5],"texture":"#0"},"east":{"uv":[0,4,4,5.5],"rotation":90,"texture":"#0"},"south":{"uv":[11.5,1.5,16,3.5],"texture":"#0"},"west":{"uv":[8,4,12,5.5],"rotation":270,"texture":"#0"},"up":{"uv":[12,4,16,5.5],"texture":"#0"},"down":{"uv":[4,4,8,5.5],"rotation":180,"texture":"#0"}}},{"from":[4,7,4],"to":[12,11,12],"rotation":{"angle":0,"axis":"y","origin":[12,15,12]},"faces":{"north":{"uv":[4,3.5,8,5.5],"texture":"#0"},"east":{"uv":[0,3.5,4,5.5],"texture":"#0"},"south":{"uv":[12,3.5,16,5.5],"texture":"#0"},"west":{"uv":[8,3.5,12,5.5],"texture":"#0"},"up":{"uv":[4.5,10,8.5,14],"rotation":180,"texture":"#0"},"down":{"uv":[8.5,10,12.5,14],"texture":"#0"}}},{"from":[6.5,11,8],"to":[9.5,16,8],"rotation":{"angle":0,"axis":"y","origin":[14.5,19,16]},"faces":{"north":{"uv":[0,0,1.5,2.5],"texture":"#0"},"east":{"uv":[0,4,4,5.5],"texture":"#0"},"south":{"uv":[0,0,1.5,2.5],"texture":"#0"},"west":{"uv":[8,4,12,5.5],"texture":"#0"},"up":{"uv":[4,0,8,4],"rotation":180,"texture":"#0"},"down":{"uv":[6,2.5,6.5,3],"texture":"#0"}}},{"from":[8,11,6.5],"to":[8,16,9.5],"rotation":{"angle":0,"axis":"y","origin":[16,19,14.5]},"faces":{"north":{"uv":[4,4,8,5.5],"texture":"#0"},"east":{"uv":[0,0,1.5,2.5],"texture":"#0"},"south":{"uv":[12,4,16,5.5],"texture":"#0"},"west":{"uv":[0,0,1.5,2.5],"texture":"#0"},"up":{"uv":[4,0,8,4],"rotation":180,"texture":"#0"},"down":{"uv":[6,2.5,6.5,3],"texture":"#0"}}},{"from":[4,1,4],"to":[4,7,12],"rotation":{"angle":0,"axis":"y","origin":[12,9,12]},"faces":{"north":{"uv":[4,4,8,5.5],"texture":"#0"},"east":{"uv":[12,5.5,8,8.5],"texture":"#0"},"south":{"uv":[12,4,16,5.5],"texture":"#0"},"west":{"uv":[8,5.5,12,8.5],"texture":"#0"},"up":{"uv":[4,0,8,4],"rotation":180,"texture":"#0"},"down":{"uv":[6,2.5,6.5,3],"texture":"#0"}}},{"from":[4,0,12],"to":[12,7,12],"rotation":{"angle":0,"axis":"y","origin":[12,8,20]},"faces":{"north":{"uv":[16,5.5,12,9],"texture":"#0"},"east":{"uv":[0,4,4,5.5],"texture":"#0"},"south":{"uv":[12,5.5,16,9],"texture":"#0"},"west":{"uv":[8,4,12,5.5],"texture":"#0"},"up":{"uv":[4,0,8,4],"rotation":180,"texture":"#0"},"down":{"uv":[6,2.5,6.5,3],"texture":"#0"}}},{"from":[12,1,4],"to":[12,7,12],"rotation":{"angle":0,"axis":"y","origin":[20,9,12]},"faces":{"north":{"uv":[4,4,8,5.5],"texture":"#0"},"east":{"uv":[0,5.5,4,8.5],"texture":"#0"},"south":{"uv":[12,4,16,5.5],"texture":"#0"},"west":{"uv":[4,5.5,0,8.5],"texture":"#0"},"up":{"uv":[4,0,8,4],"rotation":180,"texture":"#0"},"down":{"uv":[6,2.5,6.5,3],"texture":"#0"}}}]}