{"display":{"thirdperson_righthand":{"rotation":[63.5,14.5,0.5],"translation":[-2.25,3,-3.75],"scale":[0.8,0.8,0.8]},"thirdperson_lefthand":{"rotation":[63.5,14.5,0.5],"translation":[-2.25,3,-3.75],"scale":[0.8,0.8,0.8]},"firstperson_righthand":{"rotation":[3,-0.5,2.5],"translation":[-0.5,-1.5,-6.5]},"firstperson_lefthand":{"rotation":[3,-0.5,2.5],"translation":[-0.5,-1.5,-6.5]},"ground":{"rotation":[0,0,90],"translation":[3.75,-1.75,-0.5],"scale":[0.8,0.8,0.8]},"gui":{"rotation":[-35,135,5],"translation":[0,-1.5,0],"scale":[0.42,0.42,0.42]},"head":{"rotation":[90,20,90],"translation":[2,-2,7.75]},"fixed":{"rotation":[0,90,0],"translation":[0.5,-4.5,-1]}},"texture_size":[64,48],"textures":{"0":"./db","particle":"./db"},"elements":[{"from":[8,9,12],"to":[8,10.5,17],"rotation":{"angle":0,"axis":"x","origin":[8,11,12]},"faces":{"north":{"uv":[0,0,0,3],"texture":"#0"},"east":{"uv":[7,5,4.5,6],"texture":"#0"},"south":{"uv":[0,0,0,3],"texture":"#0"},"west":{"uv":[4.5,5,7,6],"texture":"#0"},"up":{"uv":[0,0,0,2],"texture":"#0"},"down":{"uv":[0,0,0,2],"texture":"#0"}}},{"from":[7.25,11,19],"to":[8.75,12.5,21],"rotation":{"angle":-22.5,"axis":"x","origin":[7.25,12.5,21]},"faces":{"north":{"uv":[8.25,6.33333,8.5,6.66667],"texture":"#0"},"east":{"uv":[4.5,5,3.5,6],"texture":"#0"},"south":{"uv":[8,6.33333,8.25,6.66667],"texture":"#0"},"west":{"uv":[3.5,5,4.5,6],"texture":"#0"},"up":{"uv":[3.5,5,4.5,5.33333],"rotation":90,"texture":"#0"},"down":{"uv":[8,6.33333,8.25,6.66667],"texture":"#0"}}},{"from":[6.75,8,21],"to":[9.25,12.5,30],"rotation":{"angle":0,"axis":"x","origin":[8.75,8,28]},"faces":{"north":{"uv":[7,5,7.25,8],"texture":"#0"},"east":{"uv":[11.5,5,7,8],"texture":"#0"},"south":{"uv":[11.25,5,11.5,8],"texture":"#0"},"west":{"uv":[7,5,11.5,8],"texture":"#0"},"up":{"uv":[0,11,4.5,12.66667],"rotation":90,"texture":"#0"},"down":{"uv":[7,7.66667,11.5,8],"rotation":270,"texture":"#0"}}},{"from":[6.5,7,23.5],"to":[9.5,11.5,32],"rotation":{"angle":0,"axis":"x","origin":[8.5,7,30.5]},"faces":{"north":{"uv":[8.25,5.66667,8.5,8.66667],"texture":"#0"},"east":{"uv":[12.5,5.66667,8.25,8.66667],"texture":"#0"},"south":{"uv":[12.5,5.66667,14,8.66667],"texture":"#0"},"west":{"uv":[8.25,5.66667,12.5,8.66667],"texture":"#0"},"up":{"uv":[8.25,5.66667,12.5,6],"rotation":90,"texture":"#0"},"down":{"uv":[8.25,8.33333,12.5,8.66667],"rotation":270,"texture":"#0"}}},{"from":[6.75,10.5,10],"to":[9.25,13.5,16.5],"rotation":{"angle":0,"axis":"x","origin":[8.25,10.5,19]},"faces":{"north":{"uv":[0,7.33333,0.25,9.33333],"texture":"#0"},"east":{"uv":[3.25,7.33333,0,9.33333],"texture":"#0"},"south":{"uv":[3,7.33333,3.25,9.33333],"texture":"#0"},"west":{"uv":[0,7.33333,3.25,9.33333],"texture":"#0"},"up":{"uv":[0,9.33333,3.25,11],"rotation":90,"texture":"#0"},"down":{"uv":[0,9,3.25,9.33333],"rotation":270,"texture":"#0"}}},{"from":[7,10.5,16.5],"to":[9,13,22.5],"rotation":{"angle":22.5,"axis":"x","origin":[9,13,16.5]},"faces":{"north":{"uv":[0,0,2,2],"texture":"#0"},"east":{"uv":[6.25,7.33333,3.25,9],"texture":"#0"},"south":{"uv":[0,0,2,2],"texture":"#0"},"west":{"uv":[3.25,7.33333,6.25,9],"texture":"#0"},"up":{"uv":[3.25,7.33333,6.25,7.66667],"rotation":90,"texture":"#0"},"down":{"uv":[3.25,8.66667,6.25,9],"rotation":270,"texture":"#0"}}},{"from":[7.25,12.22103,20.90223],"to":[8.75,14.72103,25.40223],"rotation":{"angle":45,"axis":"x","origin":[9.25,13,16.5]},"faces":{"north":{"uv":[0,0,2,2],"texture":"#0"},"east":{"uv":[5.5,9,3.25,10.66667],"texture":"#0"},"south":{"uv":[3.25,9,3.5,10.66667],"texture":"#0"},"west":{"uv":[3.25,9,5.5,10.66667],"texture":"#0"},"up":{"uv":[9.25,1.33333,11.75,2.66667],"rotation":90,"texture":"#0"},"down":{"uv":[3.25,10.33333,5.5,10.66667],"rotation":270,"texture":"#0"}}},{"from":[6.5,13,13.59567],"to":[9.5,14.5,15.09567],"rotation":{"angle":0,"axis":"x","origin":[8,11.5,40.5]},"faces":{"north":{"uv":[1.5,5,0,6],"texture":"#0"},"east":{"uv":[15.5,0,14.75,1],"texture":"#0"},"south":{"uv":[0,5,1.5,6],"texture":"#0"},"west":{"uv":[14.75,0,15.5,1],"texture":"#0"},"up":{"uv":[14.75,1,15.5,3],"rotation":90,"texture":"#0"},"down":{"uv":[0,3,15.5,5],"rotation":270,"texture":"#0"}}},{"from":[8,14.5,-15.40433],"to":[8,15.5,-14.40433],"rotation":{"angle":-22.5,"axis":"x","origin":[8,13,10]},"faces":{"north":{"uv":[0,0,0,3],"texture":"#0"},"east":{"uv":[3.5,5,3,5.66667],"texture":"#0"},"south":{"uv":[0,0,0,3],"texture":"#0"},"west":{"uv":[3,5,3.5,5.66667],"texture":"#0"},"up":{"uv":[0,0,0,2],"texture":"#0"},"down":{"uv":[0,0,0,2],"texture":"#0"}}},{"from":[6.5,13,-15.90433],"to":[9.5,14.5,13.59567],"rotation":{"angle":-22.5,"axis":"x","origin":[8,13,10]},"faces":{"north":{"uv":[1.5,5,3,6],"texture":"#0"},"east":{"uv":[14.75,0,0,1],"texture":"#0"},"south":{"uv":[0,12.66667,1.5,13.66667],"texture":"#0"},"west":{"uv":[0,0,14.75,1],"texture":"#0"},"up":{"uv":[0,1,14.75,3],"rotation":90,"texture":"#0"},"down":{"uv":[0,3,14.75,5],"rotation":270,"texture":"#0"}}},{"from":[7,11,4],"to":[9,13,10],"rotation":{"angle":-22.5,"axis":"x","origin":[8,13,10]},"faces":{"north":{"uv":[3,6,4,7.33333],"texture":"#0"},"east":{"uv":[3,6,0,7.33333],"texture":"#0"},"south":{"uv":[3,6,4,7.33333],"texture":"#0"},"west":{"uv":[0,6,3,7.33333],"texture":"#0"},"up":{"uv":[2.5,0.66667,6,1],"rotation":90,"texture":"#0"},"down":{"uv":[3.5,6,7,7.33333],"rotation":270,"texture":"#0"}}}]}