{"display":{"thirdperson_righthand":{"rotation":[11,0,3],"translation":[-0.5,-2.75,0.25],"scale":[0.8,0.8,0.8]},"thirdperson_lefthand":{"rotation":[11,0,3],"translation":[-0.5,-2.75,0.25],"scale":[0.8,0.8,0.8]},"firstperson_righthand":{"rotation":[2,-3,2],"translation":[-0.75,-1,-1]},"firstperson_lefthand":{"rotation":[2,-3,2],"translation":[-0.75,-1,-1]},"ground":{"rotation":[0,0,90],"translation":[2.5,-1.5,0.5],"scale":[0.8,0.8,0.8]},"gui":{"rotation":[-30,135,5],"translation":[0.5,-4.25,0],"scale":[1.2,1.2,1.2]},"head":{"rotation":[0,67,90],"translation":[3.25,7.25,-2]},"fixed":{"rotation":[0,90,0],"translation":[1.25,-3.5,-0.75]}},"texture_size":[48,32],"textures":{"0":"./38sp","particle":"./38sp"},"elements":[{"from":[7.5,13,1],"to":[8.5,14.5,4],"rotation":{"angle":0,"axis":"y","origin":[15.5,21,9]},"faces":{"north":{"uv":[2,6.5,2.66667,8],"texture":"#0"},"east":{"uv":[2,6.5,0,8],"texture":"#0"},"south":{"uv":[0,0,1,1],"texture":"#0"},"west":{"uv":[0,6.5,2,8],"texture":"#0"},"up":{"uv":[0,8,2,9],"rotation":90,"texture":"#0"},"down":{"uv":[0,7.5,2,8],"rotation":270,"texture":"#0"}}},{"from":[6.75,12,5],"to":[9.25,14.5,7.5],"rotation":{"angle":0,"axis":"y","origin":[14.75,20,13]},"faces":{"north":{"uv":[7,0,8.66667,2.5],"texture":"#0"},"east":{"uv":[7,0,5,2.5],"texture":"#0"},"south":{"uv":[7,0,8.66667,2.5],"texture":"#0"},"west":{"uv":[5,0,7,2.5],"texture":"#0"},"up":{"uv":[5,0,7,2.5],"rotation":90,"texture":"#0"},"down":{"uv":[5,0,7,2.5],"rotation":270,"texture":"#0"}}},{"from":[7.25,11.5,4],"to":[8.75,15,8.5],"rotation":{"angle":0,"axis":"y","origin":[15.25,19.5,12]},"faces":{"north":{"uv":[3,0,4,3.5],"texture":"#0"},"east":{"uv":[3,0,0,3.5],"texture":"#0"},"south":{"uv":[4,0,5,3.5],"texture":"#0"},"west":{"uv":[0,0,3,3.5],"texture":"#0"},"up":{"uv":[0,3.5,3,5],"rotation":90,"texture":"#0"},"down":{"uv":[0,5,3,6.5],"rotation":270,"texture":"#0"}}},{"from":[8,9.5,5],"to":[8,11.5,9],"rotation":{"angle":0,"axis":"y","origin":[16,17.5,13]},"faces":{"north":{"uv":[0,0,0,1.25],"texture":"#0"},"east":{"uv":[14.66667,0,12,2],"texture":"#0"},"south":{"uv":[0,0,0,1.25],"texture":"#0"},"west":{"uv":[12,0,14.66667,2],"texture":"#0"},"up":{"uv":[0,0,0,2.25],"texture":"#0"},"down":{"uv":[0,0,0,2.25],"texture":"#0"}}},{"from":[8,14.5,1],"to":[8,15.5,4],"rotation":{"angle":0,"axis":"y","origin":[16,22.5,5]},"faces":{"north":{"uv":[0,0,0,1.25],"texture":"#0"},"east":{"uv":[2,9,0,10],"texture":"#0"},"south":{"uv":[0,0,0,1.25],"texture":"#0"},"west":{"uv":[0,9,2,10],"texture":"#0"},"up":{"uv":[0,0,0,2.25],"texture":"#0"},"down":{"uv":[0,0,0,2.25],"texture":"#0"}}},{"from":[8,12.5,8],"to":[8,14.5,11],"rotation":{"angle":0,"axis":"x","origin":[8,13.5,8.5]},"faces":{"north":{"uv":[0,0,0,1.25],"texture":"#0"},"east":{"uv":[2,10,0,12],"texture":"#0"},"south":{"uv":[0,0,0,1.25],"texture":"#0"},"west":{"uv":[0,10,2,12],"texture":"#0"},"up":{"uv":[0,0,0,2.25],"texture":"#0"},"down":{"uv":[0,0,0,2.25],"texture":"#0"}}},{"from":[7.25,11.5,8.5],"to":[8.75,13,11],"rotation":{"angle":0,"axis":"x","origin":[6.75,14,11]},"faces":{"north":{"uv":[3,3.5,3.33333,5],"texture":"#0"},"east":{"uv":[4.66667,3.5,3,5],"texture":"#0"},"south":{"uv":[4.33333,3.5,4.66667,5],"texture":"#0"},"west":{"uv":[3,3.5,4.66667,5],"texture":"#0"},"up":{"uv":[3,3.5,4.66667,4],"rotation":90,"texture":"#0"},"down":{"uv":[3,4.5,4.66667,5],"rotation":270,"texture":"#0"}}},{"from":[7,7.5,8.5],"to":[9,12.5,11],"rotation":{"angle":-22.5,"axis":"x","origin":[6.75,12.5,11]},"faces":{"north":{"uv":[6.66667,2.5,8,7.5],"texture":"#0"},"east":{"uv":[6.66667,2.5,5,7.5],"texture":"#0"},"south":{"uv":[8,2.5,9.33333,7.5],"texture":"#0"},"west":{"uv":[5,2.5,6.66667,7.5],"texture":"#0"},"up":{"uv":[5,2.5,6.66667,3],"rotation":90,"texture":"#0"},"down":{"uv":[5,7.5,6.66667,9.5],"rotation":270,"texture":"#0"}}}]}