{"display":{"thirdperson_righthand":{"rotation":[5,-17,5.5],"translation":[-1.75,-2.75,-0.25],"scale":[0.8,0.8,0.8]},"thirdperson_lefthand":{"rotation":[5,-17,5.5],"translation":[-1.75,-2.75,-0.25],"scale":[0.8,0.8,0.8]},"firstperson_righthand":{"rotation":[2.5,-11,2],"translation":[9.75,-1,0.25]},"firstperson_lefthand":{"translation":[-8.9,0.3,-2.5]},"ground":{"rotation":[0,0,90],"translation":[2,-1.5,3],"scale":[0.8,0.8,0.8]},"gui":{"rotation":[-30,135,5],"translation":[2,-4.25,0],"scale":[1.05,1.05,1.05]},"head":{"rotation":[0,67,90],"translation":[3.25,7.25,-2]},"fixed":{"rotation":[0,90,0],"translation":[3.5,-3,-0.75]}},"texture_size":[48,32],"textures":{"0":"./magnum","particle":"./magnum"},"elements":[{"from":[7.5,12.5,-3],"to":[8.5,14.5,4],"rotation":{"angle":0,"axis":"y","origin":[15.5,20.5,5]},"faces":{"north":{"uv":[4.66667,0,5.33333,2],"texture":"#0"},"east":{"uv":[4.66667,0,0,2],"texture":"#0"},"south":{"uv":[0,0,1,1],"texture":"#0"},"west":{"uv":[0,0,4.66667,2],"texture":"#0"},"up":{"uv":[0,2,4.66667,3],"rotation":90,"texture":"#0"},"down":{"uv":[0,3,4.66667,4],"rotation":270,"texture":"#0"}}},{"from":[6.75,12,5],"to":[9.25,14.5,8],"rotation":{"angle":0,"axis":"y","origin":[14.75,20,13]},"faces":{"north":{"uv":[7.33333,0,9,2.5],"texture":"#0"},"east":{"uv":[7.33333,0,5.33333,2.5],"texture":"#0"},"south":{"uv":[7.33333,0,9,2.5],"texture":"#0"},"west":{"uv":[5.33333,0,7.33333,2.5],"texture":"#0"},"up":{"uv":[5.33333,0,7.33333,2.5],"rotation":90,"texture":"#0"},"down":{"uv":[5.33333,0,7.33333,2.5],"rotation":270,"texture":"#0"}}},{"from":[7.25,11.5,4],"to":[8.75,15,8.5],"rotation":{"angle":0,"axis":"y","origin":[15.25,19.5,12]},"faces":{"north":{"uv":[3,5,4,8.5],"texture":"#0"},"east":{"uv":[3,5,0,8.5],"texture":"#0"},"south":{"uv":[4,5,5,8.5],"texture":"#0"},"west":{"uv":[0,5,3,8.5],"texture":"#0"},"up":{"uv":[0,8.5,3,10],"rotation":90,"texture":"#0"},"down":{"uv":[0,10,3,11.5],"rotation":270,"texture":"#0"}}},{"from":[8,9.5,5],"to":[8,11.5,9],"rotation":{"angle":0,"axis":"y","origin":[16,17.5,13]},"faces":{"north":{"uv":[0,0,0,1.25],"texture":"#0"},"east":{"uv":[12,2.5,9.33333,4.5],"texture":"#0"},"south":{"uv":[0,0,0,1.25],"texture":"#0"},"west":{"uv":[9.33333,2.5,12,4.5],"texture":"#0"},"up":{"uv":[0,0,0,2.25],"texture":"#0"},"down":{"uv":[0,0,0,2.25],"texture":"#0"}}},{"from":[8,14.5,-3],"to":[8,15.5,4],"rotation":{"angle":0,"axis":"y","origin":[16,22.5,5]},"faces":{"north":{"uv":[0,0,0,1.25],"texture":"#0"},"east":{"uv":[4.66667,4,0,5],"texture":"#0"},"south":{"uv":[0,0,0,1.25],"texture":"#0"},"west":{"uv":[0,4,4.66667,5],"texture":"#0"},"up":{"uv":[0,0,0,2.25],"texture":"#0"},"down":{"uv":[0,0,0,2.25],"texture":"#0"}}},{"from":[8,12.5,8],"to":[8,14.5,10.5],"rotation":{"angle":22.5,"axis":"x","origin":[8,13.5,8.5]},"faces":{"north":{"uv":[0,0,0,1.25],"texture":"#0"},"east":{"uv":[15.66667,0,14,2],"texture":"#0"},"south":{"uv":[0,0,0,1.25],"texture":"#0"},"west":{"uv":[14,0,15.66667,2],"texture":"#0"},"up":{"uv":[0,0,0,2.25],"texture":"#0"},"down":{"uv":[0,0,0,2.25],"texture":"#0"}}},{"from":[7.25,10.5,8.5],"to":[8.75,13,11],"rotation":{"angle":0,"axis":"x","origin":[6.75,13,11]},"faces":{"north":{"uv":[12.33333,0,12.66667,2.5],"texture":"#0"},"east":{"uv":[14,0,12.33333,2.5],"texture":"#0"},"south":{"uv":[13.66667,0,14,2.5],"texture":"#0"},"west":{"uv":[12.33333,0,14,2.5],"texture":"#0"},"up":{"uv":[12.33333,0,14,0.5],"rotation":90,"texture":"#0"},"down":{"uv":[12.33333,2,14,2.5],"rotation":270,"texture":"#0"}}},{"from":[7,7.5,8.5],"to":[9,13,11],"rotation":{"angle":-22.5,"axis":"x","origin":[6.75,13,11]},"faces":{"north":{"uv":[6.66667,2.5,8,8],"texture":"#0"},"east":{"uv":[6.66667,2.5,5,8],"texture":"#0"},"south":{"uv":[8,2.5,9.33333,8],"texture":"#0"},"west":{"uv":[5,2.5,6.66667,8],"texture":"#0"},"up":{"uv":[5,2.5,6.66667,3],"rotation":90,"texture":"#0"},"down":{"uv":[8.66667,4.5,10,5],"texture":"#0"}}},{"from":[6.75,6.91866,10.10476],"to":[9.25,7.91866,13.10476],"rotation":{"angle":0,"axis":"x","origin":[6.75,13,11]},"faces":{"north":{"uv":[5,8,5.33333,9],"texture":"#0"},"east":{"uv":[7,8,5,9],"texture":"#0"},"south":{"uv":[6.66667,8,7,9],"rotation":90,"texture":"#0"},"west":{"uv":[5,8,7,9],"texture":"#0"},"up":{"uv":[5,8,7,8.5],"rotation":90,"texture":"#0"},"down":{"uv":[5,8.5,7,9],"rotation":270,"texture":"#0"}}}]}