{"display":{"thirdperson_righthand":{"rotation":[-6,10,5.5],"translation":[-0.75,-3.25,0.25],"scale":[0.8,0.8,0.8]},"thirdperson_lefthand":{"rotation":[-6,10,5.5],"translation":[-0.75,-3.25,0.25],"scale":[0.8,0.8,0.8]},"firstperson_righthand":{"rotation":[2,-3,2],"translation":[-0.75,-1,-1]},"firstperson_lefthand":{"rotation":[2,-3,2],"translation":[-0.75,-1,-1]},"ground":{"rotation":[0,0,90],"translation":[2.75,-1.5,2],"scale":[0.8,0.8,0.8]},"gui":{"rotation":[-30,135,5],"translation":[1.5,-4.75,0],"scale":[1.17,1.17,1.17]},"head":{"rotation":[0,67,90],"translation":[3.25,7.25,-2]},"fixed":{"rotation":[0,90,0],"translation":[2,-4,-0.75]}},"texture_size":[48,32],"textures":{"0":"./olsheriff","particle":"./olsheriff"},"elements":[{"from":[6.75,12.5,6],"to":[9.25,15,7.5],"rotation":{"angle":0,"axis":"y","origin":[14.75,20.5,14]},"faces":{"north":{"uv":[9,2.5,10.66667,5],"texture":"#0"},"east":{"uv":[9,2.5,8,5],"texture":"#0"},"south":{"uv":[9,2.5,10.66667,5],"texture":"#0"},"west":{"uv":[8,2.5,9,5],"texture":"#0"},"up":{"uv":[8,2.5,9,5],"rotation":90,"texture":"#0"},"down":{"uv":[8,2.5,9,5],"rotation":270,"texture":"#0"}}},{"from":[7.25,12,2.5],"to":[8.75,12.5,6],"rotation":{"angle":0,"axis":"y","origin":[15.25,20,10.5]},"faces":{"north":{"uv":[4,6,5,6.5],"texture":"#0"},"east":{"uv":[2.33333,3,0,3.5],"texture":"#0"},"west":{"uv":[0,3,2.33333,3.5],"texture":"#0"},"up":{"uv":[0,5,2.33333,6.5],"rotation":90,"texture":"#0"},"down":{"uv":[0,5,2.33333,6.5],"rotation":270,"texture":"#0"}}},{"from":[7.25,12,6],"to":[8.75,15.5,8.5],"rotation":{"angle":0,"axis":"y","origin":[15.25,20,11.5]},"faces":{"north":{"uv":[5,3.5,6,7],"texture":"#0"},"east":{"uv":[4,0,2.33333,3.5],"texture":"#0"},"south":{"uv":[5,0,6,3.5],"texture":"#0"},"west":{"uv":[2.33333,0,4,3.5],"texture":"#0"},"up":{"uv":[2.33333,3.5,4,5],"rotation":90,"texture":"#0"},"down":{"uv":[2.33333,5,4,6.5],"rotation":270,"texture":"#0"}}},{"from":[8,10,5.5],"to":[8,12,9.5],"rotation":{"angle":0,"axis":"y","origin":[16,18,13.5]},"faces":{"north":{"uv":[0,0,0,1.25],"texture":"#0"},"east":{"uv":[7,12,4.33333,14],"texture":"#0"},"south":{"uv":[0,0,0,1.25],"texture":"#0"},"west":{"uv":[4.33333,12,7,14],"texture":"#0"},"up":{"uv":[0,0,0,2.25],"texture":"#0"},"down":{"uv":[0,0,0,2.25],"texture":"#0"}}},{"from":[8,13,8],"to":[8,15,11],"rotation":{"angle":0,"axis":"x","origin":[8,14,8.5]},"faces":{"north":{"uv":[0,0,0,1.25],"texture":"#0"},"east":{"uv":[4.66667,6.5,2.66667,8.5],"texture":"#0"},"south":{"uv":[0,0,0,1.25],"texture":"#0"},"west":{"uv":[2.66667,6.5,4.66667,8.5],"texture":"#0"},"up":{"uv":[0,0,0,2.25],"texture":"#0"},"down":{"uv":[0,0,0,2.25],"texture":"#0"}}},{"from":[7.25,11,8.5],"to":[8.75,13.5,11.5],"rotation":{"angle":0,"axis":"x","origin":[6.75,13.5,11]},"faces":{"north":{"uv":[6,8,6.33333,10.5],"texture":"#0"},"east":{"uv":[8,8,6,10.5],"texture":"#0"},"south":{"uv":[7.66667,8,8,10.5],"texture":"#0"},"west":{"uv":[6,8,8,10.5],"texture":"#0"},"up":{"uv":[6,10.5,8,12],"rotation":90,"texture":"#0"},"down":{"uv":[6,10,8,10.5],"rotation":270,"texture":"#0"}}},{"from":[7,7.5,9],"to":[9,13,11.5],"rotation":{"angle":-22.5,"axis":"x","origin":[6.75,13,11.5]},"faces":{"north":{"uv":[1.66667,10,3,15.5],"texture":"#0"},"east":{"uv":[1.66667,10,0,15.5],"texture":"#0"},"south":{"uv":[3,10,4.33333,15.5],"texture":"#0"},"west":{"uv":[0,10,1.66667,15.5],"texture":"#0"},"up":{"uv":[0,10,1.66667,10.5],"rotation":90,"texture":"#0"},"down":{"uv":[4.33333,10,6,12],"rotation":270,"texture":"#0"}}},{"from":[8,12.5,-1.5],"to":[8,16,2.5],"rotation":{"angle":-45,"axis":"x","origin":[8,12.5,2.5]},"faces":{"north":{"uv":[0,0,0,1.25],"texture":"#0"},"east":{"uv":[2.66667,6.5,0,10],"texture":"#0"},"south":{"uv":[0,0,0,1.25],"texture":"#0"},"west":{"uv":[0,6.5,2.66667,10],"texture":"#0"},"up":{"uv":[0,0,0,2.25],"texture":"#0"},"down":{"uv":[0,0,0,2.25],"texture":"#0"}}},{"from":[7.25,13.5,-1.5],"to":[8.75,15,2.5],"rotation":{"angle":-45,"axis":"x","origin":[8,12.5,2.5]},"faces":{"north":{"uv":[8.66667,5,9.66667,6.5],"texture":"#0"},"east":{"uv":[8.66667,5,6,6.5],"texture":"#0"},"west":{"uv":[6,5,8.66667,6.5],"texture":"#0"},"up":{"uv":[6,6.5,8.66667,8],"rotation":90,"texture":"#0"},"down":{"uv":[6,6,8.66667,6.5],"rotation":270,"texture":"#0"}}},{"from":[7.25,12.5,2.5],"to":[8.75,15.5,6],"rotation":{"angle":-45,"axis":"x","origin":[8,12.5,2.5]},"faces":{"north":{"uv":[4,3,5,6],"texture":"#0"},"east":{"uv":[2.33333,0,0,3],"texture":"#0"},"south":{"uv":[4,0,5,3],"texture":"#0"},"west":{"uv":[0,0,2.33333,3],"texture":"#0"},"up":{"uv":[0,3.5,2.33333,5],"rotation":90,"texture":"#0"},"down":{"uv":[0,2.5,2.33333,3],"rotation":270,"texture":"#0"}}},{"from":[6.75,12.5,3],"to":[9.25,15,6],"rotation":{"angle":-45,"axis":"x","origin":[8,12.5,2.5]},"faces":{"north":{"uv":[8,0,9.66667,2.5],"texture":"#0"},"east":{"uv":[8,2.5,6,5],"texture":"#0"},"south":{"uv":[8,0,9.66667,2.5],"texture":"#0"},"west":{"uv":[6,2.5,8,5],"texture":"#0"},"up":{"uv":[6,0,8,2.5],"rotation":90,"texture":"#0"},"down":{"uv":[6,0,8,2.5],"rotation":270,"texture":"#0"}}}]}