{"display":{"thirdperson_righthand":{"rotation":[7,-14,5],"translation":[0,-4.75,4],"scale":[0.8,0.8,0.8]},"thirdperson_lefthand":{"rotation":[7,-14,5],"translation":[0,-4.75,4],"scale":[0.8,0.8,0.8]},"firstperson_righthand":{"rotation":[2.5,-10,2.5],"translation":[8.05,-6.8,7]},"firstperson_lefthand":{"translation":[-8.9,-7,1]},"ground":{"rotation":[0,0,90],"translation":[7,-0.5,2.25],"scale":[0.8,0.8,0.8]},"gui":{"rotation":[-30,140,0],"translation":[-1,-3,0],"scale":[0.5,0.5,0.5]},"head":{"translation":[0,-2.75,-3],"scale":[1.33,1.33,1.33]},"fixed":{"rotation":[0,90,0],"translation":[1.75,-6.75,-0.25]}},"texture_size":[64,64],"textures":{"0":"./black_box","particle":"./black_box"},"elements":[{"from":[7.25,9.75,-4.75],"to":[8.75,14.75,-2.75],"rotation":{"angle":0,"axis":"y","origin":[16.75,18,3.75]},"faces":{"north":{"uv":[1,8.25,1.75,10.75],"texture":"#0"},"east":{"uv":[1,8.25,0,10.75],"texture":"#0"},"south":{"uv":[1,8.25,1.75,10.75],"texture":"#0"},"west":{"uv":[0,8.25,1,10.75],"texture":"#0"},"down":{"uv":[0,10.5,1,10.75],"rotation":270,"texture":"#0"}}},{"from":[7.25,9.25,3.25],"to":[8.75,14.75,5.25],"rotation":{"angle":0,"axis":"y","origin":[16.75,17.25,11.25]},"faces":{"north":{"uv":[3.25,8.25,4,11],"texture":"#0"},"east":{"uv":[1.75,8.25,2.75,11],"texture":"#0"},"south":{"uv":[3.25,8.25,4,11],"texture":"#0"},"west":{"uv":[1.75,8.25,2.75,11],"texture":"#0"},"down":{"uv":[1.75,10.75,2.75,11],"rotation":90,"texture":"#0"}}},{"from":[8,12.75,5.25],"to":[8,14.75,6.25],"rotation":{"angle":0,"axis":"y","origin":[17.5,20.75,13.25]},"faces":{"north":{"uv":[0,0,0,0.66667],"texture":"#0"},"east":{"uv":[3.25,8.25,2.75,9.25],"texture":"#0"},"south":{"uv":[0,0,0,0.66667],"texture":"#0"},"west":{"uv":[2.75,8.25,3.25,9.25],"texture":"#0"},"up":{"uv":[0,0,0,1.2],"texture":"#0"},"down":{"uv":[0,0,0,1.2],"texture":"#0"}}},{"from":[8,9.75,-5.75],"to":[8,14.75,-4.75],"rotation":{"angle":0,"axis":"y","origin":[17.5,17.75,2.25]},"faces":{"north":{"uv":[0,0,0,0.66667],"texture":"#0"},"east":{"uv":[4.5,8.25,4,10.75],"texture":"#0"},"south":{"uv":[0,0,0,0.66667],"texture":"#0"},"west":{"uv":[4,8.25,4.5,10.75],"texture":"#0"},"up":{"uv":[0,0,0,1.2],"texture":"#0"},"down":{"uv":[0,0,0,1.2],"texture":"#0"}}},{"from":[5.25,14.75,-6.25],"to":[10.75,20.25,18.75],"rotation":{"angle":0,"axis":"y","origin":[15,22,30.25]},"faces":{"north":{"uv":[12.5,0,15.25,2.75],"texture":"#0"},"east":{"uv":[12.5,0,0,2.75],"texture":"#0"},"south":{"uv":[12.5,0,15.25,2.75],"texture":"#0"},"west":{"uv":[0,0,12.5,2.75],"texture":"#0"},"up":{"uv":[0,2.75,12.5,5.5],"rotation":90,"texture":"#0"},"down":{"uv":[0,5.5,12.5,8.25],"rotation":270,"texture":"#0"}}},{"from":[5.75,15.25,18.75],"to":[10.25,19.75,30.25],"rotation":{"angle":0,"axis":"y","origin":[15.5,22.5,55.25]},"faces":{"north":{"uv":[12.5,0,15.25,2.75],"texture":"#0"},"east":{"uv":[5.75,11,0,13.25],"texture":"#0"},"south":{"uv":[5.75,11,8,13.25],"texture":"#0"},"west":{"uv":[0,11,5.75,13.25],"texture":"#0"},"up":{"uv":[0,11,5.75,13.25],"rotation":90,"texture":"#0"},"down":{"uv":[0,11,5.75,13.25],"rotation":270,"texture":"#0"}}},{"from":[5.25,9.25,-6.75],"to":[10.75,14.75,-5.75],"rotation":{"angle":0,"axis":"x","origin":[8,14.75,-6.25]},"faces":{"north":{"uv":[12.5,2.75,15.25,5.5],"texture":"#0"},"east":{"uv":[15.25,2.75,15.75,5.5],"rotation":180,"texture":"#0"},"south":{"uv":[12.5,5.5,15.25,8.25],"texture":"#0"},"west":{"uv":[15.25,2.75,15.75,5.5],"texture":"#0"},"up":{"uv":[15.25,2.75,15.75,5.5],"rotation":90,"texture":"#0"},"down":{"uv":[15.25,2.75,15.75,5.5],"rotation":270,"texture":"#0"}}},{"from":[5.25,9.25,17.75],"to":[10.75,14.75,19.25],"rotation":{"angle":0,"axis":"x","origin":[8,14.75,18.75]},"faces":{"north":{"uv":[12.5,5.5,15.25,8.25],"texture":"#0"},"east":{"uv":[15.25,5.5,16,8.25],"texture":"#0"},"south":{"uv":[12.5,2.75,15.25,5.5],"texture":"#0"},"west":{"uv":[15.25,5.5,16,8.25],"rotation":180,"texture":"#0"},"up":{"uv":[15.25,5.5,16,8.25],"rotation":90,"texture":"#0"},"down":{"uv":[15.25,5.5,16,8.25],"rotation":90,"texture":"#0"}}}]}