{"display":{"thirdperson_righthand":{"rotation":[7,-14,5],"translation":[0,-4.75,3.25],"scale":[0.8,0.8,0.8]},"thirdperson_lefthand":{"rotation":[7,-14,5],"translation":[0,-4.75,3.25],"scale":[0.8,0.8,0.8]},"firstperson_righthand":{"rotation":[2.5,-10,2.5],"translation":[8.05,-6.8,7]},"firstperson_lefthand":{"translation":[-8.9,-7,1]},"ground":{"rotation":[0,0,90],"translation":[7,-0.75,-1.75],"scale":[0.8,0.8,0.8]},"gui":{"rotation":[-30,140,0],"translation":[0,-3.5,0],"scale":[0.49,0.49,0.49]},"head":{"translation":[0,0,0.5],"scale":[1.33,1.33,1.33]},"fixed":{"rotation":[0,90,0],"translation":[-1,-6.75,-0.75]}},"texture_size":[64,64],"textures":{"0":"./rocket_launcher","1":"./rocket","particle":"./rocket_launcher"},"elements":[{"from":[6.5,15,-8.75],"to":[9.5,18,-3.25],"rotation":{"angle":0,"axis":"y","origin":[14.5,23,-0.75]},"faces":{"north":{"uv":[0,1.5,1.5,3],"texture":"#0"},"east":{"uv":[2.5,0,5.25,1.5],"texture":"#0"},"south":{"uv":[0,0,3,3],"texture":"#0"},"west":{"uv":[0,0,2.75,1.5],"texture":"#0"},"up":{"uv":[0,3,1.5,5.75],"rotation":180,"texture":"#0"},"down":{"uv":[0,3,1.5,5.75],"texture":"#0"}}},{"from":[6.75,15.25,-10.75],"to":[9.25,17.75,-8.75],"rotation":{"angle":0,"axis":"y","origin":[14.75,23.25,-2.75]},"faces":{"east":{"uv":[0,0,4,5],"rotation":180,"texture":"#1"},"west":{"uv":[0,0,4,5],"texture":"#1"},"up":{"uv":[0,0,4,5],"rotation":90,"texture":"#1"},"down":{"uv":[0,0,4,5],"rotation":270,"texture":"#1"}}},{"from":[6.25,14.75,-12.25],"to":[9.75,18.25,-10.75],"rotation":{"angle":0,"axis":"y","origin":[14.25,22.75,-4.25]},"faces":{"north":{"uv":[7,0,14,7],"texture":"#1"},"east":{"uv":[4,0,7,7],"rotation":180,"texture":"#1"},"south":{"uv":[7,0,14,7],"texture":"#1"},"west":{"uv":[4,0,7,7],"texture":"#1"},"up":{"uv":[4,0,7,7],"rotation":90,"texture":"#1"},"down":{"uv":[4,0,7,7],"rotation":270,"texture":"#1"}}},{"from":[6.5,15,-15.25],"to":[9.5,18,-12.25],"rotation":{"angle":0,"axis":"y","origin":[14.5,23,-7.25]},"faces":{"north":{"uv":[0,7,6,13],"texture":"#1"},"east":{"uv":[5,7,11,13],"rotation":180,"texture":"#1"},"west":{"uv":[5,7,11,13],"texture":"#1"},"up":{"uv":[5,7,11,13],"rotation":90,"texture":"#1"},"down":{"uv":[5,7,11,13],"rotation":270,"texture":"#1"}}},{"from":[7.25,10,-4],"to":[8.75,15,-2],"rotation":{"angle":0,"axis":"y","origin":[15.25,18,4]},"faces":{"north":{"uv":[13.75,0,14.5,2.5],"texture":"#0"},"east":{"uv":[13.25,2.5,14.25,5],"texture":"#0"},"south":{"uv":[13.75,0,14.5,2.5],"texture":"#0"},"west":{"uv":[13.25,2.5,14.25,5],"texture":"#0"},"up":{"uv":[0,0,0.4,0.53333],"texture":"#0"},"down":{"uv":[13.25,5,14,6],"texture":"#0"}}},{"from":[7.25,9.25,3.5],"to":[8.75,14.75,5.5],"rotation":{"angle":0,"axis":"y","origin":[15.25,17.25,11.5]},"faces":{"north":{"uv":[8.25,6.75,9,9.5],"texture":"#0"},"east":{"uv":[9,6.75,10,9.5],"texture":"#0"},"south":{"uv":[10,6.75,10.75,9.5],"texture":"#0"},"west":{"uv":[10.75,6.75,11.75,9.5],"texture":"#0"},"up":{"uv":[0,0,1.5,2],"texture":"#0"},"down":{"uv":[13.25,5,14,6],"texture":"#0"}}},{"from":[8,12.25,1.5],"to":[8,14.75,6],"rotation":{"angle":0,"axis":"y","origin":[16,20.25,9.5]},"faces":{"north":{"uv":[0,0,0,0.66667],"texture":"#0"},"east":{"uv":[12.75,10.5,15,11.75],"texture":"#0"},"south":{"uv":[0,0,0,0.66667],"texture":"#0"},"west":{"uv":[12.75,9.25,15,10.5],"texture":"#0"},"up":{"uv":[0,0,0,1.2],"texture":"#0"},"down":{"uv":[0,0,0,1.2],"texture":"#0"}}},{"from":[5.5,16.9,-6.75],"to":[8.5,21.4,-6.75],"rotation":{"angle":0,"axis":"y","origin":[13.5,24.9,1.25]},"faces":{"north":{"uv":[6.75,4.25,8.25,6.5],"texture":"#0"},"east":{"uv":[0,0,0,1.33333],"texture":"#0"},"south":{"uv":[6.75,6.5,8.25,8.75],"texture":"#0"},"west":{"uv":[0,0,0,1.33333],"texture":"#0"},"up":{"uv":[0,0,0.8,0],"texture":"#0"},"down":{"uv":[0,0,0.8,0],"texture":"#0"}}},{"from":[6.5,15,9.25],"to":[9.5,18,13.75],"rotation":{"angle":0,"axis":"y","origin":[14.5,23,17.25]},"faces":{"north":{"uv":[0,0,0.8,0.8],"texture":"#0"},"east":{"uv":[1.5,3,3.75,4.5],"texture":"#0"},"south":{"uv":[0,0,0.8,0.8],"texture":"#0"},"west":{"uv":[1.5,1.5,3.75,3],"texture":"#0"},"up":{"uv":[1.5,1.5,3.75,3],"rotation":90,"texture":"#0"},"down":{"uv":[1.5,1.5,3.75,3],"rotation":270,"texture":"#0"}}},{"from":[5.5,14,22.25],"to":[10.5,19,26.25],"rotation":{"angle":0,"axis":"y","origin":[13.5,22,30.25]},"faces":{"north":{"uv":[9,4.25,11.5,6.75],"texture":"#0"},"east":{"uv":[5.75,1.75,7.75,4.25],"rotation":180,"texture":"#0"},"south":{"uv":[0,0,5,5],"texture":"#0"},"west":{"uv":[5.75,1.75,7.75,4.25],"texture":"#0"},"up":{"uv":[5.75,1.75,7.75,4.25],"rotation":90,"texture":"#0"},"down":{"uv":[5.75,1.75,7.75,4.25],"rotation":270,"texture":"#0"}}},{"from":[5,13.5,26.25],"to":[11,19.5,27.25],"rotation":{"angle":0,"axis":"y","origin":[13,21.5,34.25]},"faces":{"north":{"uv":[12,6.25,15,9.25],"texture":"#0"},"east":{"uv":[14.5,0,15,3],"rotation":180,"texture":"#0"},"south":{"uv":[3.75,5.5,6.75,8.5],"texture":"#0"},"west":{"uv":[14.5,0,15,3],"texture":"#0"},"up":{"uv":[14.5,0,15,3],"rotation":90,"texture":"#0"},"down":{"uv":[14.5,0,15,3],"rotation":270,"texture":"#0"}}},{"from":[6.25,14.75,19.25],"to":[9.75,18.25,22.25],"rotation":{"angle":0,"axis":"y","origin":[14.25,22.75,27.25]},"faces":{"north":{"uv":[0,0,3.5,3.5],"texture":"#0"},"east":{"uv":[3.75,3.75,5.25,5.5],"rotation":180,"texture":"#0"},"south":{"uv":[0,0,3.5,3.5],"texture":"#0"},"west":{"uv":[3.75,3.75,5.25,5.5],"texture":"#0"},"up":{"uv":[3.75,3.75,5.25,5.5],"rotation":90,"texture":"#0"},"down":{"uv":[3.75,3.75,5.25,5.5],"rotation":270,"texture":"#0"}}},{"from":[6,14.5,13.75],"to":[10,18.5,18.25],"rotation":{"angle":0,"axis":"y","origin":[14,22.5,21.75]},"faces":{"north":{"uv":[3.75,1.75,5.75,3.75],"texture":"#0"},"east":{"uv":[1.5,6.5,3.75,8.5],"texture":"#0"},"south":{"uv":[0,0,4,4],"texture":"#0"},"west":{"uv":[1.5,4.5,3.75,6.5],"texture":"#0"},"up":{"uv":[1.5,4.5,3.75,6.5],"rotation":90,"texture":"#0"},"down":{"uv":[1.5,4.5,3.75,6.5],"rotation":270,"texture":"#0"}}},{"from":[5.5,14,18.25],"to":[10.5,19,19.25],"rotation":{"angle":0,"axis":"y","origin":[13.5,22,26.25]},"faces":{"north":{"uv":[9,1.75,11.5,4.25],"texture":"#0"},"east":{"uv":[13.25,0,13.75,2.5],"rotation":180,"texture":"#0"},"south":{"uv":[5,6.75,5.26575,7.01575],"texture":"#0"},"west":{"uv":[13.25,0,13.75,2.5],"texture":"#0"},"up":{"uv":[13.25,0,13.75,2.5],"rotation":90,"texture":"#0"},"down":{"uv":[13.25,0,13.75,2.5],"rotation":270,"texture":"#0"}}},{"from":[6.25,14.75,-3.25],"to":[9.75,18.25,9.25],"rotation":{"angle":0,"axis":"y","origin":[14.25,22.75,4.75]},"faces":{"north":{"uv":[11.5,0,11.75,0.25],"texture":"#0"},"east":{"uv":[5.25,0,11.5,1.75],"texture":"#0"},"south":{"uv":[0.5328,2.13333,0.7992,2.39973],"texture":"#0"},"west":{"uv":[5.25,0,11.5,1.75],"texture":"#0"},"up":{"uv":[11.5,0,13.25,6.25],"texture":"#0"},"down":{"uv":[11.5,0,13.25,6.25],"rotation":180,"texture":"#0"}}},{"from":[10.25,15.75,-2.5],"to":[10.25,18.75,8.5],"rotation":{"angle":0,"axis":"y","origin":[15.25,23.75,5.5]},"faces":{"north":{"uv":[8,2.25,8.5,2.75],"texture":"#0"},"east":{"uv":[0,10,5.5,11.5],"texture":"#0"},"south":{"uv":[8,2,8.5,2.5],"texture":"#0"},"west":{"uv":[5.5,10,0,11.5],"texture":"#0"},"up":{"uv":[0,8.5,5.5,10],"rotation":270,"texture":"#0"},"down":{"uv":[8,2.5,8.5,3.09925],"texture":"#0"}}},{"from":[7.25,18.75,-2.5],"to":[10.25,18.75,8.5],"rotation":{"angle":0,"axis":"y","origin":[15.25,23.75,5.5]},"faces":{"north":{"uv":[8,2.25,8.5,2.75],"texture":"#0"},"east":{"uv":[0,10,5.5,11.5],"texture":"#0"},"south":{"uv":[8,2,8.5,2.5],"texture":"#0"},"west":{"uv":[8,2.25,8.59925,3.01575],"texture":"#0"},"up":{"uv":[0,8.5,5.5,10],"rotation":270,"texture":"#0"},"down":{"uv":[0,10,5.5,8.5],"rotation":90,"texture":"#0"}}}]}