{"display":{"thirdperson_righthand":{"rotation":[62,0,0],"translation":[0,9.25,17.75]},"thirdperson_lefthand":{"rotation":[62,0,0],"translation":[0,9.25,17.75]},"firstperson_righthand":{"rotation":[9,-179,4],"translation":[9,25,-3],"scale":[2.2,2.2,2.2]},"firstperson_lefthand":{"rotation":[9,-179,4],"translation":[9,25,-3],"scale":[2.2,2.2,2.2]},"ground":{"translation":[0,3,0],"scale":[0.25,0.25,0.25]},"gui":{"rotation":[10,-45,-37],"translation":[-0.25,-0.75,-10],"scale":[0.4,0.4,0.4]},"head":{"translation":[0,28.75,7.5],"scale":[1.6,1.6,1.6]},"fixed":{"rotation":[0,-180,0],"translation":[0,0,-1],"scale":[2,2,2]}},"texture_size":[64,64],"textures":{"particle":"./d_musik","layer0":"./d_musik"},"elements":[{"from":[7.5,19,7.5],"to":[8.5,31,8.5],"faces":{"north":{"uv":[3,0.25,2.75,3.25],"texture":"#layer0"},"east":{"uv":[2.75,0.25,3,3.25],"texture":"#layer0"},"south":{"uv":[2.75,0.25,3,3.25],"texture":"#layer0"},"west":{"uv":[2.75,0.25,3,3.25],"texture":"#layer0"},"up":{"uv":[2.75,0.25,3,0.5],"texture":"#layer0"},"down":{"uv":[2.75,3,3,3.25],"texture":"#layer0"}}},{"from":[7.5,-14,7.5],"to":[8.5,16,8.5],"faces":{"north":{"uv":[3,4,2.75,11.5],"texture":"#layer0"},"east":{"uv":[2.75,4,3,11.5],"texture":"#layer0"},"south":{"uv":[2.75,4,3,11.5],"texture":"#layer0"},"west":{"uv":[2.75,4,3,11.5],"texture":"#layer0"},"up":{"uv":[2.75,4,3,4.25],"texture":"#layer0"},"down":{"uv":[2.75,11.25,3,11.5],"texture":"#layer0"}}},{"from":[8.5,30,7.5],"to":[10.5,32,8.5],"faces":{"north":{"uv":[3.5,0,3,0.5],"texture":"#layer0"},"east":{"uv":[3.25,0,3.5,0.5],"texture":"#layer0"},"south":{"uv":[3,0,3.5,0.5],"texture":"#layer0"},"west":{"uv":[3,0,3.25,0.5],"texture":"#layer0"},"up":{"uv":[3,0,3.5,0.25],"texture":"#layer0"},"down":{"uv":[3,0.25,3.5,0.5],"texture":"#layer0"}}},{"from":[5.5,30,7.5],"to":[7.5,32,8.5],"faces":{"north":{"uv":[2.75,0,2.25,0.5],"texture":"#layer0"},"east":{"uv":[3,0,3.25,0.5],"texture":"#layer0"},"south":{"uv":[2.25,0,2.75,0.5],"texture":"#layer0"},"west":{"uv":[3.25,0,3.5,0.5],"texture":"#layer0"},"up":{"uv":[2.25,0,2.75,0.25],"texture":"#layer0"},"down":{"uv":[2.25,0.25,2.75,0.5],"texture":"#layer0"}}},{"from":[3.5,31,7.5],"to":[5.5,32,8.5],"faces":{"north":{"uv":[2.25,0,1.75,0.25],"texture":"#layer0"},"south":{"uv":[1.75,0,2.25,0.25],"texture":"#layer0"},"west":{"uv":[1.75,0,2,0.25],"texture":"#layer0"},"up":{"uv":[1.75,0,2.25,0.25],"texture":"#layer0"},"down":{"uv":[1.75,0,2.25,0.25],"texture":"#layer0"}}},{"from":[10.5,31,7.5],"to":[12.5,32,8.5],"faces":{"north":{"uv":[4,0,3.5,0.25],"texture":"#layer0"},"east":{"uv":[3.75,0,4,0.25],"texture":"#layer0"},"south":{"uv":[3.5,0,4,0.25],"texture":"#layer0"},"up":{"uv":[3.5,0,4,0.25],"texture":"#layer0"},"down":{"uv":[3.5,0,4,0.25],"texture":"#layer0"}}},{"from":[8.5,28,7.5],"to":[9.5,29,8.5],"faces":{"north":{"uv":[3.25,0.75,3,1],"texture":"#layer0"},"east":{"uv":[3,0.75,3.25,1],"texture":"#layer0"},"south":{"uv":[3,0.75,3.25,1],"texture":"#layer0"},"up":{"uv":[3,0.75,3.25,1],"texture":"#layer0"},"down":{"uv":[3,0.75,3.25,1],"texture":"#layer0"}}},{"from":[8.5,4,7.5],"to":[9.5,5,8.5],"faces":{"north":{"uv":[3.25,0.75,3,1],"texture":"#layer0"},"east":{"uv":[3,0.75,3.25,1],"texture":"#layer0"},"south":{"uv":[3,0.75,3.25,1],"texture":"#layer0"},"up":{"uv":[3,0.75,3.25,1],"texture":"#layer0"},"down":{"uv":[3,0.75,3.25,1],"texture":"#layer0"}}},{"from":[8.5,6,7.5],"to":[9.5,7,8.5],"faces":{"north":{"uv":[3.25,0.75,3,1],"texture":"#layer0"},"east":{"uv":[3,0.75,3.25,1],"texture":"#layer0"},"south":{"uv":[3,0.75,3.25,1],"texture":"#layer0"},"up":{"uv":[3,0.75,3.25,1],"texture":"#layer0"},"down":{"uv":[3,0.75,3.25,1],"texture":"#layer0"}}},{"from":[8.5,13,7.5],"to":[9.5,14,8.5],"faces":{"north":{"uv":[3.25,0.75,3,1],"texture":"#layer0"},"east":{"uv":[3,0.75,3.25,1],"texture":"#layer0"},"south":{"uv":[3,0.75,3.25,1],"texture":"#layer0"},"up":{"uv":[3,0.75,3.25,1],"texture":"#layer0"},"down":{"uv":[3,0.75,3.25,1],"texture":"#layer0"}}},{"from":[6.5,28,7.5],"to":[7.5,29,8.5],"faces":{"north":{"uv":[2.75,0.75,2.5,1],"texture":"#layer0"},"south":{"uv":[2.5,0.75,2.75,1],"texture":"#layer0"},"west":{"uv":[2.5,0.75,2.75,1],"texture":"#layer0"},"up":{"uv":[2.5,0.75,2.75,1],"texture":"#layer0"},"down":{"uv":[2.5,0.75,2.75,1],"texture":"#layer0"}}},{"from":[6.5,4,7.5],"to":[7.5,5,8.5],"faces":{"north":{"uv":[2.75,0.75,2.5,1],"texture":"#layer0"},"south":{"uv":[2.5,0.75,2.75,1],"texture":"#layer0"},"west":{"uv":[2.5,0.75,2.75,1],"texture":"#layer0"},"up":{"uv":[2.5,0.75,2.75,1],"texture":"#layer0"},"down":{"uv":[2.5,0.75,2.75,1],"texture":"#layer0"}}},{"from":[6.5,13,7.5],"to":[7.5,14,8.5],"faces":{"north":{"uv":[2.75,0.75,2.5,1],"texture":"#layer0"},"south":{"uv":[2.5,0.75,2.75,1],"texture":"#layer0"},"west":{"uv":[2.5,0.75,2.75,1],"texture":"#layer0"},"up":{"uv":[2.5,0.75,2.75,1],"texture":"#layer0"},"down":{"uv":[2.5,0.75,2.75,1],"texture":"#layer0"}}},{"from":[6.5,6,7.5],"to":[7.5,7,8.5],"faces":{"north":{"uv":[2.75,0.75,2.5,1],"texture":"#layer0"},"south":{"uv":[2.5,0.75,2.75,1],"texture":"#layer0"},"west":{"uv":[2.5,0.75,2.75,1],"texture":"#layer0"},"up":{"uv":[2.5,0.75,2.75,1],"texture":"#layer0"},"down":{"uv":[2.5,0.75,2.75,1],"texture":"#layer0"}}},{"from":[5.5,-2,7.5],"to":[7.5,4,8.5],"faces":{"north":{"uv":[2.75,7,2.25,8.5],"texture":"#layer0"},"south":{"uv":[2.25,7,2.75,8.5],"texture":"#layer0"},"west":{"uv":[2.25,7,2.5,8.5],"texture":"#layer0"},"up":{"uv":[2.25,7,2.5,7.25],"texture":"#layer0"},"down":{"uv":[2.25,8.25,2.75,8.5],"texture":"#layer0"}}},{"from":[8.5,-2,7.5],"to":[10.5,4,8.5],"faces":{"north":{"uv":[3.5,7,3,8.5],"texture":"#layer0"},"east":{"uv":[3.25,7,3.5,8.5],"texture":"#layer0"},"south":{"uv":[3,7,3.5,8.5],"texture":"#layer0"},"up":{"uv":[3.25,7,3.5,7.25],"texture":"#layer0"},"down":{"uv":[3,8.25,3.5,8.5],"texture":"#layer0"}}},{"from":[10.5,-4,7.5],"to":[11.5,0,8.5],"faces":{"north":{"uv":[3.75,8,3.5,9],"texture":"#layer0"},"east":{"uv":[3.5,8,3.75,9],"texture":"#layer0"},"south":{"uv":[3.5,8,3.75,9],"texture":"#layer0"},"west":{"uv":[2,8,2.25,9],"texture":"#layer0"},"up":{"uv":[2,8,2.25,8.25],"texture":"#layer0"},"down":{"uv":[2,8.75,2.25,9],"texture":"#layer0"}}},{"from":[4.5,-4,7.5],"to":[5.5,0,8.5],"faces":{"north":{"uv":[3.75,8,3.5,9],"texture":"#layer0"},"east":{"uv":[3.5,8,3.75,9],"texture":"#layer0"},"south":{"uv":[3.5,8,3.75,9],"texture":"#layer0"},"west":{"uv":[2,8,2.25,9],"texture":"#layer0"},"up":{"uv":[2,8,2.25,8.25],"texture":"#layer0"},"down":{"uv":[2,8.75,2.25,9],"texture":"#layer0"}}},{"from":[-2.5,4,7.5],"to":[-1.5,5,8.5],"faces":{"north":{"uv":[0.5,6.75,0.25,7],"texture":"#layer0"},"south":{"uv":[0.25,6.75,0.5,7],"texture":"#layer0"},"west":{"uv":[0.25,6.75,0.5,7],"texture":"#layer0"},"down":{"uv":[0.25,6.75,0.5,7],"texture":"#layer0"}}},{"from":[17.5,4,7.5],"to":[18.5,5,8.5],"faces":{"north":{"uv":[0.5,6.75,0.25,7],"texture":"#layer0"},"south":{"uv":[0.25,6.75,0.5,7],"texture":"#layer0"},"west":{"uv":[0.25,6.75,0.5,7],"texture":"#layer0"},"down":{"uv":[0.25,6.75,0.5,7],"texture":"#layer0"}}},{"from":[-1.5,3,7.5],"to":[-0.5,5,8.5],"faces":{"north":{"uv":[0.5,6.75,0.75,7.25],"texture":"#layer0"},"east":{"uv":[0.5,6.75,0.75,7.25],"texture":"#layer0"},"south":{"uv":[0.5,6.75,0.75,7.25],"texture":"#layer0"},"west":{"uv":[0.5,6.75,0.75,7.25],"texture":"#layer0"},"down":{"uv":[0.5,7,0.75,7.25],"texture":"#layer0"}}},{"from":[16.5,3,7.5],"to":[17.5,5,8.5],"faces":{"north":{"uv":[0.5,6.75,0.75,7.25],"texture":"#layer0"},"east":{"uv":[0.5,6.75,0.75,7.25],"texture":"#layer0"},"south":{"uv":[0.5,6.75,0.75,7.25],"texture":"#layer0"},"west":{"uv":[0.5,6.75,0.75,7.25],"texture":"#layer0"},"down":{"uv":[0.5,7,0.75,7.25],"texture":"#layer0"}}},{"from":[-2.5,13,7.5],"to":[-1.5,14,8.5],"faces":{"north":{"uv":[0.5,4.5,0.25,4.75],"texture":"#layer0"},"east":{"uv":[0.25,4.5,0.5,4.75],"texture":"#layer0"},"south":{"uv":[0.25,4.5,0.5,4.75],"texture":"#layer0"},"west":{"uv":[0.25,4.5,0.5,4.75],"texture":"#layer0"}}},{"from":[17.5,13,7.5],"to":[18.5,14,8.5],"rotation":{"angle":0,"axis":"y","origin":[16,0,0]},"faces":{"north":{"uv":[0.25,4.5,0.5,4.75],"texture":"#layer0"},"east":{"uv":[0.5,4.5,0.25,4.75],"texture":"#layer0"},"south":{"uv":[0.5,4.5,0.25,4.75],"texture":"#layer0"},"west":{"uv":[0.5,4.5,0.25,4.75],"texture":"#layer0"}}},{"from":[-3.5,5,7.5],"to":[-0.5,13,8.5],"faces":{"north":{"uv":[0.75,4.75,0,6.75],"texture":"#layer0"},"east":{"uv":[0.5,4.75,0.75,6.75],"texture":"#layer0"},"south":{"uv":[0,4.75,0.75,6.75],"texture":"#layer0"},"west":{"uv":[0,4.75,0.25,6.75],"texture":"#layer0"},"up":{"uv":[0,4.75,0.75,5],"texture":"#layer0"},"down":{"uv":[0,6.5,0.75,6.75],"texture":"#layer0"}}},{"from":[16.5,5,7.5],"to":[19.5,13,8.5],"rotation":{"angle":0,"axis":"y","origin":[16,0,0]},"faces":{"north":{"uv":[0,4.75,0.75,6.75],"texture":"#layer0"},"east":{"uv":[0.25,4.75,0,6.75],"texture":"#layer0"},"south":{"uv":[0.75,4.75,0,6.75],"texture":"#layer0"},"west":{"uv":[0.75,4.75,0.5,6.75],"texture":"#layer0"},"up":{"uv":[0.75,4.75,0,5],"texture":"#layer0"},"down":{"uv":[0.75,6.5,0,6.75],"texture":"#layer0"}}},{"from":[1.5,14,7.5],"to":[2.5,15,8.5],"faces":{"north":{"uv":[1.5,4.25,1.25,4.5],"texture":"#layer0"},"east":{"uv":[1.25,4.25,1.5,4.5],"texture":"#layer0"},"south":{"uv":[1.25,4.25,1.5,4.5],"texture":"#layer0"},"up":{"uv":[1.25,4.25,1.5,4.5],"texture":"#layer0"}}},{"from":[13.5,14,7.5],"to":[14.5,15,8.5],"rotation":{"angle":0,"axis":"y","origin":[16,0,0]},"faces":{"north":{"uv":[1.25,4.25,1.5,4.5],"texture":"#layer0"},"south":{"uv":[1.5,4.25,1.25,4.5],"texture":"#layer0"},"west":{"uv":[1.5,4.25,1.25,4.5],"texture":"#layer0"},"up":{"uv":[1.5,4.25,1.25,4.5],"texture":"#layer0"}}},{"from":[0.5,13,7.5],"to":[1.5,15,8.5],"faces":{"north":{"uv":[1.25,4.25,1,4.75],"texture":"#layer0"},"south":{"uv":[1,4.25,1.25,4.75],"texture":"#layer0"},"west":{"uv":[1,4.25,1.25,4.75],"texture":"#layer0"},"up":{"uv":[1,4.25,1.25,4.5],"texture":"#layer0"},"down":{"uv":[1,4.5,1.25,4.75],"texture":"#layer0"}}},{"from":[14.5,13,7.5],"to":[15.5,15,8.5],"rotation":{"angle":0,"axis":"y","origin":[16,0,0]},"faces":{"north":{"uv":[1,4.25,1.25,4.75],"texture":"#layer0"},"east":{"uv":[1.25,4.25,1,4.75],"texture":"#layer0"},"south":{"uv":[1.25,4.25,1,4.75],"texture":"#layer0"},"up":{"uv":[1.25,4.25,1,4.5],"texture":"#layer0"},"down":{"uv":[1.25,4.5,1,4.75],"texture":"#layer0"}}},{"from":[-2.5,14,7.5],"to":[0.5,16,8.5],"faces":{"north":{"uv":[1,4,0.25,4.5],"texture":"#layer0"},"east":{"uv":[0.75,4,1,4.5],"texture":"#layer0"},"south":{"uv":[0.25,4,1,4.5],"texture":"#layer0"},"west":{"uv":[0.25,4,0.5,4.5],"texture":"#layer0"},"up":{"uv":[0.25,4,1,4.25],"texture":"#layer0"},"down":{"uv":[0.25,4.25,1,4.5],"texture":"#layer0"}}},{"from":[15.5,14,7.5],"to":[18.5,16,8.5],"rotation":{"angle":0,"axis":"y","origin":[16,0,0]},"faces":{"north":{"uv":[0.25,4,1,4.5],"texture":"#layer0"},"east":{"uv":[0.5,4,0.25,4.5],"texture":"#layer0"},"south":{"uv":[1,4,0.25,4.5],"texture":"#layer0"},"west":{"uv":[1,4,0.75,4.5],"texture":"#layer0"},"up":{"uv":[1,4,0.25,4.25],"texture":"#layer0"},"down":{"uv":[1,4.25,0.25,4.5],"texture":"#layer0"}}},{"from":[5.5,10,7.5],"to":[7.5,12,8.5],"faces":{"north":{"uv":[2.75,5,2.25,5.5],"texture":"#layer0"},"south":{"uv":[2.25,5,2.75,5.5],"texture":"#layer0"},"west":{"uv":[2.25,5,2.5,5.5],"texture":"#layer0"},"up":{"uv":[2.25,5,2.75,5.25],"texture":"#layer0"},"down":{"uv":[2.25,5.25,2.75,5.5],"texture":"#layer0"}}},{"from":[8.5,10,7.5],"to":[10.5,12,8.5],"rotation":{"angle":0,"axis":"y","origin":[16,0,0]},"faces":{"north":{"uv":[2.25,5,2.75,5.5],"texture":"#layer0"},"east":{"uv":[2.5,5,2.25,5.5],"texture":"#layer0"},"south":{"uv":[2.75,5,2.25,5.5],"texture":"#layer0"},"up":{"uv":[2.75,5,2.25,5.25],"texture":"#layer0"},"down":{"uv":[2.75,5.25,2.25,5.5],"texture":"#layer0"}}},{"from":[3.5,11,7.5],"to":[5.5,13,8.5],"faces":{"north":{"uv":[2.25,4.75,1.75,5.25],"texture":"#layer0"},"east":{"uv":[2,4.75,2.25,5.25],"texture":"#layer0"},"south":{"uv":[1.75,4.75,2.25,5.25],"texture":"#layer0"},"west":{"uv":[1.75,4.75,2,5.25],"texture":"#layer0"},"up":{"uv":[1.75,4.75,2.25,5],"texture":"#layer0"},"down":{"uv":[1.75,5,2.25,5.25],"texture":"#layer0"}}},{"from":[10.5,11,7.5],"to":[12.5,13,8.5],"rotation":{"angle":0,"axis":"y","origin":[16,0,0]},"faces":{"north":{"uv":[1.75,4.75,2.25,5.25],"texture":"#layer0"},"east":{"uv":[2,4.75,1.75,5.25],"texture":"#layer0"},"south":{"uv":[2.25,4.75,1.75,5.25],"texture":"#layer0"},"west":{"uv":[2.25,4.75,2,5.25],"texture":"#layer0"},"up":{"uv":[2.25,4.75,1.75,5],"texture":"#layer0"},"down":{"uv":[2.25,5,1.75,5.25],"texture":"#layer0"}}},{"from":[1.5,12,7.5],"to":[3.5,14,8.5],"faces":{"north":{"uv":[1.75,4.5,1.25,5],"texture":"#layer0"},"east":{"uv":[1.5,4.5,1.75,5],"texture":"#layer0"},"south":{"uv":[1.25,4.5,1.75,5],"texture":"#layer0"},"west":{"uv":[1.25,4.5,1.5,5],"texture":"#layer0"},"up":{"uv":[1.25,4.5,1.75,4.75],"texture":"#layer0"},"down":{"uv":[1.25,4.75,1.75,5],"texture":"#layer0"}}},{"from":[12.5,12,7.5],"to":[14.5,14,8.5],"rotation":{"angle":0,"axis":"y","origin":[16,0,0]},"faces":{"north":{"uv":[1.25,4.5,1.75,5],"texture":"#layer0"},"east":{"uv":[1.5,4.5,1.25,5],"texture":"#layer0"},"south":{"uv":[1.75,4.5,1.25,5],"texture":"#layer0"},"west":{"uv":[1.75,4.5,1.5,5],"texture":"#layer0"},"up":{"uv":[1.75,4.5,1.25,4.75],"texture":"#layer0"},"down":{"uv":[1.75,4.75,1.25,5],"texture":"#layer0"}}},{"from":[9.5,8,7.5],"to":[10.5,10,8.5],"faces":{"north":{"uv":[3.5,5.5,3.25,6],"texture":"#layer0"},"east":{"uv":[3.25,5.5,3.5,6],"texture":"#layer0"},"south":{"uv":[3.25,5.5,3.5,6],"texture":"#layer0"},"west":{"uv":[3.25,5.5,3.5,6],"texture":"#layer0"},"down":{"uv":[3.25,5.75,3.5,6],"texture":"#layer0"}}},{"from":[8.5,-4,7.5],"to":[9.5,-2,8.5],"faces":{"north":{"uv":[3.5,5.5,3.25,6],"texture":"#layer0"},"east":{"uv":[3.25,5.5,3.5,6],"texture":"#layer0"},"south":{"uv":[3.25,5.5,3.5,6],"texture":"#layer0"},"west":{"uv":[3.25,5.5,3.5,6],"texture":"#layer0"},"down":{"uv":[3.25,5.75,3.5,6],"texture":"#layer0"}}},{"from":[6.5,-4,7.5],"to":[7.5,-2,8.5],"faces":{"north":{"uv":[3.5,5.5,3.25,6],"texture":"#layer0"},"east":{"uv":[3.25,5.5,3.5,6],"texture":"#layer0"},"south":{"uv":[3.25,5.5,3.5,6],"texture":"#layer0"},"west":{"uv":[3.25,5.5,3.5,6],"texture":"#layer0"},"down":{"uv":[3.25,5.75,3.5,6],"texture":"#layer0"}}},{"from":[13.5,10,7.5],"to":[14.5,12,8.5],"faces":{"north":{"uv":[3.5,5.5,3.25,6],"texture":"#layer0"},"east":{"uv":[3.25,5.5,3.5,6],"texture":"#layer0"},"south":{"uv":[3.25,5.5,3.5,6],"texture":"#layer0"},"west":{"uv":[3.25,5.5,3.5,6],"texture":"#layer0"},"down":{"uv":[3.25,5.75,3.5,6],"texture":"#layer0"}}},{"from":[1.5,10,7.5],"to":[2.5,12,8.5],"faces":{"north":{"uv":[3.5,5.5,3.25,6],"texture":"#layer0"},"east":{"uv":[3.25,5.5,3.5,6],"texture":"#layer0"},"south":{"uv":[3.25,5.5,3.5,6],"texture":"#layer0"},"west":{"uv":[3.25,5.5,3.5,6],"texture":"#layer0"},"down":{"uv":[3.25,5.75,3.5,6],"texture":"#layer0"}}},{"from":[3.5,9,7.5],"to":[4.5,11,8.5],"faces":{"north":{"uv":[3.5,5.5,3.25,6],"texture":"#layer0"},"east":{"uv":[3.25,5.5,3.5,6],"texture":"#layer0"},"south":{"uv":[3.25,5.5,3.5,6],"texture":"#layer0"},"west":{"uv":[3.25,5.5,3.5,6],"texture":"#layer0"},"down":{"uv":[3.25,5.75,3.5,6],"texture":"#layer0"}}},{"from":[5.5,8,7.5],"to":[6.5,10,8.5],"faces":{"north":{"uv":[3.5,5.5,3.25,6],"texture":"#layer0"},"east":{"uv":[3.25,5.5,3.5,6],"texture":"#layer0"},"south":{"uv":[3.25,5.5,3.5,6],"texture":"#layer0"},"west":{"uv":[3.25,5.5,3.5,6],"texture":"#layer0"},"down":{"uv":[3.25,5.75,3.5,6],"texture":"#layer0"}}},{"from":[11.5,9,7.5],"to":[12.5,11,8.5],"faces":{"north":{"uv":[3.5,5.5,3.25,6],"texture":"#layer0"},"east":{"uv":[3.25,5.5,3.5,6],"texture":"#layer0"},"south":{"uv":[3.25,5.5,3.5,6],"texture":"#layer0"},"west":{"uv":[3.25,5.5,3.5,6],"texture":"#layer0"},"down":{"uv":[3.25,5.75,3.5,6],"texture":"#layer0"}}},{"from":[8.5,15,7.5],"to":[9.5,16,8.5],"faces":{"north":{"uv":[3.25,4,3,4.25],"texture":"#layer0"},"east":{"uv":[3,4,3.25,4.25],"texture":"#layer0"},"south":{"uv":[3,4,3.25,4.25],"texture":"#layer0"},"up":{"uv":[3,4,3.25,4.25],"texture":"#layer0"},"down":{"uv":[3,4,3.25,4.25],"texture":"#layer0"}}},{"from":[8.5,19,7.5],"to":[9.5,20,8.5],"faces":{"north":{"uv":[3.25,3,3,3.25],"texture":"#layer0"},"east":{"uv":[3,3,3.25,3.25],"texture":"#layer0"},"south":{"uv":[3,3,3.25,3.25],"texture":"#layer0"},"up":{"uv":[3,3,3.25,3.25],"texture":"#layer0"},"down":{"uv":[3,3,3.25,3.25],"texture":"#layer0"}}},{"from":[6.5,19,7.5],"to":[7.5,20,8.5],"faces":{"north":{"uv":[2.75,3,2.5,3.25],"texture":"#layer0"},"south":{"uv":[2.5,3,2.75,3.25],"texture":"#layer0"},"west":{"uv":[2.5,3,2.75,3.25],"texture":"#layer0"},"up":{"uv":[2.5,3,2.75,3.25],"texture":"#layer0"},"down":{"uv":[2.5,3,2.75,3.25],"texture":"#layer0"}}},{"from":[6.5,15,7.5],"to":[7.5,16,8.5],"faces":{"north":{"uv":[2.75,4,2.5,4.25],"texture":"#layer0"},"south":{"uv":[2.5,4,2.75,4.25],"texture":"#layer0"},"west":{"uv":[2.5,4,2.75,4.25],"texture":"#layer0"},"up":{"uv":[2.5,4,2.75,4.25],"texture":"#layer0"},"down":{"uv":[2.5,4,2.75,4.25],"texture":"#layer0"}}},{"from":[5.5,16,7.5],"to":[6.5,19,8.5],"faces":{"north":{"uv":[2.5,3.25,2.25,4],"texture":"#layer0"},"east":{"uv":[2.25,3.25,2.5,4],"texture":"#layer0"},"south":{"uv":[2.25,3.25,2.5,4],"texture":"#layer0"},"west":{"uv":[2.25,3.25,2.5,4],"texture":"#layer0"},"up":{"uv":[2.25,3.25,2.5,3.5],"texture":"#layer0"},"down":{"uv":[2.25,3.75,2.5,4],"texture":"#layer0"}}},{"from":[9.5,16,7.5],"to":[10.5,19,8.5],"faces":{"north":{"uv":[3.5,3.25,3.25,4],"texture":"#layer0"},"east":{"uv":[3.25,3.25,3.5,4],"texture":"#layer0"},"south":{"uv":[3.25,3.25,3.5,4],"texture":"#layer0"},"west":{"uv":[3.25,3.25,3.5,4],"texture":"#layer0"},"up":{"uv":[3.25,3.25,3.5,3.5],"texture":"#layer0"},"down":{"uv":[3.25,3.75,3.5,4],"texture":"#layer0"}}},{"from":[8.5,22,7.5],"to":[11.5,27,8.5],"faces":{"north":{"uv":[3.75,1.25,3,2.5],"texture":"#layer0"},"east":{"uv":[3.5,1.25,3.75,2.5],"texture":"#layer0"},"south":{"uv":[3,1.25,3.75,2.5],"texture":"#layer0"},"up":{"uv":[3,1.25,3.75,1.5],"texture":"#layer0"},"down":{"uv":[3,2.25,3.75,2.5],"texture":"#layer0"}}},{"from":[4.5,22,7.5],"to":[7.5,27,8.5],"faces":{"north":{"uv":[2.75,1.25,2,2.5],"texture":"#layer0"},"south":{"uv":[2,1.25,2.75,2.5],"texture":"#layer0"},"west":{"uv":[2,1.25,2.25,2.5],"texture":"#layer0"},"up":{"uv":[2,1.25,2.75,1.5],"texture":"#layer0"},"down":{"uv":[2,2.25,2.75,2.5],"texture":"#layer0"}}}]}