{"display":{"thirdperson_righthand":{"rotation":[0,90,0],"translation":[4,-2,3],"scale":[2,2,2]},"thirdperson_lefthand":{"rotation":[0,90,0],"translation":[4,-2,3],"scale":[2,2,2]},"firstperson_righthand":{"rotation":[9,-179,4],"translation":[-1,-8,-3],"scale":[2.2,2.2,2.2]},"firstperson_lefthand":{"rotation":[9,-179,4],"translation":[-1,-8,-3],"scale":[2.2,2.2,2.2]},"ground":{"translation":[0,3,0]},"gui":{"rotation":[10,-45,-5],"translation":[0,0,-10],"scale":[1.2,1.2,1.2]},"head":{"rotation":[0,1.5,11],"translation":[0,-11.75,7.5],"scale":[2,2,2]},"fixed":{"rotation":[0,-180,0],"translation":[0,0,-1],"scale":[2,2,2]}},"textures":{"1":"./shield_balzam_back","particle":"./shield_balzam_back","layer0":"./shield_balzam"},"elements":[{"from":[7.5,6.5,4.5],"to":[8.5,9.5,7.5],"faces":{"north":{"uv":[1,0,0,3],"texture":"#layer0"},"east":{"uv":[1,0,4,3],"texture":"#layer0"},"south":{"uv":[0,0,1,3],"texture":"#layer0"},"west":{"uv":[1,0,4,3],"texture":"#layer0"},"up":{"uv":[0,0,1,3],"texture":"#layer0"},"down":{"uv":[0,0,1,3],"texture":"#layer0"}}},{"from":[6.5,2,7.5],"to":[9.5,14,8],"faces":{"north":{"uv":[9.5,2,6.5,14],"texture":"#1"},"east":{"uv":[9,2,9.5,14],"texture":"#layer0"},"south":{"uv":[6.5,2,9.5,14],"texture":"#layer0"},"west":{"uv":[6.5,2,7,14],"texture":"#layer0"},"up":{"uv":[6.5,2,9.5,2.5],"texture":"#layer0"},"down":{"uv":[6.5,13.5,9.5,14],"texture":"#layer0"}}},{"from":[9.5,2.5,7.5],"to":[10.5,13.5,8],"faces":{"north":{"uv":[10.5,2.5,9.5,13.5],"texture":"#1"},"east":{"uv":[10,2.5,10.5,13.5],"texture":"#layer0"},"south":{"uv":[9.5,2.5,10.5,13.5],"texture":"#layer0"},"west":{"uv":[9.5,2.5,10,13.5],"texture":"#layer0"},"up":{"uv":[9.5,2.5,10.5,3],"texture":"#layer0"},"down":{"uv":[9.5,13,10.5,13.5],"texture":"#layer0"}}},{"from":[5.5,2.5,7.5],"to":[6.5,13.5,8],"faces":{"north":{"uv":[6.5,2.5,5.5,13.5],"texture":"#1"},"east":{"uv":[6,2.5,6.5,13.5],"texture":"#layer0"},"south":{"uv":[5.5,2.5,6.5,13.5],"texture":"#layer0"},"west":{"uv":[5.5,2.5,6,13.5],"texture":"#layer0"},"up":{"uv":[5.5,2.5,6.5,3],"texture":"#layer0"},"down":{"uv":[5.5,13,6.5,13.5],"texture":"#layer0"}}},{"from":[10.5,3,7.5],"to":[11.5,13,8],"faces":{"north":{"uv":[11.5,3,10.5,13],"texture":"#1"},"east":{"uv":[11,3,11.5,13],"texture":"#layer0"},"south":{"uv":[10.5,3,11.5,13],"texture":"#layer0"},"west":{"uv":[10.5,3,11,13],"texture":"#layer0"},"up":{"uv":[10.5,3,11.5,3.5],"texture":"#layer0"},"down":{"uv":[10.5,12.5,11.5,13],"texture":"#layer0"}}},{"from":[4.5,3,7.5],"to":[5.5,13,8],"faces":{"north":{"uv":[5.5,3,4.5,13],"texture":"#1"},"east":{"uv":[5,3,5.5,13],"texture":"#layer0"},"south":{"uv":[4.5,3,5.5,13],"texture":"#layer0"},"west":{"uv":[4.5,3,5,13],"texture":"#layer0"},"up":{"uv":[4.5,3,5.5,3.5],"texture":"#layer0"},"down":{"uv":[4.5,12.5,5.5,13],"texture":"#layer0"}}},{"from":[11.5,3.5,7.5],"to":[12,12.5,8],"faces":{"north":{"uv":[11.5,3.5,12,12.5],"texture":"#1"},"east":{"uv":[11.5,3.5,12,12.5],"texture":"#layer0"},"south":{"uv":[11.5,3.5,12,12.5],"texture":"#layer0"},"west":{"uv":[11.5,3.5,12,12.5],"texture":"#layer0"},"up":{"uv":[11.5,3.5,12,4],"texture":"#layer0"},"down":{"uv":[11.5,12,12,12.5],"texture":"#layer0"}}},{"from":[4,3.5,7.5],"to":[4.5,12.5,8],"faces":{"north":{"uv":[4,3.5,4.5,12.5],"texture":"#1"},"east":{"uv":[4,3.5,4.5,12.5],"texture":"#layer0"},"south":{"uv":[4,3.5,4.5,12.5],"texture":"#layer0"},"west":{"uv":[4,3.5,4.5,12.5],"texture":"#layer0"},"up":{"uv":[4,3.5,4.5,4],"texture":"#layer0"},"down":{"uv":[4,12,4.5,12.5],"texture":"#layer0"}}},{"from":[12,4,7.5],"to":[12.5,12,8],"faces":{"north":{"uv":[12,4,12.5,12],"texture":"#1"},"east":{"uv":[12,4,12.5,12],"texture":"#layer0"},"south":{"uv":[12,4,12.5,12],"texture":"#layer0"},"west":{"uv":[12,4,12.5,12],"texture":"#layer0"},"up":{"uv":[12,4,12.5,4.5],"texture":"#layer0"},"down":{"uv":[12,11.5,12.5,12],"texture":"#layer0"}}},{"from":[3.5,4,7.5],"to":[4,12,8],"faces":{"north":{"uv":[3.5,4,4,12],"texture":"#1"},"east":{"uv":[3.5,4,4,12],"texture":"#layer0"},"south":{"uv":[3.5,4,4,12],"texture":"#layer0"},"west":{"uv":[3.5,4,4,12],"texture":"#layer0"},"up":{"uv":[3.5,4,4,4.5],"texture":"#layer0"},"down":{"uv":[3.5,11.5,4,12],"texture":"#layer0"}}},{"from":[12.5,4.5,7.5],"to":[13,11.5,8],"faces":{"north":{"uv":[12.5,4.5,13,11.5],"texture":"#1"},"east":{"uv":[12.5,4.5,13,11.5],"texture":"#layer0"},"south":{"uv":[12.5,4.5,13,11.5],"texture":"#layer0"},"west":{"uv":[12.5,4.5,13,11.5],"texture":"#layer0"},"up":{"uv":[12.5,4.5,13,5],"texture":"#layer0"},"down":{"uv":[12.5,11,13,11.5],"texture":"#layer0"}}},{"from":[3,4.5,7.5],"to":[3.5,11.5,8],"faces":{"north":{"uv":[3,4.5,3.5,11.5],"texture":"#1"},"east":{"uv":[3,4.5,3.5,11.5],"texture":"#layer0"},"south":{"uv":[3,4.5,3.5,11.5],"texture":"#layer0"},"west":{"uv":[3,4.5,3.5,11.5],"texture":"#layer0"},"up":{"uv":[3,4.5,3.5,5],"texture":"#layer0"},"down":{"uv":[3,11,3.5,11.5],"texture":"#layer0"}}},{"from":[13,5.5,7.5],"to":[13.5,10.5,8],"faces":{"north":{"uv":[13,5.5,13.5,10.5],"texture":"#1"},"east":{"uv":[13,5.5,13.5,10.5],"texture":"#layer0"},"south":{"uv":[13,5.5,13.5,10.5],"texture":"#layer0"},"west":{"uv":[13,5.5,13.5,10.5],"texture":"#layer0"},"up":{"uv":[13,5.5,13.5,6],"texture":"#layer0"},"down":{"uv":[13,10,13.5,10.5],"texture":"#layer0"}}},{"from":[2.5,5.5,7.5],"to":[3,10.5,8],"faces":{"north":{"uv":[2.5,5.5,3,10.5],"texture":"#1"},"east":{"uv":[2.5,5.5,3,10.5],"texture":"#layer0"},"south":{"uv":[2.5,5.5,3,10.5],"texture":"#layer0"},"west":{"uv":[2.5,5.5,3,10.5],"texture":"#layer0"},"up":{"uv":[2.5,5.5,3,6],"texture":"#layer0"},"down":{"uv":[2.5,10,3,10.5],"texture":"#layer0"}}},{"from":[13.5,6.5,7.5],"to":[14,9.5,8],"faces":{"north":{"uv":[13.5,6.5,14,9.5],"texture":"#1"},"east":{"uv":[13.5,6.5,14,9.5],"texture":"#layer0"},"south":{"uv":[13.5,6.5,14,9.5],"texture":"#layer0"},"west":{"uv":[13.5,6.5,14,9.5],"texture":"#layer0"},"up":{"uv":[13.5,6.5,14,7],"texture":"#layer0"},"down":{"uv":[13.5,9,14,9.5],"texture":"#layer0"}}},{"from":[2,6.5,7.5],"to":[2.5,9.5,8],"faces":{"north":{"uv":[2,6.5,2.5,9.5],"texture":"#1"},"east":{"uv":[2,6.5,2.5,9.5],"texture":"#layer0"},"south":{"uv":[2,6.5,2.5,9.5],"texture":"#layer0"},"west":{"uv":[2,6.5,2.5,9.5],"texture":"#layer0"},"up":{"uv":[2,6.5,2.5,7],"texture":"#layer0"},"down":{"uv":[2,9,2.5,9.5],"texture":"#layer0"}}}]}