{"display":{"thirdperson_righthand":{"rotation":[-65,0,0],"translation":[0,-2.5,1.25]},"thirdperson_lefthand":{"rotation":[-65,0,0],"translation":[0,-2.5,1.25]},"firstperson_righthand":{"rotation":[-26,-9,-6],"translation":[0,-3,0]},"firstperson_lefthand":{"rotation":[-26,-9,-6],"translation":[0,-3,0]},"ground":{"translation":[0,1,0]},"gui":{"rotation":[30,132,0],"translation":[0,-1.5,0]},"head":{"translation":[0,-5,0],"scale":[1.9,1.9,1.9]},"fixed":{"rotation":[-90,0,0],"translation":[0,0.75,-6.25],"scale":[1.58,1.58,1.58]}},"texture_size":[64,32],"textures":{"0":"./gasmask_3","particle":"./gasmask_3"},"elements":[{"from":[4,7,4],"to":[12,15,12],"rotation":{"angle":0,"axis":"y","origin":[12,15,12]},"faces":{"north":{"uv":[2,4,4,8],"texture":"#0"},"east":{"uv":[0,4,2,8],"texture":"#0"},"south":{"uv":[6,4,8,8],"texture":"#0"},"west":{"uv":[4,4,6,8],"texture":"#0"},"up":{"uv":[2,0,4,4],"rotation":180,"texture":"#0"},"down":{"uv":[4,0,6,4],"texture":"#0"}}},{"from":[3.75,6.75,3.75],"to":[12.25,15.25,12.25],"rotation":{"angle":0,"axis":"y","origin":[11.75,14.75,11.75]},"faces":{"north":{"uv":[10,4,12,8],"texture":"#0"},"east":{"uv":[8,4,10,8],"texture":"#0"},"south":{"uv":[14,4,16,8],"texture":"#0"},"west":{"uv":[12,4,14,8],"texture":"#0"},"up":{"uv":[10,0,12,4],"rotation":180,"texture":"#0"},"down":{"uv":[12,0,14,4],"texture":"#0"}}},{"from":[2,3,11],"to":[14,7,11],"rotation":{"angle":0,"axis":"y","origin":[10.25,11.25,10.75]},"faces":{"north":{"uv":[9,0,6,2],"texture":"#0"},"east":{"uv":[8,0,7,4],"texture":"#0"},"south":{"uv":[6,0,9,2],"texture":"#0"},"west":{"uv":[7,0,8,4],"texture":"#0"},"up":{"uv":[2,0,4,4],"rotation":180,"texture":"#0"},"down":{"uv":[4,0,6,4],"texture":"#0"}}},{"from":[2,3,5],"to":[14,7,5],"rotation":{"angle":0,"axis":"y","origin":[10.25,11.25,4.75]},"faces":{"north":{"uv":[9,0,6,2],"texture":"#0"},"east":{"uv":[8,0,7,4],"texture":"#0"},"south":{"uv":[6,0,9,2],"texture":"#0"},"west":{"uv":[7,0,8,4],"texture":"#0"},"up":{"uv":[2,0,4,4],"rotation":180,"texture":"#0"},"down":{"uv":[4,0,6,4],"texture":"#0"}}},{"from":[12,7,4],"to":[4,15,12],"rotation":{"angle":0,"axis":"y","origin":[12,15,12]},"faces":{"north":{"uv":[4,4,2,8],"texture":"#0"},"east":{"uv":[6,4,4,8],"texture":"#0"},"south":{"uv":[8,4,6,8],"texture":"#0"},"west":{"uv":[2,4,0,8],"texture":"#0"},"up":{"uv":[4,0,2,4],"rotation":180,"texture":"#0"},"down":{"uv":[6,0,4,4],"texture":"#0"}}},{"from":[6,6,3],"to":[10,9,5],"rotation":{"angle":0,"axis":"y","origin":[14,14,11]},"faces":{"north":{"uv":[0,2.5,1,4],"texture":"#0"},"east":{"uv":[1.5,2.5,1,4],"texture":"#0"},"west":{"uv":[1,2.5,1.5,4],"texture":"#0"},"up":{"uv":[0,1.5,1,2.5],"rotation":180,"texture":"#0"},"down":{"uv":[1,1.5,0,2.5],"texture":"#0"}}}]}