{"display":{"thirdperson_righthand":{"translation":[0,-4,0.5],"scale":[0.8,0.8,0.8]},"thirdperson_lefthand":{"translation":[0,-4,0.5],"scale":[0.8,0.8,0.8]},"firstperson_righthand":{"rotation":[23,5.5,7.5],"translation":[4.75,-3.5,-7]},"firstperson_lefthand":{"rotation":[23,5.5,7.5],"translation":[4.75,-3.5,-7]},"ground":{"rotation":[0,0,-90],"translation":[-2.25,0,2.5],"scale":[0.8,0.8,0.8]},"gui":{"rotation":[-35,145,5],"translation":[1.5,-3.75,0],"scale":[1.1,1.1,1.1]},"head":{"translation":[0,7,4]},"fixed":{"rotation":[0,90,0],"translation":[4.25,-2.5,-2]}},"texture_size":[64,48],"textures":{"particle":"./short_circuit"},"elements":[{"from":[4.25,9.5,-0.25],"to":[7.25,9.5,6.25],"rotation":{"angle":0,"axis":"z","origin":[7.25,9.5,4.25]},"faces":{"north":{"uv":[0,0,0,2],"rotation":270,"texture":"#particle"},"east":{"uv":[0,0,0,6],"rotation":90,"texture":"#particle"},"south":{"uv":[0,0,0,2],"rotation":90,"texture":"#particle"},"west":{"uv":[0,0,0,6],"rotation":90,"texture":"#particle"},"up":{"uv":[0,12.66667,3.25,14.66667],"rotation":90,"texture":"#particle"},"down":{"uv":[3.25,12.66667,0,14.66667],"rotation":90,"texture":"#particle"}}},{"from":[6.25,8.5,1.25],"to":[9.75,12.5,6.25],"rotation":{"angle":0,"axis":"x","origin":[6,8.75,16.25]},"faces":{"north":{"uv":[2.5,3.66667,4.25,6.33333],"texture":"#particle"},"east":{"uv":[2.5,3.66667,0,6.33333],"texture":"#particle"},"south":{"uv":[0,11.33333,3.5,16],"texture":"#particle"},"west":{"uv":[0,3.66667,2.5,6.33333],"texture":"#particle"},"up":{"uv":[0,6.33333,2.5,8.66667],"rotation":90,"texture":"#particle"},"down":{"uv":[0,6.33333,2.5,8.66667],"rotation":270,"texture":"#particle"}}},{"from":[7.25,10.75,-3.75],"to":[8.75,12.25,1.25],"rotation":{"angle":0,"axis":"x","origin":[6,8.75,16.25]},"faces":{"north":{"uv":[5,8.66667,5.75,9.66667],"texture":"#particle"},"east":{"uv":[2.5,8.66667,0,9.66667],"texture":"#particle"},"west":{"uv":[0,8.66667,2.5,9.66667],"texture":"#particle"},"up":{"uv":[0,9.66667,2.5,10.66667],"rotation":90,"texture":"#particle"},"down":{"uv":[0,9.33333,2.5,9.66667],"rotation":270,"texture":"#particle"}}},{"from":[7.25,8.75,-3.75],"to":[8.75,10.25,1.25],"rotation":{"angle":0,"axis":"x","origin":[6,8.75,16.25]},"faces":{"north":{"uv":[5,8.66667,5.75,9.66667],"texture":"#particle"},"east":{"uv":[5,8.66667,2.5,9.66667],"texture":"#particle"},"west":{"uv":[2.5,8.66667,5,9.66667],"texture":"#particle"},"up":{"uv":[2.5,9.66667,5,10.66667],"rotation":90,"texture":"#particle"},"down":{"uv":[2.5,9.33333,5,9.66667],"rotation":270,"texture":"#particle"}}},{"from":[5.25,7.75,6.25],"to":[10.75,13.25,11.25],"rotation":{"angle":0,"axis":"x","origin":[8.25,9.25,17.5]},"faces":{"north":{"uv":[5.25,0,8,3.66667],"texture":"#particle"},"east":{"uv":[0,0,2.5,3.66667],"rotation":180,"texture":"#particle"},"south":{"uv":[2.5,0,5.25,3.66667],"texture":"#particle"},"west":{"uv":[0,0,2.5,3.66667],"texture":"#particle"},"up":{"uv":[2.5,0,0,3.66667],"rotation":270,"texture":"#particle"},"down":{"uv":[2.5,0,0,3.66667],"rotation":90,"texture":"#particle"}}},{"from":[5,10,4.25],"to":[11,13.5,10.25],"rotation":{"angle":0,"axis":"x","origin":[8.25,7.25,18.5]},"faces":{"north":{"uv":[13,5.66667,16,8],"texture":"#particle"},"east":{"uv":[13,8,10,10.33333],"texture":"#particle"},"south":{"uv":[10,5.66667,13,8],"texture":"#particle"},"west":{"uv":[10,8,13,10.33333],"texture":"#particle"},"up":{"uv":[13,8,16,12],"rotation":90,"texture":"#particle"}}},{"from":[11,10,4.25],"to":[5,13.5,10.25],"rotation":{"angle":0,"axis":"x","origin":[14.25,7.25,18.5]},"faces":{"north":{"uv":[13,5.66667,16,8],"texture":"#particle"},"east":{"uv":[13,8,10,10.33333],"texture":"#particle"},"south":{"uv":[10,5.66667,13,8],"texture":"#particle"},"west":{"uv":[10,8,13,10.33333],"texture":"#particle"},"up":{"uv":[13,8,16,12],"rotation":90,"texture":"#particle"}}},{"from":[5,7.5,4.25],"to":[11,11,10.25],"rotation":{"angle":0,"axis":"x","origin":[8.25,10.25,18.5]},"faces":{"north":{"uv":[13,3.33333,16,5.66667],"texture":"#particle"},"east":{"uv":[13,10.33333,10,12.66667],"texture":"#particle"},"south":{"uv":[10,3.33333,13,5.66667],"texture":"#particle"},"west":{"uv":[10,10.33333,13,12.66667],"texture":"#particle"},"down":{"uv":[13,8,16,12],"rotation":270,"texture":"#particle"}}},{"from":[11,7.5,4.25],"to":[5,11,10.25],"rotation":{"angle":0,"axis":"x","origin":[14.25,10.25,18.5]},"faces":{"north":{"uv":[13,3.33333,16,5.66667],"texture":"#particle"},"east":{"uv":[13,10.33333,10,12.66667],"texture":"#particle"},"south":{"uv":[10,3.33333,13,5.66667],"texture":"#particle"},"west":{"uv":[10,10.33333,13,12.66667],"texture":"#particle"},"down":{"uv":[13,8,16,12],"rotation":270,"texture":"#particle"}}}]}