{"display":{"thirdperson_righthand":{"rotation":[71,0,0],"translation":[-6,4.75,2.75]},"thirdperson_lefthand":{"rotation":[71,0,0],"translation":[-6,4.75,2.75]},"firstperson_righthand":{"rotation":[0,4,0],"translation":[7.5,-2.75,-3.25]},"firstperson_lefthand":{"rotation":[0,4,0],"translation":[7.5,-2.75,-3.25]},"ground":{"translation":[0,5.5,0]},"gui":{"rotation":[35,135,0],"translation":[0.75,0,0],"scale":[0.55,0.55,0.55]},"head":{"translation":[0,6,0],"scale":[1.66,1.66,1.66]},"fixed":{"rotation":[-90,0,0],"translation":[0,0,-14],"scale":[2,2,2]}},"texture_size":[64,64],"textures":{"0":"./tv_old","particle":"./tv_old"},"elements":[{"from":[-3,0,1],"to":[19,18,9],"rotation":{"angle":0,"axis":"y","origin":[9,8,9]},"faces":{"north":{"uv":[0,0,5.5,4.5],"texture":"#0"},"east":{"uv":[7.5,0,5.5,4.5],"texture":"#0"},"south":{"uv":[7.5,0,13,4.5],"texture":"#0"},"west":{"uv":[5.5,0,7.5,4.5],"texture":"#0"},"up":{"uv":[0,6.5,5.5,4.5],"texture":"#0"},"down":{"uv":[5.5,4.5,11,6.5],"rotation":180,"texture":"#0"}}},{"from":[-1,0,9],"to":[17,16,15],"rotation":{"angle":0,"axis":"y","origin":[8.5,8,19]},"faces":{"east":{"uv":[6,6.5,4.5,10.5],"texture":"#0"},"south":{"uv":[0,6.5,4.5,10.5],"texture":"#0"},"west":{"uv":[4.5,6.5,6,10.5],"texture":"#0"},"up":{"uv":[0,10.5,4.5,12],"texture":"#0"},"down":{"uv":[6,6.5,10.5,8],"texture":"#0"}}}]}