{"display":{"thirdperson_righthand":{"rotation":[-19,139,0],"translation":[3.75,-1.25,0.25]},"thirdperson_lefthand":{"rotation":[-19,139,0],"translation":[3.75,-1.25,0.25]},"firstperson_righthand":{"rotation":[30,20,0],"translation":[-3.25,-2.5,4]},"firstperson_lefthand":{"rotation":[30,20,0],"translation":[0.5,-1,4]},"ground":{"rotation":[90,0,0],"translation":[-2.5,-2,-2.25]},"gui":{"rotation":[30,135,0],"translation":[8.5,-3.5,0],"scale":[2,2,2]},"head":{"translation":[0,-5.25,0],"scale":[1.75,1.75,1.75]},"fixed":{"translation":[-3.25,-3,4.5],"scale":[1.58,1.58,1.58]}},"texture_size":[64,32],"textures":{"0":"./glasses","particle":"./glasses"},"elements":[{"from":[4,7,4],"to":[12,15,4],"rotation":{"angle":0,"axis":"y","origin":[12,15,12]},"faces":{"north":{"uv":[10,12,12,16],"texture":"#0"},"east":{"uv":[0,4,2,8],"texture":"#0"},"south":{"uv":[12,12,10,16],"texture":"#0"},"west":{"uv":[4,4,6,8],"texture":"#0"},"up":{"uv":[2,0,4,4],"rotation":180,"texture":"#0"},"down":{"uv":[4,0,6,4],"texture":"#0"}}},{"from":[12,7,4],"to":[12,15,12],"rotation":{"angle":0,"axis":"y","origin":[20,15,12]},"faces":{"north":{"uv":[10,12,12,16],"texture":"#0"},"east":{"uv":[8,12,10,16],"texture":"#0"},"south":{"uv":[12,12,10,16],"texture":"#0"},"west":{"uv":[10,12,8,16],"texture":"#0"},"up":{"uv":[2,0,4,4],"rotation":180,"texture":"#0"},"down":{"uv":[4,0,6,4],"texture":"#0"}}}]}