{"display":{"thirdperson_righthand":{"rotation":[66,10,0],"translation":[-6.25,-2.25,-3.5]},"thirdperson_lefthand":{"rotation":[66,10,0],"translation":[-6.25,-2.25,-3.5]},"firstperson_righthand":{"rotation":[10,115,-15],"translation":[0,1,1],"scale":[0.65,0.65,0.65]},"firstperson_lefthand":{"rotation":[10,115,-15],"translation":[0,1,1],"scale":[0.65,0.65,0.65]},"ground":{"rotation":[90,0,0],"translation":[0,-1,-7]},"gui":{"rotation":[0,-180,0],"translation":[0,-3,0],"scale":[0.4,0.4,0.4]},"fixed":{"translation":[0,-16,0.98],"scale":[4,4,4]}},"texture_size":[24,32],"textures":{"0":"./napoleonpaint","1":"./back","particle":"napoleonpaint"},"elements":[{"from":[12,0,7.75],"to":[20,8,8.25],"faces":{"north":{"uv":[0,12,5.33333,16],"texture":"#0"},"east":{"uv":[0,12,0.33333,16],"texture":"#0"},"south":{"uv":[0,0,16,16],"texture":"#1"},"up":{"uv":[0,0,8,1],"texture":"#0"},"down":{"uv":[5.33333,15.75,0,16],"texture":"#0"}}},{"from":[4,0,7.75],"to":[12,8,8.25],"faces":{"north":{"uv":[5.33333,12,10.66667,16],"texture":"#0"},"south":{"uv":[0,0,16,16],"texture":"#1"},"west":{"uv":[15.5,0,16,16],"texture":"#0"},"up":{"uv":[8,0,16,1],"texture":"#0"},"down":{"uv":[10.66667,15.75,5.33333,16],"texture":"#0"}}},{"from":[12,8,7.75],"to":[20,16,8.25],"faces":{"north":{"uv":[0,8,5.33333,12],"texture":"#0"},"east":{"uv":[0,8,0.33333,12],"texture":"#0"},"south":{"uv":[0,0,16,16],"texture":"#1"},"up":{"uv":[0,0,4,0.5],"texture":"#0"},"down":{"uv":[0,15,8,16],"texture":"#0"}}},{"from":[4,8,7.75],"to":[12,16,8.25],"faces":{"north":{"uv":[5.33333,8,10.66667,12],"texture":"#0"},"south":{"uv":[0,0,16,16],"texture":"#1"},"west":{"uv":[15.5,0,16,16],"texture":"#0"},"up":{"uv":[4,0,8,0.5],"texture":"#0"},"down":{"uv":[8,15,16,16],"texture":"#0"}}},{"from":[-4,0,7.75],"to":[4,8,8.25],"faces":{"north":{"uv":[10.66667,12,16,16],"texture":"#0"},"east":{"uv":[0,0,0.5,16],"texture":"#0"},"south":{"uv":[0,0,16,16],"texture":"#1"},"west":{"uv":[15.66667,12,16,16],"texture":"#0"},"up":{"uv":[0,0,8,1],"texture":"#0"},"down":{"uv":[16,15.75,10.66667,16],"texture":"#0"}}},{"from":[-4,8,7.75],"to":[4,16,8.25],"faces":{"north":{"uv":[10.66667,8,16,12],"texture":"#0"},"east":{"uv":[0,0,0.5,16],"texture":"#0"},"south":{"uv":[0,0,16,16],"texture":"#1"},"west":{"uv":[15.66667,8,16,12],"texture":"#0"},"up":{"uv":[8,0,12,0.5],"texture":"#0"},"down":{"uv":[0,15,8,16],"texture":"#0"}}},{"from":[12,16,7.75],"to":[20,24,8.25],"faces":{"north":{"uv":[0,4,5.33333,8],"texture":"#0"},"east":{"uv":[0,4,0.33333,8],"texture":"#0"},"south":{"uv":[0,0,16,16],"texture":"#1"},"up":{"uv":[4,0,0,0.33333],"texture":"#0"},"down":{"uv":[0,15,8,16],"texture":"#0"}}},{"from":[4,16,7.75],"to":[12,24,8.25],"faces":{"north":{"uv":[5.33333,4,10.66667,8],"texture":"#0"},"south":{"uv":[0,0,16,16],"texture":"#1"},"west":{"uv":[15.5,0,16,16],"texture":"#0"},"up":{"uv":[8,0,4,0.33333],"texture":"#0"},"down":{"uv":[8,15,16,16],"texture":"#0"}}},{"from":[-4,16,7.75],"to":[4,24,8.25],"faces":{"north":{"uv":[10.66667,4,16,8],"texture":"#0"},"east":{"uv":[0,0,0.5,16],"texture":"#0"},"south":{"uv":[0,0,16,16],"texture":"#1"},"west":{"uv":[15.66667,4,16,8],"texture":"#0"},"up":{"uv":[12,0,8,0.33333],"texture":"#0"},"down":{"uv":[0,15,8,16],"texture":"#0"}}},{"from":[12,24,7.75],"to":[20,32,8.25],"faces":{"north":{"uv":[0,0,5.33333,4],"texture":"#0"},"east":{"uv":[0,0,0.33333,4],"texture":"#0"},"south":{"uv":[0,0,16,16],"texture":"#1"},"up":{"uv":[5.33333,0,0,0.25],"texture":"#0"},"down":{"uv":[0,15,8,16],"texture":"#0"}}},{"from":[4,24,7.75],"to":[12,32,8.25],"faces":{"north":{"uv":[5.33333,0,10.66667,4],"texture":"#0"},"south":{"uv":[0,0,16,16],"texture":"#1"},"west":{"uv":[15.5,0,16,16],"texture":"#0"},"up":{"uv":[10.66667,0,5.33333,0.25],"texture":"#0"},"down":{"uv":[8,15,16,16],"texture":"#0"}}},{"from":[-4,24,7.75],"to":[4,32,8.25],"faces":{"north":{"uv":[10.66667,0,16,4],"texture":"#0"},"east":{"uv":[0,0,0.5,16],"texture":"#0"},"south":{"uv":[0,0,16,16],"texture":"#1"},"west":{"uv":[15.66667,0,16,4],"texture":"#0"},"up":{"uv":[16,0,10.66667,0.25],"texture":"#0"},"down":{"uv":[0,15,8,16],"texture":"#0"}}}]}