{"display":{"thirdperson_righthand":{"rotation":[70,-5,-65],"translation":[-5.25,0,2.5]},"thirdperson_lefthand":{"rotation":[70,-5,-65],"translation":[-3.75,0,4]},"firstperson_righthand":{"rotation":[-140,160,115],"translation":[1.5,0.75,-0.5]},"firstperson_lefthand":{"rotation":[-140,160,115],"translation":[1.5,0.75,-0.5]},"ground":{"rotation":[90,0,0],"translation":[0,2.5,0.5]},"gui":{"rotation":[-25,-150,-51],"translation":[-0.5,0.75,0],"scale":[0.35,0.35,0.35]},"head":{"translation":[0,19,0]},"fixed":{"rotation":[-90,0,0],"translation":[0,0,-46.1],"scale":[2,2,2]}},"textures":{"1":"./rickmay_copper","2":"./rickmay_text","particle":"./rickmay_text"},"elements":[{"from":[4,-2,6],"to":[8,10,10],"rotation":{"angle":0,"axis":"y","origin":[12,6,14]},"faces":{"north":{"uv":[5,13,6,16],"texture":"#1"},"east":{"uv":[4,13,5,16],"texture":"#1"},"south":{"uv":[7,13,8,16],"texture":"#1"},"west":{"uv":[6,13,7,16],"texture":"#1"},"up":{"uv":[5,12,6,13],"texture":"#1"},"down":{"uv":[6,12,7,13],"texture":"#1"}}},{"from":[0,10,6],"to":[4,22,10],"rotation":{"angle":0,"axis":"x","origin":[8,18,14]},"faces":{"north":{"uv":[9,13,10,16],"texture":"#1"},"east":{"uv":[8,13,9,16],"texture":"#1"},"south":{"uv":[11,13,12,16],"texture":"#1"},"west":{"uv":[10,13,11,16],"texture":"#1"},"up":{"uv":[10,13,9,12],"texture":"#1"},"down":{"uv":[11,12,10,13],"texture":"#1"}}},{"from":[8,-2,6],"to":[12,10,10],"rotation":{"angle":0,"axis":"y","origin":[16,6,14]},"faces":{"north":{"uv":[1,5,2,8],"texture":"#1"},"east":{"uv":[0,5,1,8],"texture":"#1"},"south":{"uv":[3,5,4,8],"texture":"#1"},"west":{"uv":[2,5,3,8],"texture":"#1"},"up":{"uv":[1,4,2,5],"texture":"#1"},"down":{"uv":[2,4,3,5],"texture":"#1"}}},{"from":[12,18,6.001],"to":[20,22,10.001],"rotation":{"angle":22.5,"axis":"z","origin":[12,18,8.25]},"faces":{"north":{"uv":[11,5,12,7],"rotation":90,"texture":"#1"},"east":{"uv":[11,4,12,5],"rotation":90,"texture":"#1"},"south":{"uv":[13,5,14,7],"rotation":270,"texture":"#1"},"west":{"uv":[12,5,11,4],"rotation":270,"texture":"#1"},"up":{"uv":[10,5,11,7],"rotation":270,"texture":"#1"},"down":{"uv":[12,5,13,7],"rotation":270,"texture":"#1"}}},{"from":[16,22,6.001],"to":[20,26,10.001],"rotation":{"angle":22.5,"axis":"z","origin":[12,18,8.25]},"faces":{"north":{"uv":[12,7,11,8],"rotation":180,"texture":"#1"},"east":{"uv":[11,7,10,8],"rotation":180,"texture":"#1"},"south":{"uv":[14,7,13,8],"rotation":180,"texture":"#1"},"west":{"uv":[13,7,12,8],"rotation":180,"texture":"#1"},"up":{"uv":[12,4,13,5],"rotation":180,"texture":"#1"},"down":{"uv":[12,5,11,4],"rotation":180,"texture":"#1"}}},{"from":[4,10,6],"to":[12,22,10],"rotation":{"angle":0,"axis":"y","origin":[12,18,14]},"faces":{"north":{"uv":[5,5,7,8],"texture":"#1"},"east":{"uv":[4,5,5,8],"texture":"#1"},"south":{"uv":[8,5,10,8],"texture":"#1"},"west":{"uv":[7,5,8,8],"texture":"#1"},"up":{"uv":[7,5,5,4],"texture":"#1"},"down":{"uv":[7,4,9,5],"texture":"#1"}}},{"from":[4,22,4],"to":[12,30,12],"rotation":{"angle":0,"axis":"y","origin":[12,30,12]},"faces":{"north":{"uv":[2,2,4,4],"texture":"#1"},"east":{"uv":[0,2,2,4],"texture":"#1"},"south":{"uv":[6,2,8,4],"texture":"#1"},"west":{"uv":[4,2,6,4],"texture":"#1"},"up":{"uv":[4,2,2,0],"texture":"#1"},"down":{"uv":[4,0,6,2],"texture":"#1"}}},{"from":[3.7,21.7,3.7],"to":[12.3,30.3,12.3],"rotation":{"angle":0,"axis":"y","origin":[12,30,12]},"faces":{"north":{"uv":[10,2,12,4],"texture":"#1"},"east":{"uv":[8,2,10,4],"texture":"#1"},"south":{"uv":[14,2,16,4],"texture":"#1"},"west":{"uv":[12,2,14,4],"texture":"#1"},"up":{"uv":[12,2,10,0],"texture":"#1"},"down":{"uv":[12,0,14,2],"texture":"#1"}}},{"from":[3,-3,5],"to":[13,-2,11],"rotation":{"angle":0,"axis":"y","origin":[11,5,13]},"faces":{"north":{"uv":[0,10.25,2.5,10.5],"rotation":180,"texture":"#1"},"east":{"uv":[2.25,10.25,2.5,11.75],"rotation":90,"texture":"#1"},"south":{"uv":[0,11.5,2.5,11.75],"texture":"#1"},"west":{"uv":[0,10.25,0.25,11.75],"rotation":270,"texture":"#1"},"up":{"uv":[0,10.25,2.5,11.75],"texture":"#1"}}},{"from":[1,-16,1],"to":[15,-15,15],"rotation":{"angle":0,"axis":"y","origin":[9,-8,9]},"faces":{"north":{"uv":[5,8,8.5,8.25],"rotation":180,"texture":"#1"},"east":{"uv":[8.25,8,8.5,11.5],"rotation":90,"texture":"#1"},"south":{"uv":[5,11.25,8.5,11.5],"texture":"#1"},"west":{"uv":[5,8,5.25,11.5],"rotation":270,"texture":"#1"},"up":{"uv":[5,8,8.5,11.5],"texture":"#1"},"down":{"uv":[8.5,8,5,11.5],"rotation":180,"texture":"#1"}}},{"from":[1,-5,1],"to":[15,-3,15],"rotation":{"angle":0,"axis":"y","origin":[9,3,9]},"faces":{"north":{"uv":[5,8,5.5,11.5],"rotation":90,"texture":"#1"},"east":{"uv":[5,11,8.5,11.5],"rotation":180,"texture":"#1"},"south":{"uv":[8,8,8.5,11.5],"rotation":270,"texture":"#1"},"west":{"uv":[5,8,8.5,8.5],"texture":"#1"},"up":{"uv":[5,8,8.5,11.5],"texture":"#1"},"down":{"uv":[8.5,8,5,11.5],"rotation":180,"texture":"#1"}}},{"from":[2,-6,2],"to":[14,-5,14],"rotation":{"angle":0,"axis":"y","origin":[13,2,13]},"faces":{"north":{"uv":[8.5,8,11.5,8.25],"rotation":180,"texture":"#1"},"east":{"uv":[11.5,11,11.25,8],"rotation":270,"texture":"#1"},"south":{"uv":[8.5,10.75,11.5,11],"texture":"#1"},"west":{"uv":[8.5,8,8.75,11],"rotation":270,"texture":"#1"},"down":{"uv":[8.5,8,11.5,11],"rotation":270,"texture":"#1"}}},{"from":[3,-15,3],"to":[13,-6,13],"rotation":{"angle":0,"axis":"y","origin":[14,-7,14]},"faces":{"north":{"uv":[0,8,2.5,10.25],"texture":"#1"},"east":{"uv":[2.5,8,5,10.25],"texture":"#1"},"south":{"uv":[2.5,8,5,10.25],"texture":"#1"},"west":{"uv":[2.5,8,5,10.25],"texture":"#1"}}},{"from":[4,-13,2.9],"to":[12,-7,2.9],"rotation":{"angle":0,"axis":"y","origin":[15,-7,13.9]},"faces":{"north":{"uv":[1.33333,0,14.66667,10],"texture":"#2"},"east":{"uv":[2.5,8,5,10.25],"texture":"#2"},"south":{"uv":[14.66667,0,1.33333,10],"texture":"#2"},"west":{"uv":[2.5,8,5,10.25],"texture":"#2"},"up":{"uv":[0,0,0,0],"texture":"#2"},"down":{"uv":[0,0,0,0],"texture":"#2"}}}]}