{"display":{"thirdperson_righthand":{"rotation":[52,18,0.5],"translation":[-2.25,2.5,-4.5],"scale":[0.8,0.8,0.8]},"thirdperson_lefthand":{"rotation":[52,18,0.5],"translation":[-2.25,2.5,-4.5],"scale":[0.8,0.8,0.8]},"firstperson_righthand":{"rotation":[3,-0.5,2.5],"translation":[-0.5,-1.5,-5]},"firstperson_lefthand":{"rotation":[3,-0.5,2.5],"translation":[-0.5,-1.5,-5]},"ground":{"rotation":[0,0,90],"translation":[3,-0.5,-3.25],"scale":[0.8,0.8,0.8]},"gui":{"rotation":[-35,145,5],"translation":[-1.5,-2,0],"scale":[0.72,0.72,0.72]},"head":{"rotation":[90,20,90],"translation":[2,-2,7.75]},"fixed":{"rotation":[0,90,0],"translation":[-3.25,-4,-1]}},"texture_size":[64,48],"textures":{"0":"./granade_l","particle":"./granade_l"},"elements":[{"from":[8,9,15],"to":[8,11,17.5],"rotation":{"angle":0,"axis":"x","origin":[8,11,15]},"faces":{"north":{"uv":[0,0,0,3],"texture":"#0"},"east":{"uv":[5.5,9.33333,4.25,10.66667],"texture":"#0"},"south":{"uv":[0,0,0,3],"texture":"#0"},"west":{"uv":[4.25,9.33333,5.5,10.66667],"texture":"#0"},"up":{"uv":[0,0,0,2],"texture":"#0"},"down":{"uv":[0,0,0,2],"texture":"#0"}}},{"from":[6.5,8.75,19.5],"to":[9.5,12.75,26],"rotation":{"angle":0,"axis":"x","origin":[8.5,8.75,26.5]},"faces":{"north":{"uv":[12.75,0,13,2.66667],"texture":"#0"},"east":{"uv":[16,0,12.75,2.66667],"texture":"#0"},"south":{"uv":[12.75,6.66667,14.25,9.33333],"texture":"#0"},"west":{"uv":[12.75,0,16,2.66667],"texture":"#0"},"up":{"uv":[12.75,2.66667,16,4.66667],"rotation":90,"texture":"#0"},"down":{"uv":[12.75,4.66667,16,6.66667],"rotation":270,"texture":"#0"}}},{"from":[6.75,7.5,14],"to":[9.25,15.5,15],"rotation":{"angle":0,"axis":"x","origin":[8,8.5,23]},"faces":{"north":{"uv":[4,13.33333,8,15],"rotation":90,"texture":"#0"},"east":{"uv":[4,12.66667,0,13.33333],"rotation":270,"texture":"#0"},"south":{"uv":[0,13.33333,4,15],"rotation":90,"texture":"#0"},"west":{"uv":[0,12.66667,4,13.33333],"rotation":90,"texture":"#0"},"up":{"uv":[4.5,8,5.75,8.66667],"texture":"#0"},"down":{"uv":[4.5,8.66667,5.75,9.33333],"rotation":180,"texture":"#0"}}},{"from":[7,11.25,15],"to":[9,13.75,20],"rotation":{"angle":22.5,"axis":"x","origin":[9,13.75,15]},"faces":{"east":{"uv":[11.75,2,9.25,3.66667],"texture":"#0"},"west":{"uv":[9.25,2,11.75,3.66667],"texture":"#0"},"up":{"uv":[9.25,3.66667,11.75,5],"rotation":90,"texture":"#0"},"down":{"uv":[9.25,3.33333,11.75,3.66667],"rotation":270,"texture":"#0"}}},{"from":[6.75,9.75,19.5],"to":[9.25,12.75,23.5],"rotation":{"angle":45,"axis":"x","origin":[8.25,12.75,19.5]},"faces":{"north":{"uv":[12.5,5,12.75,7],"texture":"#0"},"east":{"uv":[11.25,5,9.25,7],"texture":"#0"},"south":{"uv":[11,5,11.25,7],"texture":"#0"},"west":{"uv":[9.25,5,11.25,7],"texture":"#0"},"up":{"uv":[9.25,1.33333,11.75,2.66667],"rotation":90,"texture":"#0"},"down":{"uv":[9.25,6.66667,11.25,7],"rotation":270,"texture":"#0"}}},{"from":[8,15.5,10.5],"to":[8,16.5,14.5],"rotation":{"angle":-45,"axis":"x","origin":[8,7.5,14]},"faces":{"north":{"uv":[0,0,0,3],"texture":"#0"},"east":{"uv":[6,12.66667,4,13.33333],"texture":"#0"},"south":{"uv":[0,0,0,3],"texture":"#0"},"west":{"uv":[4,12.66667,6,13.33333],"texture":"#0"},"up":{"uv":[0,0,0,2],"texture":"#0"},"down":{"uv":[0,0,0,2],"texture":"#0"}}},{"from":[6.75,7.5,7.5],"to":[9.25,8.5,14],"rotation":{"angle":-45,"axis":"x","origin":[8,7.5,14]},"faces":{"north":{"uv":[6,12.66667,7.25,13.33333],"texture":"#0"},"east":{"uv":[3.25,10.33333,0,11],"texture":"#0"},"south":{"uv":[3,10.33333,3.25,11],"texture":"#0"},"west":{"uv":[0,10.33333,3.25,11],"texture":"#0"},"up":{"uv":[0,9.33333,3.25,11],"rotation":90,"texture":"#0"},"down":{"uv":[0,11,3.25,12.66667],"rotation":270,"texture":"#0"}}},{"from":[6.75,14.5,7.5],"to":[9.25,15.5,14],"rotation":{"angle":-45,"axis":"x","origin":[8,7.5,14]},"faces":{"north":{"uv":[3.25,8,4.5,8.66667],"texture":"#0"},"east":{"uv":[3.25,8,0,8.66667],"texture":"#0"},"south":{"uv":[3.25,8.66667,4.5,9.33333],"texture":"#0"},"west":{"uv":[0,8,3.25,8.66667],"texture":"#0"},"up":{"uv":[0,8.66667,3.25,10.33333],"rotation":90,"texture":"#0"}}},{"from":[5,8.5,7.5],"to":[11,14.5,14],"rotation":{"angle":-45,"axis":"x","origin":[8,7.5,14]},"faces":{"north":{"uv":[3.25,4,6.25,8],"texture":"#0"},"east":{"uv":[3.25,0,0,4],"texture":"#0"},"south":{"uv":[6.25,2,9.25,6],"texture":"#0"},"west":{"uv":[0,0,3.25,4],"texture":"#0"},"up":{"uv":[0,4,3.25,8],"rotation":90,"texture":"#0"},"down":{"uv":[0,4,3.25,8],"rotation":270,"texture":"#0"}}},{"from":[6.75,9.5,0],"to":[9.25,11.5,7],"rotation":{"angle":-45,"axis":"x","origin":[8,7.5,14]},"faces":{"north":{"uv":[11.25,5.66667,12.5,7],"texture":"#0"},"east":{"uv":[12.75,7,9.25,8.33333],"texture":"#0"},"south":{"uv":[11.25,5.66667,12.5,7],"texture":"#0"},"west":{"uv":[9.25,7,12.75,8.33333],"texture":"#0"},"down":{"uv":[9.25,8.33333,12.75,10],"rotation":270,"texture":"#0"}}},{"from":[6.5,11.5,-2.5],"to":[9.5,14.5,7.5],"rotation":{"angle":-45,"axis":"x","origin":[8,7.5,14]},"faces":{"north":{"uv":[11.25,0,12.75,2],"texture":"#0"},"east":{"uv":[11.25,0,6.25,2],"texture":"#0"},"west":{"uv":[6.25,0,11.25,2],"texture":"#0"},"up":{"uv":[6.25,0,11.25,2],"rotation":90,"texture":"#0"},"down":{"uv":[6.25,0,11.25,2],"rotation":270,"texture":"#0"}}},{"from":[7,14.5,0.5],"to":[9,18.5,0.5],"rotation":{"angle":-45,"axis":"x","origin":[8,7.5,14]},"faces":{"north":{"uv":[3.25,9.33333,4.25,12],"texture":"#0"},"east":{"uv":[7,5,4.5,6],"texture":"#0"},"south":{"uv":[3.25,9.33333,4.25,12],"texture":"#0"},"west":{"uv":[4.5,5,7,6],"texture":"#0"},"up":{"uv":[0,0,0,2],"texture":"#0"},"down":{"uv":[0,0,0,2],"texture":"#0"}}}]}