{"display":{"thirdperson_righthand":{"rotation":[1.5,0,3.5],"translation":[0,-2.75,-3.5],"scale":[0.8,0.8,0.8]},"thirdperson_lefthand":{"rotation":[1.5,0,3.5],"translation":[0,-2.75,-3.5],"scale":[0.8,0.8,0.8]},"firstperson_righthand":{"rotation":[23,5,6],"translation":[3.25,-1,-13]},"firstperson_lefthand":{"rotation":[23,5,6],"translation":[3.25,-1,-13]},"ground":{"rotation":[0,0,90],"translation":[2,-0.25,-1],"scale":[0.8,0.8,0.8]},"gui":{"rotation":[-30,135,5],"translation":[-1,-2,0],"scale":[0.79,0.79,0.79]},"head":{"translation":[0,7.5,-1.5]},"fixed":{"rotation":[0,90,0],"translation":[0,-3.75,-1.5]}},"texture_size":[48,48],"textures":{"0":"./quick","particle":"./quick"},"elements":[{"from":[7.25,13.5,10.5],"to":[8.75,15,14.5],"rotation":{"angle":0,"axis":"y","origin":[7.25,13.5,10.5]},"faces":{"north":{"uv":[0,0,1,1],"texture":"#0"},"east":{"uv":[16,3.33333,15,6],"rotation":90,"texture":"#0"},"south":{"uv":[15,6,16,7],"texture":"#0"},"west":{"uv":[15,3.33333,16,6],"rotation":270,"texture":"#0"},"up":{"uv":[15,3.33333,16,6],"texture":"#0"},"down":{"uv":[15,3.33333,16,6],"rotation":180,"texture":"#0"}}},{"from":[8,4.25,12],"to":[8,10.25,15],"rotation":{"angle":0,"axis":"y","origin":[8,4.25,12]},"faces":{"north":{"uv":[0,0,0,1],"texture":"#0"},"east":{"uv":[10,6.33333,8,10.33333],"texture":"#0"},"south":{"uv":[0,0,0,1],"texture":"#0"},"west":{"uv":[8,6.33333,10,10.33333],"texture":"#0"},"up":{"uv":[0,0,0,1.66667],"texture":"#0"},"down":{"uv":[0,0,0,1.66667],"texture":"#0"}}},{"from":[4.25,12,14.5],"to":[8.25,13.5,14.5],"rotation":{"angle":-22.5,"axis":"z","origin":[8.25,13.5,14.5]},"faces":{"north":{"uv":[15,3.33333,12,4.33333],"texture":"#0"},"east":{"uv":[0,0,0.33333,0],"texture":"#0"},"south":{"uv":[12,3.33333,15,4.33333],"texture":"#0"},"west":{"uv":[0,0,0.33333,0],"texture":"#0"},"up":{"uv":[10.333,5.333,10.99933,6.333],"rotation":90,"texture":"#0"},"down":{"uv":[10.99933,5.333,10.333,6.333],"rotation":90,"texture":"#0"}}},{"from":[7,11.25,12.25],"to":[9,13.75,19.75],"rotation":{"angle":45,"axis":"x","origin":[7,13.75,12.5]},"faces":{"north":{"uv":[0,0,0.5,0.83333],"rotation":180,"texture":"#0"},"east":{"uv":[1.66667,11.33333,0,16],"rotation":90,"texture":"#0"},"south":{"uv":[1.333,15.66667,1.66567,15.99933],"texture":"#0"},"west":{"uv":[0,11.33333,1.66667,16],"rotation":270,"texture":"#0"},"up":{"uv":[1.66667,11.33333,3,16],"texture":"#0"},"down":{"uv":[0,11.33333,0.33333,16],"rotation":180,"texture":"#0"}}},{"from":[7,10.25,17.75],"to":[9,11.75,21.75],"rotation":{"angle":-22.5,"axis":"x","origin":[7,10.25,21.75]},"faces":{"north":{"uv":[0,0,0.5,0.83333],"rotation":180,"texture":"#0"},"east":{"uv":[2.66667,10.33333,0,11.33333],"texture":"#0"},"south":{"uv":[2.33333,10.33333,2.66667,11.33333],"texture":"#0"},"west":{"uv":[0,10.33333,2.66667,11.33333],"texture":"#0"},"up":{"uv":[2.66667,10,5.33333,11.33333],"rotation":90,"texture":"#0"},"down":{"uv":[0,12.333,0.333,15.99933],"rotation":180,"texture":"#0"}}},{"from":[7.25,5.75,-0.5],"to":[8.75,10.75,2],"rotation":{"angle":-22.5,"axis":"x","origin":[7.25,10.75,-0.5]},"faces":{"north":{"uv":[5.33333,6,6.33333,9.33333],"texture":"#0"},"east":{"uv":[7,2.66667,5.33333,5.99933],"texture":"#0"},"south":{"uv":[5.33333,6,6.33333,9.33333],"texture":"#0"},"west":{"uv":[5.33333,2.66667,6.99966,5.99933],"texture":"#0"},"up":{"uv":[0,0,0.5,0.83333],"texture":"#0"},"down":{"uv":[7,3.33333,8,5],"texture":"#0"}}},{"from":[5.75,10.25,4.5],"to":[10.25,15.25,12.5],"rotation":{"angle":0,"axis":"y","origin":[5.75,10.25,3]},"faces":{"north":{"uv":[12.33333,0,15.33333,3.33333],"texture":"#0"},"east":{"uv":[12.33333,0,7,3.33333],"texture":"#0"},"south":{"uv":[12.33333,0,15.33333,3.33333],"texture":"#0"},"west":{"uv":[7,0,12.33333,3.33333],"texture":"#0"},"up":{"uv":[0,2.66667,5.33333,5.66667],"rotation":90,"texture":"#0"},"down":{"uv":[0,5.66667,5.33333,8.66667],"rotation":270,"texture":"#0"}}},{"from":[6,10.75,-2],"to":[10,14.75,4.5],"rotation":{"angle":0,"axis":"y","origin":[5.5,10.5,-1.5]},"faces":{"north":{"uv":[4.33333,0,7,2.66667],"texture":"#0"},"east":{"uv":[4.33333,0,0,2.66667],"texture":"#0"},"west":{"uv":[0,0,4.33333,2.66667],"texture":"#0"},"up":{"uv":[0,0,4.33333,2.66667],"rotation":90,"texture":"#0"},"down":{"uv":[11.66667,8.66667,16,11.33333],"rotation":270,"texture":"#0"}}},{"from":[5.25,6.25,6],"to":[12.25,13.25,12],"rotation":{"angle":0,"axis":"y","origin":[4.5,5.75,6]},"faces":{"north":{"uv":[11.33333,11.33333,16,16],"texture":"#0"},"east":{"uv":[11.33333,11.33333,7.33333,16],"texture":"#0"},"south":{"uv":[16,11.33333,11.33333,16],"texture":"#0"},"west":{"uv":[7.33333,11.33333,11.33333,16],"texture":"#0"},"up":{"uv":[8,1.66667,12,6.33333],"rotation":90,"texture":"#0"},"down":{"uv":[7.33333,11.33333,3.33333,16],"rotation":90,"texture":"#0"}}},{"from":[6.75,6.75,15.75],"to":[9.25,10.25,21.75],"rotation":{"angle":0,"axis":"y","origin":[6,6.25,15.75]},"faces":{"north":{"uv":[1,5.66667,1.33333,8],"texture":"#0"},"east":{"uv":[5,5.66667,1,8],"texture":"#0"},"south":{"uv":[8,6,6.33333,8.33333],"texture":"#0"},"west":{"uv":[1,5.66667,5,8],"texture":"#0"},"up":{"uv":[1,8,5,9.66667],"rotation":90,"texture":"#0"},"down":{"uv":[5,7.66667,1,8],"rotation":90,"texture":"#0"}}}]}