{"display":{"thirdperson_righthand":{"rotation":[-27,0,0],"translation":[0,-6.25,-0.75]},"thirdperson_lefthand":{"rotation":[-27,0,0],"translation":[0,-6.25,-0.75]},"firstperson_righthand":{"rotation":[-75,-12,-2],"translation":[1.75,-2.25,5]},"firstperson_lefthand":{"rotation":[-75,-12,-2],"translation":[1.75,-2.25,5]},"ground":{"translation":[0,-3.5,2]},"gui":{"rotation":[30,135,0],"translation":[1.25,-3.5,0]},"head":{"translation":[0,-5.5,0],"scale":[1.9,1.9,1.9]},"fixed":{"rotation":[-90,0,0],"translation":[0,3,3.25],"scale":[1.58,1.58,1.58]}},"texture_size":[64,32],"textures":{"0":"./svar","particle":"./svar"},"elements":[{"from":[4.25,7.25,4.25],"to":[11.75,14.75,11.75],"rotation":{"angle":0,"axis":"y","origin":[4.25,12.25,-0.75]},"faces":{"east":{"uv":[8,9,10,13],"texture":"#0"},"south":{"uv":[14,9,16,13],"texture":"#0"},"west":{"uv":[12,9,14,13],"texture":"#0"}}},{"from":[11.75,7.25,4.25],"to":[4.25,14.75,11.75],"rotation":{"angle":0,"axis":"y","origin":[11.75,12.25,-0.75]},"faces":{"east":{"uv":[8,9,10,13],"texture":"#0"},"south":{"uv":[14,9,16,13],"texture":"#0"},"west":{"uv":[12,9,14,13],"texture":"#0"}}},{"from":[4,6.25,3.75],"to":[4,16.25,11.75],"rotation":{"angle":45,"axis":"x","origin":[4,13.25,6.75]},"faces":{"north":{"uv":[2,4,4,8],"texture":"#0"},"east":{"uv":[8,11,6,16],"texture":"#0"},"south":{"uv":[6,4,8,8],"texture":"#0"},"west":{"uv":[12,4,14,9],"texture":"#0"},"up":{"uv":[2,0,4,4],"rotation":180,"texture":"#0"},"down":{"uv":[4,0,6,4],"texture":"#0"}}},{"from":[12,6.25,3.75],"to":[12,16.25,11.75],"rotation":{"angle":45,"axis":"x","origin":[4,13.25,6.75]},"faces":{"north":{"uv":[2,4,4,8],"texture":"#0"},"east":{"uv":[8,4,10,9],"texture":"#0"},"south":{"uv":[6,4,8,8],"texture":"#0"},"west":{"uv":[6,11,8,16],"texture":"#0"},"up":{"uv":[2,0,4,4],"rotation":180,"texture":"#0"},"down":{"uv":[4,0,6,4],"texture":"#0"}}},{"from":[4,6.25,3.75],"to":[12,16.25,3.75],"rotation":{"angle":45,"axis":"x","origin":[4,13.25,6.75]},"faces":{"north":{"uv":[10,4,12,9],"texture":"#0"},"east":{"uv":[0,4,2,8],"texture":"#0"},"south":{"uv":[4,11,6,16],"texture":"#0"},"west":{"uv":[4,4,6,8],"texture":"#0"},"up":{"uv":[2,0,4,4],"rotation":180,"texture":"#0"},"down":{"uv":[4,0,6,4],"texture":"#0"}}},{"from":[3.75,6,3.5],"to":[12.25,16.5,3.5],"rotation":{"angle":45,"axis":"x","origin":[4,13.25,6.75]},"faces":{"north":{"uv":[14,4,16,9],"texture":"#0"},"east":{"uv":[0,4,2,8],"texture":"#0"},"south":{"uv":[14,4,16,9],"texture":"#0"},"west":{"uv":[4,4,6,8],"texture":"#0"},"up":{"uv":[2,0,4,4],"rotation":180,"texture":"#0"},"down":{"uv":[4,0,6,4],"texture":"#0"}}},{"from":[4,16.25,3.75],"to":[12,16.25,11.75],"rotation":{"angle":45,"axis":"x","origin":[4,13.25,6.75]},"faces":{"north":{"uv":[2,4,4,9],"texture":"#0"},"east":{"uv":[0,4,2,8],"texture":"#0"},"south":{"uv":[2,4,4,9],"texture":"#0"},"west":{"uv":[4,4,6,8],"texture":"#0"},"up":{"uv":[10,0,12,4],"rotation":180,"texture":"#0"},"down":{"uv":[0,12,2,16],"texture":"#0"}}}]}