{"display":{"thirdperson_righthand":{"rotation":[-14,-180,0],"translation":[0,1,-0.25]},"thirdperson_lefthand":{"rotation":[-14,-180,0],"translation":[0,1,-0.25]},"ground":{"translation":[0,-0.25,0]},"gui":{"rotation":[30,135,0],"translation":[0,-1.75,0]},"head":{"translation":[0,7.375,0],"scale":[1.9,1.9,1.9]},"fixed":{"rotation":[-90,0,0],"translation":[0,0.25,-3],"scale":[1.58,1.58,1.58]}},"texture_size":[32,32],"textures":{"0":"./minicrafter","1":"./stevemini","particle":"./minicrafter"},"elements":[{"from":[4,6,4],"to":[12,8,12],"rotation":{"angle":0,"axis":"y","origin":[12,13,12]},"faces":{"north":{"uv":[4,0,8,1],"texture":"#0"},"east":{"uv":[0,0,4,1],"texture":"#0"},"south":{"uv":[12,0,16,1],"texture":"#0"},"west":{"uv":[8,0,12,1],"texture":"#0"},"up":{"uv":[0,1,4,5],"rotation":180,"texture":"#0"},"down":{"uv":[4,1,0,5],"texture":"#0"}}},{"from":[5,8,6],"to":[11,9,10],"rotation":{"angle":0,"axis":"y","origin":[13,15,14]},"faces":{"north":{"uv":[4,1,7,1.5],"texture":"#0"},"east":{"uv":[7,1,9,1.5],"texture":"#0"},"south":{"uv":[4,3.5,7,4],"texture":"#0"},"west":{"uv":[7,1,9,1.5],"texture":"#0"},"up":{"uv":[4,1.5,7,3.5],"rotation":180,"texture":"#0"},"down":{"uv":[4,1,0,5],"texture":"#0"}}},{"from":[5,8,11],"to":[7,16,11],"rotation":{"angle":0,"axis":"y","origin":[13,15,19]},"faces":{"north":{"uv":[10,1,9,5],"texture":"#0"},"east":{"uv":[7,1,9,1.5],"texture":"#0"},"south":{"uv":[9,1,10,5],"texture":"#0"},"west":{"uv":[7,1,9,1.5],"texture":"#0"},"up":{"uv":[4,1.5,7,3.5],"rotation":180,"texture":"#0"},"down":{"uv":[4,1,0,5],"texture":"#0"}}},{"from":[12,8,4],"to":[15,8,12],"rotation":{"angle":22.5,"axis":"z","origin":[12,8,8]},"faces":{"north":{"uv":[4,4,8,6],"rotation":270,"texture":"#0"},"east":{"uv":[4,0,8,4],"rotation":270,"texture":"#0"},"south":{"uv":[12,4,16,6],"rotation":90,"texture":"#0"},"west":{"uv":[8,0,12,4],"rotation":90,"texture":"#0"},"up":{"uv":[4,5,0,6.5],"rotation":90,"texture":"#0"},"down":{"uv":[0,5,4,6.5],"rotation":90,"texture":"#0"}}},{"from":[12,8,4],"to":[15,12,4],"rotation":{"angle":22.5,"axis":"z","origin":[12,8,8]},"faces":{"north":{"uv":[4,5,6,6.5],"rotation":270,"texture":"#0"},"east":{"uv":[4,0,8,4],"rotation":270,"texture":"#0"},"south":{"uv":[6,5,4,6.5],"rotation":90,"texture":"#0"},"west":{"uv":[8,0,12,4],"rotation":90,"texture":"#0"},"up":{"uv":[8,4,12,6],"rotation":90,"texture":"#0"},"down":{"uv":[0,4,4,6],"rotation":90,"texture":"#0"}}},{"from":[15,8,4],"to":[15,12,12],"rotation":{"angle":22.5,"axis":"z","origin":[12,8,8]},"faces":{"north":{"uv":[4,4,8,6],"rotation":270,"texture":"#0"},"east":{"uv":[0,6.5,2,10.5],"rotation":270,"texture":"#0"},"south":{"uv":[12,4,16,6],"rotation":90,"texture":"#0"},"west":{"uv":[2,6.5,0,10.5],"rotation":90,"texture":"#0"},"up":{"uv":[8,4,12,6],"rotation":90,"texture":"#0"},"down":{"uv":[0,4,4,6],"rotation":90,"texture":"#0"}}},{"from":[12,8,12],"to":[15,12,12],"rotation":{"angle":22.5,"axis":"z","origin":[12,8,8]},"faces":{"north":{"uv":[16,5,14,6.5],"rotation":270,"texture":"#0"},"east":{"uv":[4,0,8,4],"rotation":270,"texture":"#0"},"south":{"uv":[14,5,16,6.5],"rotation":90,"texture":"#0"},"west":{"uv":[8,0,12,4],"rotation":90,"texture":"#0"},"up":{"uv":[8,4,12,6],"rotation":90,"texture":"#0"},"down":{"uv":[0,4,4,6],"rotation":90,"texture":"#0"}}},{"from":[1,8,4],"to":[4,8,12],"rotation":{"angle":-22.5,"axis":"z","origin":[4,8,8]},"faces":{"north":{"uv":[4,4,8,6],"rotation":90,"texture":"#0"},"east":{"uv":[8,0,12,4],"rotation":270,"texture":"#0"},"south":{"uv":[12,4,16,6],"rotation":270,"texture":"#0"},"west":{"uv":[4,0,8,4],"rotation":90,"texture":"#0"},"up":{"uv":[12,5,8,6.5],"rotation":270,"texture":"#0"},"down":{"uv":[8,5,12,6.5],"rotation":270,"texture":"#0"}}},{"from":[1,8,4],"to":[4,12,4],"rotation":{"angle":-22.5,"axis":"z","origin":[4,8,8]},"faces":{"north":{"uv":[6,5,8,6.5],"rotation":90,"texture":"#0"},"east":{"uv":[8,0,12,4],"rotation":270,"texture":"#0"},"south":{"uv":[8,5,6,6.5],"rotation":270,"texture":"#0"},"west":{"uv":[4,0,8,4],"rotation":90,"texture":"#0"},"up":{"uv":[0,4,4,6],"rotation":270,"texture":"#0"},"down":{"uv":[8,4,12,6],"rotation":270,"texture":"#0"}}},{"from":[1,8,4],"to":[1,12,12],"rotation":{"angle":-22.5,"axis":"z","origin":[4,8,8]},"faces":{"north":{"uv":[4,4,8,6],"rotation":90,"texture":"#0"},"east":{"uv":[4,6.5,2,10.5],"rotation":270,"texture":"#0"},"south":{"uv":[12,4,16,6],"rotation":270,"texture":"#0"},"west":{"uv":[2,6.5,4,10.5],"rotation":90,"texture":"#0"},"up":{"uv":[0,4,4,6],"rotation":270,"texture":"#0"},"down":{"uv":[8,4,12,6],"rotation":270,"texture":"#0"}}},{"from":[1,8,12],"to":[4,12,12],"rotation":{"angle":-22.5,"axis":"z","origin":[4,8,8]},"faces":{"north":{"uv":[14,5,12,6.5],"rotation":90,"texture":"#0"},"east":{"uv":[8,0,12,4],"rotation":270,"texture":"#0"},"south":{"uv":[12,5,14,6.5],"rotation":270,"texture":"#0"},"west":{"uv":[4,0,8,4],"rotation":90,"texture":"#0"},"up":{"uv":[0,4,4,6],"rotation":270,"texture":"#0"},"down":{"uv":[8,4,12,6],"rotation":270,"texture":"#0"}}},{"from":[7,11,8],"to":[9,13,10],"rotation":{"angle":0,"axis":"y","origin":[7.25,10.75,8.75]},"faces":{"north":{"uv":[2,2,4,4],"texture":"#1"},"east":{"uv":[0,2,2,4],"texture":"#1"},"south":{"uv":[6,2,8,4],"texture":"#1"},"west":{"uv":[4,2,6,4],"texture":"#1"},"up":{"uv":[2,0,4,2],"rotation":180,"texture":"#1"},"down":{"uv":[4,0,6,2],"texture":"#1"}}},{"from":[7,8,8.5],"to":[9,11,9.5],"rotation":{"angle":0,"axis":"y","origin":[12.5,15,13]},"faces":{"north":{"uv":[5,5,7,8],"texture":"#1"},"east":{"uv":[4,5,5,8],"texture":"#1"},"south":{"uv":[8,5,10,8],"texture":"#1"},"west":{"uv":[7,5,8,8],"texture":"#1"},"up":{"uv":[5,4,7,5],"rotation":180,"texture":"#1"},"down":{"uv":[7,4,9,5],"texture":"#1"}}},{"from":[6,8,8.5],"to":[7,11,9.5],"rotation":{"angle":22.5,"axis":"x","origin":[7.25,10.5,9]},"faces":{"north":{"uv":[12,1,11,4],"texture":"#1"},"east":{"uv":[13,1,12,4],"texture":"#1"},"south":{"uv":[14,1,13,4],"texture":"#1"},"west":{"uv":[11,1,10,4],"texture":"#1"},"up":{"uv":[11,0,12,1],"rotation":180,"texture":"#1"},"down":{"uv":[12,0,13,1],"texture":"#1"}}},{"from":[6,10,6.5],"to":[7,11,9.5],"rotation":{"angle":-45,"axis":"x","origin":[6.75,10.5,9]},"faces":{"north":{"uv":[6,8,7,9],"rotation":180,"texture":"#1"},"east":{"uv":[7,9,6,12],"rotation":270,"texture":"#1"},"south":{"uv":[5,8,6,9],"rotation":180,"texture":"#1"},"west":{"uv":[5,9,4,12],"rotation":90,"texture":"#1"},"up":{"uv":[6,9,5,12],"rotation":180,"texture":"#1"},"down":{"uv":[8,9,7,12],"texture":"#1"}}},{"from":[6,10,6.5],"to":[7,11,9.5],"rotation":{"angle":-45,"axis":"x","origin":[6.75,10.5,9]},"faces":{"north":{"uv":[14,8,15,9],"rotation":180,"texture":"#1"},"east":{"uv":[15,9,14,12],"rotation":270,"texture":"#1"},"south":{"uv":[13,8,14,9],"rotation":180,"texture":"#1"},"west":{"uv":[13,9,12,12],"rotation":90,"texture":"#1"},"up":{"uv":[14,9,13,12],"rotation":180,"texture":"#1"},"down":{"uv":[16,9,15,12],"texture":"#1"}}},{"from":[6,10,6.5],"to":[7,11,9.5],"rotation":{"angle":-22.5,"axis":"x","origin":[7,10.5,9]},"faces":{"north":{"uv":[10,8,11,9],"rotation":180,"texture":"#1"},"east":{"uv":[11,9,10,12],"rotation":270,"texture":"#1"},"south":{"uv":[9,8,10,9],"rotation":180,"texture":"#1"},"west":{"uv":[9,9,8,12],"rotation":90,"texture":"#1"},"up":{"uv":[10,9,9,12],"rotation":180,"texture":"#1"},"down":{"uv":[12,9,11,12],"texture":"#1"}}},{"from":[9,10,6.5],"to":[10,11,9.5],"rotation":{"angle":-22.5,"axis":"x","origin":[9,10.5,9]},"faces":{"north":{"uv":[12,4,13,5],"rotation":180,"texture":"#1"},"east":{"uv":[10,5,11,8],"rotation":270,"texture":"#1"},"south":{"uv":[11,4,12,5],"rotation":180,"texture":"#1"},"west":{"uv":[12,5,13,8],"rotation":90,"texture":"#1"},"up":{"uv":[11,5,12,8],"rotation":180,"texture":"#1"},"down":{"uv":[13,5,14,8],"texture":"#1"}}},{"from":[9,8,8.5],"to":[10,11,9.5],"rotation":{"angle":45,"axis":"x","origin":[9,10.5,9]},"faces":{"north":{"uv":[13,13,14,16],"texture":"#1"},"east":{"uv":[12,13,13,16],"texture":"#1"},"south":{"uv":[15,13,16,16],"texture":"#1"},"west":{"uv":[14,13,15,16],"texture":"#1"},"up":{"uv":[13,12,14,13],"rotation":180,"texture":"#1"},"down":{"uv":[14,12,15,13],"texture":"#1"}}},{"from":[9,8,8.5],"to":[10,11,9.5],"rotation":{"angle":22.5,"axis":"x","origin":[9,10.5,9]},"faces":{"north":{"uv":[9,13,10,16],"texture":"#1"},"east":{"uv":[8,13,9,16],"texture":"#1"},"south":{"uv":[11,13,12,16],"texture":"#1"},"west":{"uv":[10,13,11,16],"texture":"#1"},"up":{"uv":[9,12,10,13],"rotation":180,"texture":"#1"},"down":{"uv":[10,12,11,13],"texture":"#1"}}},{"from":[9,8,8.5],"to":[10,11,9.5],"rotation":{"angle":45,"axis":"x","origin":[9,10.5,9]},"faces":{"north":{"uv":[5,13,6,16],"texture":"#1"},"east":{"uv":[4,13,5,16],"texture":"#1"},"south":{"uv":[7,13,8,16],"texture":"#1"},"west":{"uv":[6,13,7,16],"texture":"#1"},"up":{"uv":[5,12,6,13],"rotation":180,"texture":"#1"},"down":{"uv":[6,12,7,13],"texture":"#1"}}}]}