{"display":{"thirdperson_righthand":{"rotation":[-22,0,-16],"translation":[1.5,1.25,-3.75]},"thirdperson_lefthand":{"rotation":[-22,0,-16],"translation":[1.5,1.25,-3.75]},"firstperson_righthand":{"rotation":[-64,19,-10],"translation":[1.25,0,0]},"firstperson_lefthand":{"rotation":[-64,19,-10],"translation":[1.25,0,0]},"ground":{"translation":[0,7,0]},"gui":{"rotation":[30,132,0],"translation":[1,2.75,0],"scale":[0.9,0.9,0.9]},"head":{"translation":[0,3.75,0],"scale":[1.75,1.75,1.75]},"fixed":{"rotation":[-90,0,0],"translation":[0,0,-14.25],"scale":[1.58,1.58,1.58]}},"texture_size":[32,32],"textures":{"0":"./muhojuk","particle":"./muhojuk"},"elements":[{"from":[4,2,4],"to":[12,10,12],"rotation":{"angle":0,"axis":"y","origin":[9,15,9]},"faces":{"north":{"uv":[4,0,8,4],"texture":"#0"},"east":{"uv":[0,0,4,4],"texture":"#0"},"south":{"uv":[12,0,16,4],"texture":"#0"},"west":{"uv":[8,0,12,4],"texture":"#0"},"up":{"uv":[4,4,8,8],"rotation":180,"texture":"#0"},"down":{"uv":[4,4,0,8],"texture":"#0"}}},{"from":[7,-2,4],"to":[9,5,6],"rotation":{"angle":22.5,"axis":"x","origin":[8,5,4]},"faces":{"north":{"uv":[9,4,10,7.5],"texture":"#0"},"east":{"uv":[8,4,9,7.5],"texture":"#0"},"south":{"uv":[10.5,4,11,7.5],"texture":"#0"},"west":{"uv":[10,4,11,7.5],"texture":"#0"}}},{"from":[9,2,0],"to":[9,6,4],"rotation":{"angle":-22.5,"axis":"y","origin":[9,4,4]},"faces":{"north":{"uv":[4,0,8,1.5],"texture":"#0"},"east":{"uv":[15,4,13,6],"texture":"#0"},"south":{"uv":[12,0,16,1.5],"texture":"#0"},"west":{"uv":[13,4,15,6],"texture":"#0"},"up":{"uv":[0,1.5,4,5.5],"rotation":180,"texture":"#0"},"down":{"uv":[0,0,0,0],"texture":"#0"}}},{"from":[7,2,0],"to":[7,6,4],"rotation":{"angle":22.5,"axis":"y","origin":[7,4,4]},"faces":{"north":{"uv":[4,0,8,1.5],"texture":"#0"},"east":{"uv":[15,4,13,6],"texture":"#0"},"south":{"uv":[12,0,16,1.5],"texture":"#0"},"west":{"uv":[13,4,15,6],"texture":"#0"},"up":{"uv":[0,1.5,4,5.5],"rotation":180,"texture":"#0"},"down":{"uv":[0,0,0,0],"texture":"#0"}}},{"from":[5,10,8],"to":[11,13,8],"rotation":{"angle":0,"axis":"z","origin":[5,10,10]},"faces":{"north":{"uv":[0,8,3,9.5],"texture":"#0"},"east":{"uv":[0,0,4,1.5],"texture":"#0"},"south":{"uv":[3,8,0,9.5],"texture":"#0"},"west":{"uv":[8,0,12,1.5],"texture":"#0"},"up":{"uv":[0,1.5,4,5.5],"rotation":180,"texture":"#0"},"down":{"uv":[0,0,0,0],"texture":"#0"}}},{"from":[5,10,10],"to":[11,13,10],"rotation":{"angle":0,"axis":"z","origin":[5,10,12]},"faces":{"north":{"uv":[0,9.5,3,11],"texture":"#0"},"east":{"uv":[0,0,4,1.5],"texture":"#0"},"south":{"uv":[3,9.5,0,11],"texture":"#0"},"west":{"uv":[8,0,12,1.5],"texture":"#0"},"up":{"uv":[0,1.5,4,5.5],"rotation":180,"texture":"#0"},"down":{"uv":[0,0,0,0],"texture":"#0"}}},{"from":[6,-2,3],"to":[10,-2,7],"rotation":{"angle":22.5,"axis":"x","origin":[8,5,4]},"faces":{"north":{"uv":[4,0,8,1.5],"texture":"#0"},"east":{"uv":[0,0,4,1.5],"texture":"#0"},"south":{"uv":[12,0,16,1.5],"texture":"#0"},"west":{"uv":[8,0,12,1.5],"texture":"#0"},"up":{"uv":[13,4,11,6],"texture":"#0"},"down":{"uv":[11,4,13,6],"rotation":180,"texture":"#0"}}},{"from":[9,6,2],"to":[14,11,7],"rotation":{"angle":0,"axis":"y","origin":[12,15,12]},"faces":{"north":{"uv":[2.5,13.5,5,16],"texture":"#0"},"east":{"uv":[0,13.5,2.5,16],"texture":"#0"},"south":{"uv":[7.5,13.5,10,16],"texture":"#0"},"west":{"uv":[5,13.5,7.5,16],"texture":"#0"},"up":{"uv":[2.5,11,5,13.5],"rotation":180,"texture":"#0"},"down":{"uv":[5,11,7.5,13.5],"rotation":270,"texture":"#0"}}},{"from":[2,6,2],"to":[7,11,7],"rotation":{"angle":0,"axis":"y","origin":[5,15,12]},"faces":{"north":{"uv":[2.5,13.5,5,16],"texture":"#0"},"east":{"uv":[0,11,2.5,13.5],"texture":"#0"},"south":{"uv":[10,13.5,7.5,16],"texture":"#0"},"west":{"uv":[10,13.5,12.5,16],"texture":"#0"},"up":{"uv":[2.5,11,5,13.5],"rotation":180,"texture":"#0"},"down":{"uv":[5,11,7.5,13.5],"texture":"#0"}}}]}