{"display":{"thirdperson_righthand":{"rotation":[8,-2,1],"translation":[-0.5,-6.5,-27],"scale":[1.6,1.6,1.6]},"thirdperson_lefthand":{"rotation":[8,-2,1],"translation":[-0.5,-6.5,-27],"scale":[1.6,1.6,1.6]},"firstperson_righthand":{"rotation":[27.5,9,6],"translation":[-1,2.5,-30.5],"scale":[2,2,2]},"firstperson_lefthand":{"rotation":[27.5,9,6],"translation":[-1,2.5,-30.5],"scale":[2,2,2]},"ground":{"rotation":[0,0,90],"translation":[6.75,-0.5,-19],"scale":[1.6,1.6,1.6]},"gui":{"rotation":[-35,135,5],"translation":[-8.5,1.75,0],"scale":[0.95,0.95,0.95]},"head":{"translation":[0,2.25,-19.25],"scale":[1.6,1.6,1.6]},"fixed":{"rotation":[0,90,0],"translation":[-25.25,-6.5,-2.25],"scale":[2,2,2]}},"texture_size":[64,64],"textures":{"0":"./backburner","1":"./flame1","particle":"./backburner"},"elements":[{"from":[7.5,12.75,15.5],"to":[8.5,13.75,24.5],"rotation":{"angle":0,"axis":"y","origin":[15.5,20.75,23.5]},"faces":{"east":{"uv":[9,0,0,1],"texture":"#0"},"west":{"uv":[0,0,9,1],"texture":"#0"},"up":{"uv":[0,1,9,2],"rotation":90,"texture":"#0"},"down":{"uv":[0,2,9,3],"rotation":270,"texture":"#0"}}},{"from":[7.5,12.75,12.5],"to":[8.5,13.75,15.5],"rotation":{"angle":-22.5,"axis":"x","origin":[8,13.75,15.5]},"faces":{"east":{"uv":[3,3,0,4],"texture":"#0"},"west":{"uv":[0,3,3,4],"texture":"#0"},"up":{"uv":[3,3,6,4],"rotation":90,"texture":"#0"},"down":{"uv":[6,3,9,4],"rotation":270,"texture":"#0"}}},{"from":[7.125,11.25,10.5],"to":[8.875,13,13.25],"rotation":{"angle":-22.5,"axis":"x","origin":[7.75,12,13.25]},"faces":{"north":{"uv":[2.75,4,4.5,5.75],"texture":"#0"},"east":{"uv":[0,4,2.75,5.75],"rotation":180,"texture":"#0"},"south":{"uv":[6.5,10.25,8.25,12],"texture":"#0"},"west":{"uv":[0,4,2.75,5.75],"texture":"#0"},"up":{"uv":[0,4,2.75,5.75],"rotation":90,"texture":"#0"},"down":{"uv":[0,4,2.75,5.75],"rotation":270,"texture":"#0"}}},{"from":[7.25,12,24],"to":[8.75,14.5,27],"rotation":{"angle":22.5,"axis":"x","origin":[7.25,12.5,24]},"faces":{"north":{"uv":[3,10.25,4.5,12.75],"texture":"#0"},"east":{"uv":[3,10.25,0,12.75],"texture":"#0"},"south":{"uv":[3,10.25,4.5,12.75],"texture":"#0"},"west":{"uv":[0,10.25,3,12.75],"texture":"#0"},"up":{"uv":[6.5,12.5,9.5,14],"rotation":90,"texture":"#0"},"down":{"uv":[6.5,12.5,9.5,14],"rotation":270,"texture":"#0"}}},{"from":[7.5,12,27],"to":[8.5,13,30.5],"rotation":{"angle":22.5,"axis":"x","origin":[7.5,12,27.25]},"faces":{"north":{"uv":[0,0,1.5,1.5],"texture":"#0"},"east":{"uv":[5.5,10.25,6.5,13.75],"rotation":90,"texture":"#0"},"south":{"uv":[3.5,12.75,4.5,13.75],"texture":"#0"},"west":{"uv":[4.5,10.25,5.5,13.75],"rotation":270,"texture":"#0"},"up":{"uv":[4.5,10.25,5.5,13.75],"texture":"#0"},"down":{"uv":[4.5,10.25,5.5,13.75],"rotation":180,"texture":"#0"}}},{"from":[8,10,28.5],"to":[8,11.25,31.25],"rotation":{"angle":22.5,"axis":"x","origin":[8,15.25,30]},"faces":{"north":{"uv":[0,0,0,0.625],"texture":"#0"},"east":{"uv":[0,14.25,2.75,12.75],"rotation":180,"texture":"#0"},"south":{"uv":[0,0,0,0.625],"texture":"#0"},"west":{"uv":[0,12.75,2.75,14],"texture":"#0"},"up":{"uv":[0,0,0,1.125],"texture":"#0"},"down":{"uv":[0,0,0,1.125],"texture":"#0"}}},{"from":[7.25,9.5,9.5],"to":[7.25,13,16],"rotation":{"angle":-22.5,"axis":"z","origin":[7.25,13,16]},"faces":{"north":{"uv":[0,0,0,4.5],"texture":"#0"},"east":{"uv":[16,12.5,9.5,16],"texture":"#0"},"south":{"uv":[0,0,0,4.5],"texture":"#0"},"west":{"uv":[9.5,12.5,16,16],"texture":"#0"},"up":{"uv":[0,0,0,12.5],"texture":"#0"},"down":{"uv":[0,0,0,12.5],"texture":"#0"}}},{"from":[8,12.75,23],"to":[12.25,12.75,30],"rotation":{"angle":-45,"axis":"z","origin":[7.75,12.75,35]},"faces":{"north":{"uv":[0,0,0,1.125],"rotation":90,"texture":"#0"},"east":{"uv":[0,0,0,3.125],"rotation":270,"texture":"#0"},"south":{"uv":[0,0,0,1.125],"rotation":270,"texture":"#0"},"west":{"uv":[0,0,0,3.125],"rotation":270,"texture":"#0"},"up":{"uv":[9,8.25,16,12.5],"rotation":270,"texture":"#0"},"down":{"uv":[16,8.25,9,12.5],"rotation":270,"texture":"#0"}}},{"from":[6.5,12.25,15.75],"to":[7.5,13.25,23.5],"rotation":{"angle":0,"axis":"y","origin":[14.5,20.25,23.75]},"faces":{"north":{"uv":[7.75,5.75,8.75,6.75],"texture":"#0"},"east":{"uv":[7.75,5.75,0,6.75],"texture":"#0"},"south":{"uv":[7.75,5.75,8.75,6.75],"texture":"#0"},"west":{"uv":[0,5.75,7.75,6.75],"texture":"#0"},"up":{"uv":[0,6.75,7.75,7.75],"rotation":90,"texture":"#0"},"down":{"uv":[0,6.5,7.75,6.75],"rotation":270,"texture":"#0"}}},{"from":[8.25,10.5,19],"to":[10.75,13,23],"rotation":{"angle":0,"axis":"y","origin":[16.25,18.5,27]},"faces":{"north":{"uv":[4,7.75,6.5,10.25],"texture":"#0"},"east":{"uv":[0,7.75,4,10.25],"texture":"#0"},"south":{"uv":[6.5,7.75,9,10.25],"texture":"#0"},"west":{"uv":[0,7.75,4,10.25],"rotation":180,"texture":"#0"},"up":{"uv":[0,7.75,4,10.25],"rotation":270,"texture":"#0"},"down":{"uv":[0,7.75,4,10.25],"rotation":90,"texture":"#0"}}},{"from":[10.365,10.885,16.75],"to":[8.645,12.605,19],"rotation":{"angle":0,"axis":"y","origin":[16.5,18.75,24.75]},"faces":{"east":{"uv":[2.25,14,4.5,15.75],"texture":"#0"},"west":{"uv":[4.5,14,2.25,15.75],"texture":"#0"},"up":{"uv":[4.5,14,6.75,15.75],"rotation":270,"texture":"#0"},"down":{"uv":[9,14,6.75,15.75],"rotation":270,"texture":"#0"}}},{"from":[8.625,10.875,16.75],"to":[10.375,12.625,19],"rotation":{"angle":0,"axis":"y","origin":[16.5,18.75,24.75]},"faces":{"east":{"uv":[4.5,4,6.75,5.75],"texture":"#0"},"west":{"uv":[6.75,4,4.5,5.75],"texture":"#0"},"up":{"uv":[6.75,4,9,5.75],"rotation":270,"texture":"#0"},"down":{"uv":[2.25,14,0,15.75],"rotation":270,"texture":"#0"}}},{"from":[8,6,-4],"to":[8,16,11],"shade":false,"rotation":{"angle":0,"axis":"x","origin":[8,11,6.75]},"faces":{"east":{"uv":[16,0,4,8],"texture":"#1"},"west":{"uv":[4,0,16,8],"texture":"#1"}}},{"from":[8,6,-4],"to":[8,16,11],"shade":false,"rotation":{"angle":45,"axis":"z","origin":[8,11,6.75]},"faces":{"east":{"uv":[16,0,4,8],"texture":"#1"},"west":{"uv":[4,0,16,8],"texture":"#1"}}},{"from":[8,6,-4],"to":[8,16,11],"shade":false,"rotation":{"angle":-45,"axis":"z","origin":[8,11,6.75]},"faces":{"east":{"uv":[16,0,4,8],"texture":"#1"},"west":{"uv":[4,0,16,8],"texture":"#1"}}}]}