{"display":{"thirdperson_righthand":{"rotation":[2,-1,-1],"translation":[-0.25,-4,2],"scale":[0.8,0.8,0.8]},"thirdperson_lefthand":{"rotation":[2,-1,-1],"translation":[-0.25,-4,2],"scale":[0.8,0.8,0.8]},"firstperson_righthand":{"rotation":[22,5,6],"translation":[3,-3.25,-6.25]},"firstperson_lefthand":{"rotation":[22,5,6],"translation":[3,-3.25,-6.25]},"ground":{"rotation":[0,0,90],"translation":[1.75,-2,3],"scale":[0.8,0.8,0.8]},"gui":{"rotation":[-35,135,5],"translation":[3,-5.75,0],"scale":[1.1,1.1,1.1]},"head":{"translation":[0,0,-0.25]},"fixed":{"rotation":[0,90,0],"translation":[4.25,-3.25,-0.25]}},"textures":{"particle":"./tec9"},"elements":[{"from":[8,11.5,4.25],"to":[8,13,7.25],"rotation":{"angle":0,"axis":"y","origin":[16,19.5,11.75]},"faces":{"north":{"uv":[0,0,0,2.5],"texture":"#particle"},"east":{"uv":[13.5,4,10.5,5.5],"texture":"#particle"},"south":{"uv":[0,0,0,2.5],"texture":"#particle"},"west":{"uv":[10.5,4,13.5,5.5],"texture":"#particle"},"up":{"uv":[0,0,0,2.5],"texture":"#particle"},"down":{"uv":[0,0,0,2.5],"texture":"#particle"}}},{"from":[8,15.5,-2.75],"to":[8,16.5,-1.25],"rotation":{"angle":0,"axis":"y","origin":[16,23.5,6.75]},"faces":{"north":{"uv":[0,0,0,1],"texture":"#particle"},"east":{"uv":[16,0,14.5,1],"texture":"#particle"},"south":{"uv":[0,0,0,1],"texture":"#particle"},"west":{"uv":[14.5,0,16,1],"texture":"#particle"},"up":{"uv":[0,0,0,1],"texture":"#particle"},"down":{"uv":[0,0,0,1],"texture":"#particle"}}},{"from":[6,14.5,5.25],"to":[7,15,5.25],"rotation":{"angle":0,"axis":"y","origin":[16,23.5,7.25]},"faces":{"north":{"uv":[15,3,16,3.5],"texture":"#particle"},"east":{"uv":[0,0.5,1,1],"texture":"#particle"},"south":{"uv":[15,3,16,3.5],"texture":"#particle"},"west":{"uv":[0,0.5,1,1],"rotation":180,"texture":"#particle"},"up":{"uv":[0,0,0,1],"texture":"#particle"},"down":{"uv":[0,0,0,1],"texture":"#particle"}}},{"from":[7,13,1.25],"to":[9,15.5,9.75],"rotation":{"angle":0,"axis":"y","origin":[14.75,22,12.25]},"faces":{"north":{"uv":[8.5,2.5,10.5,5],"texture":"#particle"},"east":{"uv":[8.5,2.5,0,5],"texture":"#particle"},"south":{"uv":[8.5,0,10.5,2.5],"texture":"#particle"},"west":{"uv":[0,0,8.5,2.5],"texture":"#particle"},"up":{"uv":[0,5,8.5,7],"rotation":90,"texture":"#particle"},"down":{"uv":[0,2,8.5,2.5],"rotation":270,"texture":"#particle"}}},{"from":[7,13.5,-2.75],"to":[9,15.5,1.25],"rotation":{"angle":0,"axis":"y","origin":[14.75,22.5,8.25]},"faces":{"east":{"uv":[14.5,2,10.5,0],"texture":"#particle"},"west":{"uv":[10.5,0,14.5,2],"texture":"#particle"},"up":{"uv":[10.5,0,14.5,2],"rotation":90,"texture":"#particle"},"down":{"uv":[14.5,2,10.5,0],"rotation":90,"texture":"#particle"}}},{"from":[8.99,13.51,-2.75],"to":[7.01,15.49,1.25],"rotation":{"angle":0,"axis":"y","origin":[16.75,22.5,8.25]},"faces":{"east":{"uv":[14.5,0,10.5,2],"texture":"#particle"},"west":{"uv":[10.5,2,14.5,0],"texture":"#particle"},"up":{"uv":[10.5,2,14.5,0],"rotation":90,"texture":"#particle"},"down":{"uv":[14.5,0,10.5,2],"rotation":90,"texture":"#particle"}}},{"from":[7.5,14,-3.25],"to":[8.5,15,1.25],"rotation":{"angle":0,"axis":"y","origin":[15.25,23,7.75]},"faces":{"north":{"uv":[15,2,16,3],"texture":"#particle"},"east":{"uv":[10.5,2,15,3],"texture":"#particle"},"west":{"uv":[10.5,2,15,3],"texture":"#particle"},"up":{"uv":[10.5,3,15,4],"rotation":90,"texture":"#particle"},"down":{"uv":[10.5,2.5,15,3],"rotation":270,"texture":"#particle"}}},{"from":[7.25,5,2.25],"to":[8.75,13,4.25],"rotation":{"angle":0,"axis":"y","origin":[15,14,13.25]},"faces":{"north":{"uv":[7.5,7,6,15],"texture":"#particle"},"east":{"uv":[6,7,4,15],"texture":"#particle"},"south":{"uv":[7.5,7,6,15],"texture":"#particle"},"west":{"uv":[4,7,6,15],"texture":"#particle"},"down":{"uv":[4,14.5,6,15],"rotation":270,"texture":"#particle"}}},{"from":[7.25,8,6.25],"to":[8.75,13,8.75],"rotation":{"angle":-22.5,"axis":"x","origin":[8.25,13,6.25]},"faces":{"north":{"uv":[0.5,7,0,12],"texture":"#particle"},"east":{"uv":[2.5,7,0,12],"texture":"#particle"},"south":{"uv":[2.5,7,4,12],"texture":"#particle"},"west":{"uv":[0,7,2.5,12],"texture":"#particle"},"down":{"uv":[0,11.5,2.5,12],"rotation":270,"texture":"#particle"}}}]}