{"display":{"thirdperson_righthand":{"rotation":[-9,0,-16],"translation":[0.25,-1,-2.75]},"thirdperson_lefthand":{"rotation":[-9,0,-16],"translation":[0.25,-1,-2.75]},"firstperson_righthand":{"rotation":[-50,0,0],"translation":[1.25,0,0]},"firstperson_lefthand":{"rotation":[-50,0,0],"translation":[1.25,0,0]},"ground":{"translation":[0,-2,0]},"gui":{"rotation":[30,132,0],"translation":[0,-0.25,0],"scale":[0.87,0.87,0.87]},"head":{"translation":[0,5.25,0],"scale":[1.9,1.9,1.9]},"fixed":{"rotation":[-90,0,0],"translation":[0,0,-1.75],"scale":[1.58,1.58,1.58]}},"texture_size":[32,32],"textures":{"0":"./fedora_hat_bl","particle":"./fedora_hat_bl"},"elements":[{"from":[2,7,2],"to":[14,7,14],"rotation":{"angle":0,"axis":"y","origin":[10,15,10]},"faces":{"north":{"uv":[4,4,8,5.5],"texture":"#0"},"east":{"uv":[0,4,4,5.5],"texture":"#0"},"south":{"uv":[12,4,16,5.5],"texture":"#0"},"west":{"uv":[8,4,12,5.5],"texture":"#0"},"up":{"uv":[0,5.5,6,11.5],"rotation":180,"texture":"#0"},"down":{"uv":[12,5.5,6,11.5],"texture":"#0"}}},{"from":[4,7,4],"to":[12,10,12],"rotation":{"angle":0,"axis":"y","origin":[12,15,12]},"faces":{"north":{"uv":[4,4,8,5.5],"texture":"#0"},"east":{"uv":[0,4,4,5.5],"texture":"#0"},"south":{"uv":[12,4,16,5.5],"texture":"#0"},"west":{"uv":[8,4,12,5.5],"texture":"#0"},"up":{"uv":[4,0,8,4],"rotation":180,"texture":"#0"},"down":{"uv":[7,6.5,11,10.5],"texture":"#0"}}}]}