{"display":{"thirdperson_righthand":{"rotation":[-9,0,-16],"translation":[0.25,-1,-2.75]},"thirdperson_lefthand":{"rotation":[-9,0,-16],"translation":[0.25,-1,-2.75]},"firstperson_righthand":{"rotation":[-50,0,0],"translation":[1.25,0,0]},"firstperson_lefthand":{"rotation":[-50,0,0],"translation":[1.25,0,0]},"ground":{"translation":[0,-1.25,0]},"gui":{"rotation":[30,135,0],"translation":[0.25,0,0]},"head":{"translation":[0,3.5,0],"scale":[1.9,1.9,1.9]},"fixed":{"rotation":[-90,0,0],"translation":[0,0,-2],"scale":[1.58,1.58,1.58]}},"texture_size":[32,32],"textures":{"0":"./shtrapnel","particle":"./shtrapnel"},"elements":[{"from":[4,7,2],"to":[12,7,13],"rotation":{"angle":0,"axis":"y","origin":[12,15,10]},"faces":{"north":{"uv":[4,4,8,5.5],"texture":"#0"},"east":{"uv":[0,4,4,5.5],"texture":"#0"},"south":{"uv":[12,4,16,5.5],"texture":"#0"},"west":{"uv":[8,4,12,5.5],"texture":"#0"},"up":{"uv":[0,5.5,4,11],"rotation":180,"texture":"#0"},"down":{"uv":[4,5.5,0,11],"texture":"#0"}}},{"from":[4,7,4],"to":[12,10,12],"rotation":{"angle":0,"axis":"y","origin":[12,15,12]},"faces":{"north":{"uv":[4,4,8,5.5],"texture":"#0"},"east":{"uv":[0,4,4,5.5],"texture":"#0"},"south":{"uv":[12,4,16,5.5],"texture":"#0"},"west":{"uv":[8,4,12,5.5],"texture":"#0"},"up":{"uv":[4,0,8,4],"rotation":180,"texture":"#0"},"down":{"uv":[8,0,12,4],"texture":"#0"}}},{"from":[4,2,4],"to":[4,7,12],"rotation":{"angle":0,"axis":"y","origin":[4,10,12]},"faces":{"north":{"uv":[4,4,8,5.5],"texture":"#0"},"east":{"uv":[12,5.5,8,8],"texture":"#0"},"south":{"uv":[12,4,16,5.5],"texture":"#0"},"west":{"uv":[8,5.5,12,8],"texture":"#0"},"up":{"uv":[4,0,8,4],"rotation":180,"texture":"#0"},"down":{"uv":[8,0,12,4],"texture":"#0"}}},{"from":[12,2,4],"to":[12,7,12],"rotation":{"angle":0,"axis":"y","origin":[12,10,12]},"faces":{"north":{"uv":[4,4,8,5.5],"texture":"#0"},"east":{"uv":[12,5.5,8,8],"texture":"#0"},"south":{"uv":[12,4,16,5.5],"texture":"#0"},"west":{"uv":[8,5.5,12,8],"texture":"#0"},"up":{"uv":[4,0,8,4],"rotation":180,"texture":"#0"},"down":{"uv":[8,0,12,4],"texture":"#0"}}},{"from":[8,7,6],"to":[8,11,13],"rotation":{"angle":0,"axis":"y","origin":[16,15.25,12]},"faces":{"north":{"uv":[4,5.5,8,7],"texture":"#0"},"east":{"uv":[7.5,5.5,4,7.5],"texture":"#0"},"south":{"uv":[12,5.5,16,7],"texture":"#0"},"west":{"uv":[4,5.5,7.5,7.5],"texture":"#0"},"up":{"uv":[4,7,8,11],"rotation":180,"texture":"#0"},"down":{"uv":[8,7,12,11],"texture":"#0"}}}]}