{"display":{"thirdperson_righthand":{"rotation":[-5,-6,3],"translation":[-4.5,-1.75,0.5]},"thirdperson_lefthand":{"rotation":[-5,-6,3],"translation":[-4.5,-1.75,0.5]},"firstperson_righthand":{"rotation":[-23,7,4],"translation":[0,1.25,3.5]},"firstperson_lefthand":{"rotation":[-23,7,4],"translation":[0,1.25,3.5]},"ground":{"translation":[0,-1.5,1.75]},"gui":{"rotation":[30,135,0],"translation":[1.25,-1,0],"scale":[1.4,1.4,1.4]},"head":{"translation":[0,-5.5,0],"scale":[1.9,1.9,1.9]},"fixed":{"rotation":[-90,0,0],"translation":[0,2.5,-1.5],"scale":[1.58,1.58,1.58]}},"texture_size":[64,32],"textures":{"0":"./medic_mask","particle":"./medic_mask"},"elements":[{"from":[4,7,4],"to":[4,15,12],"rotation":{"angle":0,"axis":"y","origin":[12,15,12]},"faces":{"north":{"uv":[2,4,4,8],"texture":"#0"},"east":{"uv":[6,4,4,8],"texture":"#0"},"south":{"uv":[6,4,8,8],"texture":"#0"},"west":{"uv":[4,4,6,8],"texture":"#0"},"up":{"uv":[2,0,4,4],"rotation":180,"texture":"#0"},"down":{"uv":[4,0,6,4],"texture":"#0"}}},{"from":[12,7,4],"to":[12,15,12],"rotation":{"angle":0,"axis":"y","origin":[20,15,12]},"faces":{"north":{"uv":[2,4,4,8],"texture":"#0"},"east":{"uv":[0,4,2,8],"texture":"#0"},"south":{"uv":[6,4,8,8],"texture":"#0"},"west":{"uv":[2,4,0,8],"texture":"#0"},"up":{"uv":[2,0,4,4],"rotation":180,"texture":"#0"},"down":{"uv":[4,0,6,4],"texture":"#0"}}},{"from":[4,7,4],"to":[12,15,4],"rotation":{"angle":0,"axis":"y","origin":[12,15,12]},"faces":{"north":{"uv":[2,4,4,8],"texture":"#0"},"east":{"uv":[0,4,2,8],"texture":"#0"},"south":{"uv":[4,4,2,8],"texture":"#0"},"west":{"uv":[4,4,6,8],"texture":"#0"},"up":{"uv":[2,0,4,4],"rotation":180,"texture":"#0"},"down":{"uv":[4,0,6,4],"texture":"#0"}}},{"from":[4,7,4],"to":[12,7,12],"rotation":{"angle":0,"axis":"y","origin":[12,15,12]},"faces":{"north":{"uv":[2,4,4,8],"texture":"#0"},"east":{"uv":[0,4,2,8],"texture":"#0"},"south":{"uv":[2,4,4,8],"texture":"#0"},"west":{"uv":[4,4,6,8],"texture":"#0"},"up":{"uv":[6,0,4,4],"rotation":180,"texture":"#0"},"down":{"uv":[4,0,6,4],"texture":"#0"}}},{"from":[4,7,12],"to":[12,15,12],"rotation":{"angle":0,"axis":"y","origin":[12,15,20]},"faces":{"north":{"uv":[8,4,6,8],"texture":"#0"},"east":{"uv":[0,4,2,8],"texture":"#0"},"south":{"uv":[6,4,8,8],"texture":"#0"},"west":{"uv":[4,4,6,8],"texture":"#0"},"up":{"uv":[2,0,4,4],"rotation":180,"texture":"#0"},"down":{"uv":[4,0,6,4],"texture":"#0"}}}]}