{"display":{"thirdperson_righthand":{"rotation":[-8,0,1],"translation":[0,-12,2.25]},"thirdperson_lefthand":{"rotation":[-8,0,1],"translation":[0,-12,2.25]},"firstperson_righthand":{"rotation":[11,-6.5,2],"translation":[3,-8.5,-5.5]},"firstperson_lefthand":{"rotation":[11,-6.5,2],"translation":[3,-8.5,-5.5]},"ground":{"translation":[0,3.25,-1]},"gui":{"rotation":[25,135,0],"translation":[-0.25,-2.75,0],"scale":[0.47,0.47,0.47]},"head":{"translation":[0,-25.75,-16],"scale":[1.6,1.6,1.6]},"fixed":{"rotation":[-90,0,0],"translation":[0,-2,-15.25],"scale":[2,2,2]}},"texture_size":[64,32],"textures":{"0":"./cameratexture","particle":"./cameratexture"},"elements":[{"from":[4,20,4],"to":[12,28,14],"rotation":{"angle":0,"axis":"y","origin":[12,28,12]},"faces":{"north":{"uv":[2.5,5,4.5,9],"texture":"#0"},"east":{"uv":[0,5,2.5,9],"texture":"#0"},"south":{"uv":[7,5,9,9],"texture":"#0"},"west":{"uv":[4.5,5,7,9],"texture":"#0"},"up":{"uv":[2.5,5,4.5,0],"texture":"#0"},"down":{"uv":[4.5,5,6.5,0],"texture":"#0"}}},{"from":[16,-0.5,8.5],"to":[17,21.5,9.5],"rotation":{"angle":22.5,"axis":"z","origin":[16,-0.5,8.5]},"faces":{"north":{"uv":[0,15.5,5.5,16],"rotation":270,"texture":"#0"},"east":{"uv":[0,15,5.5,15.5],"rotation":270,"texture":"#0"},"south":{"uv":[0,15.5,5.5,16],"rotation":270,"texture":"#0"},"west":{"uv":[0,15,5.5,15.5],"rotation":270,"texture":"#0"},"up":{"uv":[0,0,0.25,0.5],"texture":"#0"},"down":{"uv":[3.25,7,3.5,7.5],"texture":"#0"}}},{"from":[-1,-0.5,8.5],"to":[0,21.5,9.5],"rotation":{"angle":-22.5,"axis":"z","origin":[0,-0.5,8.5]},"faces":{"north":{"uv":[0,15.5,5.5,16],"rotation":270,"texture":"#0"},"east":{"uv":[0,15,5.5,15.5],"rotation":270,"texture":"#0"},"south":{"uv":[0,15.5,5.5,16],"rotation":270,"texture":"#0"},"west":{"uv":[0,15,5.5,15.5],"rotation":270,"texture":"#0"},"up":{"uv":[0,0,0.25,0.5],"texture":"#0"},"down":{"uv":[3.5,6.5,3.75,7],"texture":"#0"}}},{"from":[7.5,-0.5,0],"to":[8.5,21.5,1],"rotation":{"angle":22.5,"axis":"x","origin":[8.5,-0.5,1]},"faces":{"north":{"uv":[0,15.5,5.5,16],"rotation":270,"texture":"#0"},"east":{"uv":[0,15,5.5,15.5],"rotation":270,"texture":"#0"},"south":{"uv":[0,15.5,5.5,16],"rotation":270,"texture":"#0"},"west":{"uv":[0,15,5.5,15.5],"rotation":270,"texture":"#0"},"up":{"uv":[0,0,0.25,0.5],"texture":"#0"},"down":{"uv":[3.5,6.5,3.75,7],"texture":"#0"}}},{"from":[7.5,-0.5,17],"to":[8.5,21.5,18],"rotation":{"angle":-22.5,"axis":"x","origin":[8.5,-0.5,17]},"faces":{"north":{"uv":[0,15.5,5.5,16],"rotation":270,"texture":"#0"},"east":{"uv":[0,15,5.5,15.5],"rotation":270,"texture":"#0"},"south":{"uv":[0,15.5,5.5,16],"rotation":270,"texture":"#0"},"west":{"uv":[0,15,5.5,15.5],"rotation":270,"texture":"#0"},"up":{"uv":[0,0,0.25,0.5],"texture":"#0"},"down":{"uv":[3.5,6.5,3.75,7],"texture":"#0"}}}]}