{"display":{"thirdperson_righthand":{"rotation":[33,151,0],"translation":[0,5.25,4]},"thirdperson_lefthand":{"rotation":[33,151,0],"translation":[0,5.25,4]},"firstperson_righthand":{"rotation":[11,101,1],"translation":[1.75,-2.5,-5.75]},"firstperson_lefthand":{"rotation":[11,101,1],"translation":[1.75,-2.5,-5.75]},"ground":{"translation":[0,5.5,0]},"gui":{"rotation":[35,-45,0],"translation":[0,-0.5,0],"scale":[0.8,0.8,0.8]},"head":{"rotation":[0,-180,0],"translation":[0,19.5,0],"scale":[1.66,1.66,1.66]},"fixed":{"rotation":[0,90,-90],"translation":[0,0,-14],"scale":[2,2,2]}},"texture_size":[64,32],"textures":{"0":"./globus","particle":"./globus"},"elements":[{"from":[3,4,3],"to":[13,14,13],"rotation":{"angle":0,"axis":"z","origin":[7,1,8]},"faces":{"north":{"uv":[0,0,2.5,5],"texture":"#0"},"east":{"uv":[0,5,2.5,10],"texture":"#0"},"south":{"uv":[5,0,7.5,5],"texture":"#0"},"west":{"uv":[2.5,0,5,5],"texture":"#0"},"up":{"uv":[2.5,5,5,10],"rotation":90,"texture":"#0"},"down":{"uv":[7.5,5,5,10],"rotation":90,"texture":"#0"}}},{"from":[6,0,6],"to":[10,1,10],"rotation":{"angle":0,"axis":"y","origin":[13,8,8]},"faces":{"north":{"uv":[1,12,0,12.5],"texture":"#0"},"east":{"uv":[0,12,1,12.5],"texture":"#0"},"south":{"uv":[0,12.5,1,13],"texture":"#0"},"west":{"uv":[1,12.5,0,13],"texture":"#0"},"up":{"uv":[0,10,1,12],"rotation":270,"texture":"#0"},"down":{"uv":[0,13,1,15],"texture":"#0"}}},{"from":[1,1,8],"to":[11,17,8],"rotation":{"angle":0,"axis":"z","origin":[7,1,8]},"faces":{"north":{"uv":[7.5,0,10,8],"texture":"#0"},"east":{"uv":[3.5,4,4.5,5.5],"texture":"#0"},"south":{"uv":[10,0,7.5,8],"texture":"#0"},"west":{"uv":[0,0,6.5,9],"texture":"#0"},"up":{"uv":[3.5,4,4.5,4.5],"rotation":270,"texture":"#0"},"down":{"uv":[3.5,5,4.5,5.5],"rotation":90,"texture":"#0"}}}]}