{"display":{"thirdperson_righthand":{"rotation":[21,62,0],"translation":[-1.25,7.75,-3.75]},"thirdperson_lefthand":{"rotation":[21,62,0],"translation":[-1.25,7.75,-3.75]},"firstperson_righthand":{"rotation":[0,105,11],"translation":[1.75,5.25,-1]},"firstperson_lefthand":{"rotation":[0,105,11],"translation":[1.75,5.25,-1]},"ground":{"translation":[0,5,0]},"gui":{"rotation":[35,135,0],"translation":[-0.5,1.25,0],"scale":[0.77,0.77,0.77]},"head":{"translation":[0,19.5,0],"scale":[1.66,1.66,1.66]},"fixed":{"rotation":[-90,0,0],"translation":[0,-2,-14],"scale":[2,2,2]}},"texture_size":[32,32],"textures":{"0":"./laptop_new","particle":"./laptop_new"},"elements":[{"from":[1,1,13],"to":[15,11,14],"rotation":{"angle":0,"axis":"x","origin":[1.5,1,13]},"faces":{"north":{"uv":[0,0,7,5],"texture":"#0"},"east":{"uv":[7,0,7.5,5],"texture":"#0"},"south":{"uv":[7.5,0,14.5,5],"texture":"#0"},"west":{"uv":[7.5,0,7,5],"texture":"#0"},"up":{"uv":[0,0,7,0.5],"rotation":180,"texture":"#0"},"down":{"uv":[0,5,7,5.5],"texture":"#0"}}},{"from":[1,0,3],"to":[15,1,13],"rotation":{"angle":0,"axis":"y","origin":[10.5,8,12]},"faces":{"north":{"uv":[0,10.5,7,11],"texture":"#0"},"east":{"uv":[14.5,5.5,15,10.5],"rotation":270,"texture":"#0"},"south":{"uv":[0,5,7,5.5],"texture":"#0"},"west":{"uv":[7.5,5.5,7,10.5],"rotation":270,"texture":"#0"},"up":{"uv":[0,5.5,7,10.5],"rotation":180,"texture":"#0"},"down":{"uv":[7.5,5.5,14.5,10.5],"texture":"#0"}}}]}