{"display":{"thirdperson_righthand":{"rotation":[75,-45,0],"translation":[0,1.75,1],"scale":[0.375,0.375,0.375]},"thirdperson_lefthand":{"rotation":[75,-45,0],"translation":[0,1.75,1],"scale":[0.375,0.375,0.375]},"firstperson_righthand":{"rotation":[0,-45,0],"translation":[0,1.5,0.5],"scale":[0.4,0.4,0.4]},"firstperson_lefthand":{"rotation":[0,-45,0],"translation":[0,1.5,0.5],"scale":[0.4,0.4,0.4]},"ground":{"translation":[0,6,0]},"gui":{"rotation":[30,-45,0],"translation":[0,0.75,0],"scale":[0.45,0.45,0.45]},"head":{"rotation":[-180,0,0],"translation":[0,3.25,0]},"fixed":{"rotation":[90,0,0],"translation":[0,0,-14],"scale":[2.001,2.001,2.001]}},"textures":{"0":"./lantern_vent.png","1":"./vent_sailing.png","particle":"./lantern_vent"},"elements":[{"from":[4,0,4],"to":[12,5,12],"faces":{"north":{"uv":[0,0,8,5],"texture":"#0"},"east":{"uv":[0,0,8,5],"texture":"#0"},"south":{"uv":[0,0,8,5],"texture":"#0"},"west":{"uv":[0,0,8,5],"texture":"#0"},"up":{"uv":[0,5,8,13],"texture":"#0"},"down":{"uv":[0,5,8,13],"texture":"#0"}}},{"from":[-8,2,-8],"to":[24,2,24],"faces":{"north":{"uv":[0,0,16,0],"texture":"#1"},"east":{"uv":[0,0,16,0],"texture":"#1"},"south":{"uv":[0,0,16,0],"texture":"#1"},"west":{"uv":[0,0,16,0],"texture":"#1"},"up":{"uv":[0,0,16,16],"texture":"#1"},"down":{"uv":[16,0,0,16],"texture":"#1"}}},{"from":[5,15,5],"to":[11,16,11],"faces":{"north":{"uv":[10,6,16,7],"texture":"#0"},"east":{"uv":[10,6,16,7],"texture":"#0"},"south":{"uv":[10,6,16,7],"texture":"#0"},"west":{"uv":[10,6,16,7],"texture":"#0"},"up":{"uv":[10,0,16,6],"texture":"#0"},"down":{"uv":[10,0,16,6],"texture":"#0"}}}]}