{"display":{"thirdperson_righthand":{"rotation":[-18,-96,0],"translation":[-0.25,1.25,-6.5]},"thirdperson_lefthand":{"rotation":[18,-178,0],"translation":[-6,5.25,2.25]},"firstperson_righthand":{"rotation":[1,90,1],"translation":[-2.25,4.75,3.75]},"firstperson_lefthand":{"rotation":[1,143,1],"translation":[-1.25,5.5,-2]},"ground":{"rotation":[90,0,0],"translation":[0,-1,4.5]},"gui":{"rotation":[35,135,0],"translation":[0.25,3.5,0]},"head":{"translation":[0,19.5,0],"scale":[1.66,1.66,1.66]},"fixed":{"rotation":[-90,0,0],"translation":[0,-1,-14],"scale":[2,2,2]}},"texture_size":[32,32],"textures":{"0":"./tape_recorder"},"elements":[{"from":[2,0,6],"to":[14,7,10],"rotation":{"angle":0,"axis":"y","origin":[9.5,8,14]},"faces":{"north":{"uv":[0,0,6,3.5],"texture":"#0"},"east":{"uv":[2,11,4,14.5],"texture":"#0"},"south":{"uv":[0,5.5,6,9],"texture":"#0"},"west":{"uv":[0,11,2,14.5],"texture":"#0"},"up":{"uv":[0,3.5,6,5.5],"texture":"#0"},"down":{"uv":[0,9,6,11],"texture":"#0"}}},{"from":[6,1,5],"to":[10,3,6],"rotation":{"angle":0,"axis":"y","origin":[9.5,8,14]},"faces":{"north":{"uv":[2,2,4,3],"texture":"#0"},"east":{"uv":[3.5,2,4,3],"texture":"#0"},"south":{"uv":[2,2,4,3],"texture":"#0"},"west":{"uv":[2,2,2.5,3],"texture":"#0"},"up":{"uv":[2,2,4,2.5],"rotation":180,"texture":"#0"},"down":{"uv":[2,2.5,4,3],"texture":"#0"}}},{"from":[4,2,5],"to":[12,6,6],"rotation":{"angle":0,"axis":"y","origin":[10.5,15,15]},"faces":{"east":{"uv":[12,0.5,12.5,2.5],"texture":"#0"},"west":{"uv":[12,0.5,12.5,2.5],"texture":"#0"},"up":{"uv":[12,0,16,0.5],"rotation":180,"texture":"#0"},"down":{"uv":[12,0,16,0.5],"texture":"#0"}}},{"from":[12,2,5],"to":[4,6,6],"rotation":{"angle":0,"axis":"y","origin":[10.5,15,15]},"faces":{"east":{"uv":[12,0.5,12.5,2.5],"texture":"#0"},"west":{"uv":[12,0.5,12.5,2.5],"texture":"#0"},"up":{"uv":[16,0,12,0.5],"rotation":180,"texture":"#0"},"down":{"uv":[12,0,16,0.5],"texture":"#0"}}},{"from":[2,3,5],"to":[14,8,5],"rotation":{"angle":0,"axis":"y","origin":[9.5,15,16]},"faces":{"north":{"uv":[6,0,12,2.5],"texture":"#0"},"east":{"uv":[7.5,4.5,8,5],"texture":"#0"},"south":{"uv":[12,0,6,2.5],"texture":"#0"},"west":{"uv":[8,4.5,8.5,5],"texture":"#0"},"up":{"uv":[3.5,8,4.5,9],"rotation":270,"texture":"#0"},"down":{"uv":[3.5,10,4.5,11],"rotation":90,"texture":"#0"}}},{"from":[14,0,8],"to":[16,7,8],"rotation":{"angle":0,"axis":"y","origin":[9.5,15,16]},"faces":{"north":{"uv":[4,11,5,14.5],"texture":"#0"},"east":{"uv":[7.5,4.5,8,5],"texture":"#0"},"south":{"uv":[5,11,4,14.5],"texture":"#0"},"west":{"uv":[8,4.5,8.5,5],"texture":"#0"},"up":{"uv":[3.5,8,4.5,9],"rotation":270,"texture":"#0"},"down":{"uv":[3.5,10,4.5,11],"rotation":90,"texture":"#0"}}}]}