{"display":{"thirdperson_righthand":{"rotation":[40,39,0],"translation":[1.25,-1.75,-1]},"thirdperson_lefthand":{"rotation":[40,39,0],"translation":[1.25,-1.75,-1]},"firstperson_righthand":{"rotation":[18,32,-7],"translation":[1,-8,-5]},"firstperson_lefthand":{"rotation":[18,32,-7],"translation":[1,-8,-5]},"ground":{"translation":[0,5,0]},"gui":{"rotation":[30,132,0],"translation":[0,-2.25,0],"scale":[0.43,0.43,0.43]},"head":{"translation":[0,12.75,-0.5],"scale":[1.6,1.6,1.6]},"fixed":{"rotation":[-90,0,0],"translation":[0,-0.5,-14],"scale":[2,2,2]}},"texture_size":[64,64],"textures":{"0":"./snow_golem","particle":"./snow_golem"},"elements":[{"name":"bone3","from":[7,13.5,5.25],"to":[9,15.5,7.25],"faces":{"north":{"uv":[0.25,14.5,0.5,14.75],"texture":"#0"},"east":{"uv":[0,14.5,0.25,14.75],"texture":"#0"},"south":{"uv":[0.75,14.5,1,14.75],"texture":"#0"},"west":{"uv":[0.5,14.5,0.75,14.75],"texture":"#0"}}},{"name":"bone3","from":[8,13.5,7.25],"to":[8,17.5,13.25],"faces":{"north":{"uv":[3,21,3,23],"texture":"#missing"},"east":{"uv":[7,13,6.25,13.5],"texture":"#0"},"south":{"uv":[6,21,6,23],"texture":"#missing"},"west":{"uv":[6.25,13,7,13.5],"texture":"#0"},"up":{"uv":[3,21,3,18],"texture":"#missing"},"down":{"uv":[3,18,3,21],"texture":"#missing"}}},{"name":"bone4","from":[8,13.5,7.25],"to":[8,19.5,10.25],"faces":{"north":{"uv":[3,21,3,23],"texture":"#missing"},"east":{"uv":[8,13.125,7.625,13.875],"texture":"#0"},"south":{"uv":[6,21,6,23],"texture":"#missing"},"west":{"uv":[7.625,13.125,8,13.875],"texture":"#0"},"up":{"uv":[3,21,3,18],"texture":"#missing"},"down":{"uv":[3,18,3,21],"texture":"#missing"}}},{"name":"bone3","from":[7,19.5,13.25],"to":[9,23.5,17.25],"faces":{"north":{"uv":[4.75,10,5,10.5],"texture":"#0"},"east":{"uv":[4.25,10,4.75,10.5],"texture":"#0"},"south":{"uv":[5.5,10,5.75,10.5],"texture":"#0"},"west":{"uv":[5,10,5.5,10.5],"texture":"#0"}}},{"name":"bone4","from":[9,19.5,13.25],"to":[7,23.5,17.25],"faces":{"north":{"uv":[4.75,10,5,10.5],"texture":"#0"},"east":{"uv":[4.25,10,4.75,10.5],"texture":"#0"},"south":{"uv":[5.5,10,5.75,10.5],"texture":"#0"},"west":{"uv":[5,10,5.5,10.5],"texture":"#0"}}},{"name":"bone3","from":[4.5,12.5,13.25],"to":[11.5,19.5,18.25],"faces":{"north":{"uv":[8.625,14.75,9.5,15.625],"texture":"#0"},"east":{"uv":[8,14.75,8.625,15.625],"texture":"#0"},"south":{"uv":[10.125,14.75,11,15.625],"texture":"#0"},"west":{"uv":[9.5,14.75,10.125,15.625],"texture":"#0"},"up":{"uv":[9.5,14.75,8.625,14.125],"texture":"#0"},"down":{"uv":[10.375,14.125,9.5,14.75],"texture":"#0"}}},{"name":"bone4","from":[4.5,15.5,10.25],"to":[11.5,20.5,17.25],"rotation":{"angle":0,"axis":"x","origin":[8,16,15.25]},"faces":{"north":{"uv":[9.5,13.25,8.625,12.625],"rotation":180,"texture":"#0"},"east":{"uv":[8,13.25,8.625,14.125],"rotation":90,"texture":"#0"},"south":{"uv":[10.375,12.625,9.5,13.25],"texture":"#0"},"west":{"uv":[9.5,13.25,10.125,14.125],"rotation":270,"texture":"#0"},"up":{"uv":[10.125,13.25,11,14.125],"texture":"#0"},"down":{"uv":[8.625,13.25,9.5,14.125],"rotation":180,"texture":"#0"}}},{"name":"bone3","from":[5,23.5,10.25],"to":[11,28.5,18.25],"faces":{"north":{"uv":[5.75,11.875,6.5,12.5],"texture":"#0"},"east":{"uv":[4.75,11.875,5.75,12.5],"texture":"#0"},"south":{"uv":[7.5,11.875,8.25,12.5],"texture":"#0"},"west":{"uv":[6.5,11.875,7.5,12.5],"texture":"#0"},"up":{"uv":[6.5,11.875,5.75,10.875],"texture":"#0"},"down":{"uv":[7.25,10.875,6.5,11.875],"texture":"#0"}}},{"name":"bone3","from":[1,16.5,-4.75],"to":[4,19.5,9.25],"rotation":{"angle":0,"axis":"y","origin":[-1,0,0]},"faces":{"north":{"uv":[3,15.625,3.375,16],"texture":"#0"},"east":{"uv":[1.25,15.625,3,16],"texture":"#0"},"south":{"uv":[5.125,15.625,5.5,16],"texture":"#0"},"west":{"uv":[3.375,15.625,5.125,16],"texture":"#0"},"up":{"uv":[3.375,15.625,3,13.875],"texture":"#0"},"down":{"uv":[3.75,13.875,3.375,15.625],"texture":"#0"}}},{"name":"bone4","from":[12,16.5,-4.75],"to":[15,19.5,9.25],"rotation":{"angle":0,"axis":"y","origin":[17,0,0]},"faces":{"north":{"uv":[3.375,15.625,3,16],"texture":"#0"},"east":{"uv":[5.125,15.625,3.375,16],"texture":"#0"},"south":{"uv":[5.5,15.625,5.125,16],"texture":"#0"},"west":{"uv":[3,15.625,1.25,16],"texture":"#0"},"up":{"uv":[3,15.625,3.375,13.875],"texture":"#0"},"down":{"uv":[3.375,13.875,3.75,15.625],"texture":"#0"}}},{"name":"bone3","from":[0.75,16.25,-5],"to":[4.25,19.75,9.5],"rotation":{"angle":0,"axis":"y","origin":[-1,0,0]},"faces":{"east":{"uv":[5.5,15.625,7.25,16],"texture":"#0"},"south":{"uv":[9.375,15.625,9.75,16],"texture":"#0"},"west":{"uv":[7.625,15.625,9.375,16],"texture":"#0"},"up":{"uv":[7.625,15.625,7.25,13.875],"texture":"#0"},"down":{"uv":[8,13.875,7.625,15.625],"texture":"#0"}}},{"name":"bone4","from":[4.25,16.25,-5],"to":[0.75,19.75,9.5],"rotation":{"angle":0,"axis":"y","origin":[-1,0,0]},"faces":{"east":{"uv":[5.5,15.625,7.25,16],"texture":"#0"},"south":{"uv":[9.375,15.625,9.75,16],"texture":"#0"},"west":{"uv":[7.625,15.625,9.375,16],"texture":"#0"},"up":{"uv":[7.625,15.625,7.25,13.875],"texture":"#0"},"down":{"uv":[8,13.875,7.625,15.625],"texture":"#0"}}},{"name":"bone4","from":[11.75,16.25,-5],"to":[15.25,19.75,9.5],"rotation":{"angle":0,"axis":"y","origin":[17,0,0]},"faces":{"east":{"uv":[9.375,15.625,7.625,16],"texture":"#0"},"south":{"uv":[9.75,15.625,9.375,16],"texture":"#0"},"west":{"uv":[7.25,15.625,5.5,16],"texture":"#0"},"up":{"uv":[7.25,15.625,7.625,13.875],"texture":"#0"},"down":{"uv":[7.625,13.875,8,15.625],"texture":"#0"}}},{"name":"bone5","from":[15.25,16.25,-5],"to":[11.75,19.75,9.5],"rotation":{"angle":0,"axis":"y","origin":[17,0,0]},"faces":{"east":{"uv":[9.375,15.625,7.625,16],"texture":"#0"},"south":{"uv":[9.75,15.625,9.375,16],"texture":"#0"},"west":{"uv":[7.25,15.625,5.5,16],"texture":"#0"},"up":{"uv":[7.25,15.625,7.625,13.875],"texture":"#0"},"down":{"uv":[7.625,13.875,8,15.625],"texture":"#0"}}},{"name":"bone3","from":[3,15.5,5.25],"to":[13,16.5,7.25],"faces":{"north":{"uv":[1.75,15,3,15.125],"texture":"#0"},"east":{"uv":[1.375,15,1.625,15.125],"texture":"#0"},"south":{"uv":[1.75,15,3,15.125],"texture":"#0"},"west":{"uv":[1.375,15,1.625,15.125],"texture":"#0"},"down":{"uv":[2.75,14.75,1.5,15],"texture":"#0"}}},{"name":"bone4","from":[13,15.5,5.25],"to":[3,16.5,7.25],"faces":{"north":{"uv":[1.75,15,3,15.125],"texture":"#0"},"east":{"uv":[1.375,15,1.625,15.125],"texture":"#0"},"south":{"uv":[1.75,15,3,15.125],"texture":"#0"},"west":{"uv":[1.375,15,1.625,15.125],"texture":"#0"},"down":{"uv":[2.75,14.75,1.5,15],"texture":"#0"}}},{"name":"head_sub_4","from":[12.98142,15.46926,5.59278],"to":[12.98142,23.46926,12.59278],"shade":false,"rotation":{"angle":-22.5,"axis":"z","origin":[12.98142,20.46926,10.09278]},"faces":{"north":{"uv":[4.5,22.5,4.5,26.5],"texture":"#missing"},"east":{"uv":[10,11.625,9.125,12.625],"texture":"#0"},"south":{"uv":[9,22.5,9,26.5],"texture":"#missing"},"west":{"uv":[9.125,11.625,10,12.625],"texture":"#0"},"up":{"uv":[4.5,22.5,4.5,18],"texture":"#missing"},"down":{"uv":[4.5,18,4.5,22.5],"texture":"#missing"}}},{"name":"head_sub_5","from":[2.98142,15.46926,5.59278],"to":[2.98142,23.46926,12.59278],"shade":false,"rotation":{"angle":22.5,"axis":"z","origin":[2.98142,20.46926,10.09278]},"faces":{"north":{"uv":[4.5,22.5,4.5,26.5],"texture":"#missing"},"east":{"uv":[10,11.625,9.125,12.625],"texture":"#0"},"south":{"uv":[9,22.5,9,26.5],"texture":"#missing"},"west":{"uv":[9.125,11.625,10,12.625],"texture":"#0"},"up":{"uv":[4.5,22.5,4.5,18],"texture":"#missing"},"down":{"uv":[4.5,18,4.5,22.5],"texture":"#missing"}}},{"name":"bone6","from":[3.51858,16.46926,7.59278],"to":[3.51858,24.46926,16.59278],"rotation":{"angle":22.5,"axis":"y","origin":[3.51858,21.46926,12.09278]},"faces":{"north":{"uv":[4.5,22.5,4.5,26.5],"texture":"#missing"},"east":{"uv":[5.375,12.5,4.375,13.375],"texture":"#0"},"south":{"uv":[9,22.5,9,26.5],"texture":"#missing"},"west":{"uv":[4.375,12.5,5.375,13.375],"texture":"#0"},"up":{"uv":[4.5,22.5,4.5,18],"texture":"#missing"},"down":{"uv":[4.5,18,4.5,22.5],"texture":"#missing"}}},{"name":"head_sub_3","from":[12.48142,16.46926,7.59278],"to":[12.48142,24.46926,16.59278],"shade":false,"rotation":{"angle":-22.5,"axis":"y","origin":[12.48142,21.46926,12.09278]},"faces":{"north":{"uv":[4.5,22.5,4.5,26.5],"texture":"#missing"},"east":{"uv":[5.375,12.5,4.375,13.375],"texture":"#0"},"south":{"uv":[9,22.5,9,26.5],"texture":"#missing"},"west":{"uv":[4.375,12.5,5.375,13.375],"texture":"#0"},"up":{"uv":[4.5,22.5,4.5,18],"texture":"#missing"},"down":{"uv":[4.5,18,4.5,22.5],"texture":"#missing"}}},{"name":"bone4","from":[-1.25,12.5,6.25],"to":[3.75,20.5,15.25],"rotation":{"angle":22.5,"axis":"y","origin":[1.25,16.5,10.75]},"faces":{"east":{"uv":[3.75,14.625,4.875,15.625],"texture":"#0"},"west":{"uv":[5.5,14.625,6.625,15.625],"texture":"#0"},"up":{"uv":[5.5,14.625,4.875,13.5],"texture":"#0"},"down":{"uv":[6.125,13.5,5.5,14.625],"texture":"#0"}}},{"name":"bone5","from":[3.75,12.5,6.25],"to":[-1.25,20.5,15.25],"rotation":{"angle":22.5,"axis":"y","origin":[1.25,16.5,10.75]},"faces":{"east":{"uv":[6.625,14.625,5.5,15.625],"texture":"#0"},"west":{"uv":[4.875,14.625,3.75,15.625],"texture":"#0"},"up":{"uv":[4.875,14.625,5.5,13.5],"texture":"#0"},"down":{"uv":[5.5,13.5,6.125,14.625],"texture":"#0"}}},{"name":"bone5","from":[12.25,12.5,6.25],"to":[17.25,20.5,15.25],"rotation":{"angle":-22.5,"axis":"y","origin":[14.75,16.5,10.75]},"faces":{"east":{"uv":[6.625,14.625,5.5,15.625],"texture":"#0"},"west":{"uv":[4.875,14.625,3.75,15.625],"texture":"#0"},"up":{"uv":[4.875,14.625,5.5,13.5],"texture":"#0"},"down":{"uv":[5.5,13.5,6.125,14.625],"texture":"#0"}}},{"name":"bone6","from":[17.25,12.5,6.25],"to":[12.25,20.5,15.25],"rotation":{"angle":-22.5,"axis":"y","origin":[14.75,16.5,10.75]},"faces":{"east":{"uv":[3.75,14.625,4.875,15.625],"texture":"#0"},"west":{"uv":[5.5,14.625,6.625,15.625],"texture":"#0"},"up":{"uv":[5.5,14.625,4.875,13.5],"texture":"#0"},"down":{"uv":[6.125,13.5,5.5,14.625],"texture":"#0"}}},{"name":"bone2","from":[7,4.5,5.25],"to":[9,13.5,7.25],"faces":{"north":{"uv":[0.25,9.375,0.5,10.5],"texture":"#0"},"east":{"uv":[0,9.375,0.25,10.5],"texture":"#0"},"south":{"uv":[0.75,9.375,1,10.5],"texture":"#0"},"west":{"uv":[0.5,9.375,0.75,10.5],"texture":"#0"},"down":{"uv":[0.75,9.125,0.5,9.375],"texture":"#0"}}},{"name":"bone2","from":[5,6.5,4.25],"to":[11,13.5,8.25],"faces":{"east":{"uv":[0,13.25,0.5,14.125],"texture":"#0"},"west":{"uv":[1.25,13.25,1.75,14.125],"texture":"#0"}}},{"name":"bone3","from":[11,6.5,4.25],"to":[5,13.5,8.25],"faces":{"east":{"uv":[0,13.25,0.5,14.125],"texture":"#0"},"west":{"uv":[1.25,13.25,1.75,14.125],"texture":"#0"}}},{"name":"bone2","from":[5,0,4.25],"to":[11,5,11.25],"faces":{"south":{"uv":[2.5,12.25,3.25,12.875],"texture":"#0"},"up":{"uv":[1.625,12.25,0.875,11.375],"texture":"#0"},"down":{"uv":[2.375,11.375,1.625,12.25],"texture":"#0"}}},{"name":"bone3","from":[11,0,4.25],"to":[5,5,11.25],"faces":{"south":{"uv":[2.5,12.25,3.25,12.875],"texture":"#0"},"up":{"uv":[1.625,12.25,0.875,11.375],"texture":"#0"},"down":{"uv":[2.375,11.375,1.625,12.25],"texture":"#0"}}},{"name":"bone2","from":[2.5,0,4.25],"to":[13.5,7,16.25],"faces":{"north":{"uv":[1.5,10.5,2.875,11.375],"texture":"#0"},"east":{"uv":[0,10.5,1.5,11.375],"texture":"#0"},"west":{"uv":[2.875,10.5,4.375,11.375],"texture":"#0"}}},{"name":"bone3","from":[13.5,0,4.25],"to":[2.5,7,16.25],"faces":{"north":{"uv":[1.5,10.5,2.875,11.375],"texture":"#0"},"east":{"uv":[0,10.5,1.5,11.375],"texture":"#0"},"west":{"uv":[2.875,10.5,4.375,11.375],"texture":"#0"}}},{"name":"bone","from":[2,-0.26903,1.15433],"to":[14,11.73097,1.15433],"rotation":{"angle":22.5,"axis":"x","origin":[8,-0.269,1.15433]},"faces":{"north":{"uv":[0,7.5,1.5,9],"texture":"#0"},"east":{"uv":[0,18,0,24],"texture":"#missing"},"south":{"uv":[1.5,7.5,0,9],"texture":"#0"},"west":{"uv":[6,18,6,24],"texture":"#missing"},"up":{"uv":[6,18,0,18],"texture":"#missing"},"down":{"uv":[12,18,6,18],"texture":"#missing"}}}]}