{"display":{"thirdperson_righthand":{"rotation":[2,0.5,3],"translation":[0,-5.25,3],"scale":[0.8,0.8,0.8]},"thirdperson_lefthand":{"rotation":[2,0.5,3],"translation":[0,-5.25,3],"scale":[0.8,0.8,0.8]},"firstperson_righthand":{"rotation":[22,5.5,6],"translation":[1,-5.5,-4.5]},"firstperson_lefthand":{"rotation":[22,5.5,6],"translation":[1,-5.5,-4.5]},"ground":{"rotation":[0,0,90],"translation":[5.25,-2,2.75],"scale":[0.8,0.8,0.8]},"gui":{"rotation":[-35,135,5],"translation":[3,-9.75,0],"scale":[1.5,1.5,1.5]},"head":{"translation":[0,0.75,-0.25]},"fixed":{"rotation":[0,90,0],"translation":[3.25,-5.75,-0.25]}},"textures":{"0":"./pbpp","particle":"./pbpp"},"elements":[{"from":[8,12.5,2.25],"to":[8,14.5,5.25],"rotation":{"angle":0,"axis":"y","origin":[16,21,9.75]},"faces":{"north":{"uv":[0,0,0,2.5],"texture":"#0"},"east":{"uv":[6,6,3,8],"texture":"#0"},"south":{"uv":[0,0,0,2.5],"texture":"#0"},"west":{"uv":[3,6,6,8],"texture":"#0"},"up":{"uv":[0,0,0,2.5],"texture":"#0"},"down":{"uv":[0,0,0,2.5],"texture":"#0"}}},{"from":[7,14.5,1.25],"to":[9,16.5,7.75],"rotation":{"angle":0,"axis":"y","origin":[14.75,23.5,8.25]},"faces":{"north":{"uv":[6.5,0,8.5,2],"texture":"#0"},"east":{"uv":[6.5,4,0,6],"texture":"#0"},"south":{"uv":[6,0,6.5,2],"texture":"#0"},"west":{"uv":[0,0,6.5,2],"texture":"#0"},"up":{"uv":[0,2,6.5,4],"rotation":90,"texture":"#0"},"down":{"uv":[0,1.5,6.5,2],"rotation":270,"texture":"#0"}}},{"from":[7.25,12,3.75],"to":[8.75,16,6.25],"rotation":{"angle":-22.5,"axis":"x","origin":[8.25,16.5,7.75]},"faces":{"north":{"uv":[12.5,0,11,4],"texture":"#0"},"east":{"uv":[11,0,8.5,4],"texture":"#0"},"south":{"uv":[12.5,0,14,4],"texture":"#0"},"west":{"uv":[8.5,0,11,4],"texture":"#0"},"down":{"uv":[8.5,4,11,5.5],"rotation":270,"texture":"#0"}}},{"from":[7.25,14.5,6.25],"to":[8.75,16.5,7.75],"rotation":{"angle":-22.5,"axis":"x","origin":[8.25,16.5,7.75]},"faces":{"east":{"uv":[1.5,6,0,8],"texture":"#0"},"south":{"uv":[1.5,6,3,8],"texture":"#0"},"west":{"uv":[0,6,1.5,8],"texture":"#0"},"down":{"uv":[0,7.5,1.5,8],"rotation":270,"texture":"#0"}}}]}