{"display":{"thirdperson_righthand":{"rotation":[47,17,2.5],"translation":[-2.25,0.25,-6.25],"scale":[0.8,0.8,0.8]},"thirdperson_lefthand":{"rotation":[47,17,2.5],"translation":[-2.25,0.25,-6.25],"scale":[0.8,0.8,0.8]},"firstperson_righthand":{"rotation":[24.5,21,-10.5],"translation":[-4.5,0,-6.5]},"firstperson_lefthand":{"rotation":[24.5,21,-10.5],"translation":[-4.5,0,-6.5]},"ground":{"rotation":[0,0,90],"translation":[4.25,-0.75,-1.5],"scale":[0.8,0.8,0.8]},"gui":{"rotation":[-30,130,4],"translation":[-1.5,-3.5,0],"scale":[0.75,0.75,0.75]},"head":{"rotation":[0,51,90],"translation":[3,7.5,-5]},"fixed":{"rotation":[0,90,0],"translation":[-2.5,-6.5,-1.5]}},"texture_size":[48,48],"textures":{"particle":"./scout_scat"},"elements":[{"from":[6.75,12.75,0.5],"to":[9.25,14.75,9],"rotation":{"angle":0,"axis":"y","origin":[14.75,20.75,14.5]},"faces":{"north":{"uv":[5.66667,6.66667,7.33333,8],"texture":"#particle"},"east":{"uv":[5.66667,6.66667,0,8],"texture":"#particle"},"west":{"uv":[0,6.66667,5.66667,8],"texture":"#particle"},"up":{"uv":[4,1.66667,10,3],"rotation":90,"texture":"#particle"},"down":{"uv":[0,8,5.66667,9.66667],"rotation":270,"texture":"#particle"}}},{"from":[6.25,14.75,-1],"to":[9.75,16.25,9],"rotation":{"angle":0,"axis":"y","origin":[14.25,22.75,13]},"faces":{"north":{"uv":[6.66667,3.33333,9,4.33333],"texture":"#particle"},"east":{"uv":[6.66667,3.33333,0,4.33333],"texture":"#particle"},"west":{"uv":[0,3.33333,6.66667,4.33333],"texture":"#particle"},"up":{"uv":[0,4.33333,6.66667,6.66667],"rotation":90,"texture":"#particle"},"down":{"uv":[0,4,6.66667,4.33333],"rotation":270,"texture":"#particle"}}},{"from":[8,16.25,-0.5],"to":[8,17.25,1],"rotation":{"angle":0,"axis":"y","origin":[16,24.25,7.5]},"faces":{"north":{"uv":[5.333,13.333,6.333,14.66567],"texture":"#particle"},"east":{"uv":[7.66667,4.33333,6.66667,5],"texture":"#particle"},"south":{"uv":[0,0,0.5,0.5],"texture":"#particle"},"west":{"uv":[6.66667,4.33333,7.66667,5],"texture":"#particle"},"up":{"uv":[0,1,9,2],"rotation":90,"texture":"#particle"},"down":{"uv":[0,14.333,5.333,14.66567],"rotation":270,"texture":"#particle"}}},{"from":[8,11.75,13.75],"to":[8,14.25,20.75],"rotation":{"angle":22.5,"axis":"x","origin":[8,14.25,13.75]},"faces":{"north":{"uv":[5.333,13.333,6.333,14.66567],"texture":"#particle"},"east":{"uv":[13.66667,3.33333,9,5],"texture":"#particle"},"south":{"uv":[0,0,0.5,0.5],"texture":"#particle"},"west":{"uv":[9,3.33333,13.66667,5],"texture":"#particle"},"up":{"uv":[0,1,9,2],"rotation":90,"texture":"#particle"},"down":{"uv":[0,14.333,5.333,14.66567],"rotation":270,"texture":"#particle"}}},{"from":[6.75,13.25,12],"to":[9.25,16.25,15.5],"rotation":{"angle":0,"axis":"y","origin":[14.75,20.75,20]},"faces":{"east":{"uv":[2.33333,9.66667,0,11.66667],"texture":"#particle"},"south":{"uv":[2,9.66667,2.33333,11.66667],"texture":"#particle"},"west":{"uv":[0,9.66667,2.33333,11.66667],"texture":"#particle"},"up":{"uv":[0,11.66667,2.33333,13.33333],"rotation":90,"texture":"#particle"},"down":{"uv":[0,11.33333,2.33333,11.66667],"rotation":270,"texture":"#particle"}}},{"from":[5.5,12,9],"to":[10.5,17,12],"rotation":{"angle":0,"axis":"y","origin":[13.5,19.5,17]},"faces":{"north":{"uv":[6,0,9.33333,3.33333],"texture":"#particle"},"east":{"uv":[11.33333,0,9.33333,3.33333],"texture":"#particle"},"south":{"uv":[6,0,9.33333,3.33333],"texture":"#particle"},"west":{"uv":[0,0,2,3.33333],"texture":"#particle"},"up":{"uv":[2,0,4,3.33333],"rotation":90,"texture":"#particle"},"down":{"uv":[4,0,6,3.33333],"rotation":270,"texture":"#particle"}}},{"from":[7,13.75,15.5],"to":[9,16.25,22.5],"rotation":{"angle":22.5,"axis":"x","origin":[6.75,16.25,15.5]},"faces":{"east":{"uv":[4.66667,13.33333,0,15],"texture":"#particle"},"south":{"uv":[9.33333,13.33333,10.66667,15],"texture":"#particle"},"west":{"uv":[0,13.33333,4.66667,15],"texture":"#particle"},"up":{"uv":[4.66667,13.33333,9.33334,14.66666],"rotation":90,"texture":"#particle"},"down":{"uv":[4.66667,14.66667,9.33334,16],"rotation":270,"texture":"#particle"}}}]}