{"display":{"thirdperson_righthand":{"rotation":[6,-14.5,5],"translation":[-0.25,-2,-6.5],"scale":[0.8,0.8,0.8]},"thirdperson_lefthand":{"rotation":[6,-14.5,5],"translation":[-0.25,-2,-6.5],"scale":[0.8,0.8,0.8]},"firstperson_righthand":{"rotation":[2.5,-10,2],"translation":[11.5,-1.5,-5.5]},"firstperson_lefthand":{"translation":[-8.9,-1.25,-10]},"ground":{"rotation":[0,0,90],"translation":[4,-1.5,-1.5],"scale":[0.8,0.8,0.8]},"gui":{"rotation":[-45,145,30],"translation":[-1.25,-0.5,0],"scale":[0.46,0.46,0.46]},"head":{"rotation":[0,0,1],"translation":[0,3.25,0.25]},"fixed":{"rotation":[0,90,0],"translation":[-2,-3.75,-1.5]}},"texture_size":[64,64],"textures":{"particle":"./musket","1_0":"./musket"},"elements":[{"from":[7.25,12.25,-10.5],"to":[8.75,13.75,17.5],"rotation":{"angle":0,"axis":"y","origin":[15.25,19.75,10.25]},"faces":{"north":{"uv":[14,0,14.75,0.75],"texture":"#1_0"},"east":{"uv":[14,0,0,0.75],"texture":"#1_0"},"west":{"uv":[0,0,14,0.75],"texture":"#1_0"},"up":{"uv":[0,0.75,14,1.5],"rotation":90,"texture":"#1_0"},"down":{"uv":[0,0.5,14,0.75],"rotation":270,"texture":"#1_0"}}},{"from":[7,11.5,-8.5],"to":[9,13,11.5],"rotation":{"angle":0,"axis":"y","origin":[15,19,13.5]},"faces":{"north":{"uv":[10,1.5,11,2.25],"texture":"#1_0"},"east":{"uv":[10,1.5,0,2.25],"texture":"#1_0"},"south":{"uv":[3,5.66667,3.33333,6],"texture":"#1_0"},"west":{"uv":[0,1.5,10,2.25],"texture":"#1_0"},"up":{"uv":[0,1.5,10,1.75],"rotation":90,"texture":"#1_0"},"down":{"uv":[0,2.25,10,3.25],"rotation":270,"texture":"#1_0"}}},{"from":[6.75,10.5,11.5],"to":[9.25,13,19],"rotation":{"angle":0,"axis":"y","origin":[15,18.5,19.5]},"faces":{"north":{"uv":[8.25,3.25,9.5,4.5],"texture":"#1_0"},"east":{"uv":[3.75,4.5,0,5.75],"texture":"#1_0"},"west":{"uv":[0,3.25,3.75,4.5],"texture":"#1_0"},"up":{"uv":[0,5.75,3.75,7],"rotation":90,"texture":"#1_0"},"down":{"uv":[0,7,3.75,8.25],"rotation":270,"texture":"#1_0"}}},{"from":[6.75,8.5,22],"to":[9.25,12.5,32],"rotation":{"angle":0,"axis":"y","origin":[15,16.5,30]},"faces":{"north":{"uv":[0,8.25,0.25,10.25],"texture":"#1_0"},"east":{"uv":[5,8.25,0,10.25],"texture":"#1_0"},"south":{"uv":[5,8.25,6.25,10.25],"texture":"#1_0"},"west":{"uv":[0,8.25,5,10.25],"texture":"#1_0"},"up":{"uv":[0,10.25,5,11.5],"rotation":90,"texture":"#1_0"},"down":{"uv":[0,10,5,10.25],"rotation":270,"texture":"#1_0"}}},{"from":[9.5,12,14.5],"to":[9.5,15,17],"rotation":{"angle":45,"axis":"x","origin":[9.5,12.75,15.75]},"faces":{"north":{"uv":[0,0,0,3],"texture":"#1_0"},"east":{"uv":[6.5,5.75,7.75,7.25],"texture":"#1_0"},"south":{"uv":[0,0,0,3],"texture":"#1_0"},"west":{"uv":[7.75,5.75,6.5,7.25],"texture":"#1_0"},"up":{"uv":[0,0,0,4],"texture":"#1_0"},"down":{"uv":[0,0,0,4],"texture":"#1_0"}}},{"from":[9.5,13,13.5],"to":[9.5,15,14.5],"rotation":{"angle":0,"axis":"x","origin":[9.5,13.75,14.25]},"faces":{"north":{"uv":[0,0,0,3],"texture":"#1_0"},"east":{"uv":[6.5,5.75,6,6.75],"texture":"#1_0"},"south":{"uv":[0,0,0,3],"texture":"#1_0"},"west":{"uv":[6,5.75,6.5,6.75],"texture":"#1_0"},"up":{"uv":[0,0,0,4],"texture":"#1_0"},"down":{"uv":[0,0,0,4],"texture":"#1_0"}}},{"from":[8,8,15],"to":[8,10.5,20],"rotation":{"angle":0,"axis":"y","origin":[16,17,23.5]},"faces":{"north":{"uv":[0,0,0,2],"texture":"#1_0"},"east":{"uv":[2.5,11.5,0,12.75],"texture":"#1_0"},"south":{"uv":[0,0,0,2],"texture":"#1_0"},"west":{"uv":[0,11.5,2.5,12.75],"texture":"#1_0"},"up":{"uv":[0,0,0,4],"texture":"#1_0"},"down":{"uv":[0,0,0,4],"texture":"#1_0"}}},{"from":[6.5,11.25,17.5],"to":[9.5,13.75,22],"rotation":{"angle":22.5,"axis":"x","origin":[6.5,13.75,17.5]},"faces":{"north":{"uv":[3.75,3.25,4,4.5],"texture":"#1_0"},"east":{"uv":[6,3.25,3.75,4.5],"texture":"#1_0"},"south":{"uv":[5.75,3.25,6,4.5],"texture":"#1_0"},"west":{"uv":[3.75,3.25,6,4.5],"texture":"#1_0"},"up":{"uv":[3.75,4.5,6,6],"rotation":90,"texture":"#1_0"},"down":{"uv":[3.75,6,6,7.5],"rotation":270,"texture":"#1_0"}}},{"from":[7,8.5,24.5],"to":[9,11.5,31],"rotation":{"angle":22.5,"axis":"x","origin":[7,8.5,24.5]},"faces":{"north":{"uv":[0,7,0.333,8.333],"texture":"#1_0"},"east":{"uv":[14.25,1.5,11,3],"texture":"#1_0"},"south":{"uv":[14,1.5,14.25,3],"texture":"#1_0"},"west":{"uv":[11,1.5,14.25,3],"texture":"#1_0"},"up":{"uv":[0,8.333,1.99933,9.99933],"rotation":90,"texture":"#1_0"},"down":{"uv":[11,2.75,14.25,3],"rotation":270,"texture":"#1_0"}}},{"from":[7,8,19],"to":[9,12.5,22],"rotation":{"angle":-45,"axis":"x","origin":[7,12.5,22]},"faces":{"north":{"uv":[6,4.75,8.25,5.75],"rotation":90,"texture":"#1_0"},"east":{"uv":[8.25,3.25,6,4.75],"rotation":270,"texture":"#1_0"},"south":{"uv":[2,7,3.333,9.66567],"texture":"#1_0"},"west":{"uv":[6,3.25,8.25,4.75],"rotation":90,"texture":"#1_0"},"up":{"uv":[6,3.25,6.25,4.75],"rotation":180,"texture":"#1_0"},"down":{"uv":[8,3.25,8.25,4.75],"texture":"#1_0"}}}]}