{"display":{"thirdperson_righthand":{"rotation":[-33,7,-9],"translation":[-0.5,-4,-3.75]},"thirdperson_lefthand":{"rotation":[-33,7,-9],"translation":[-0.5,-4,-3.75]},"firstperson_righthand":{"rotation":[-20,0,0],"translation":[0,-3,0]},"firstperson_lefthand":{"rotation":[-20,0,0],"translation":[0,-3,0]},"gui":{"rotation":[30,135,0],"translation":[0,-2.5,0],"scale":[0.98,0.98,0.98]},"head":{"translation":[0,-4,0],"scale":[1.9,1.9,1.9]},"fixed":{"rotation":[-90,0,0],"translation":[0,0,-3.25],"scale":[1.58,1.58,1.58]}},"texture_size":[32,32],"textures":{"0":"./kabuto_fear","particle":"./kabuto_fear"},"elements":[{"from":[4,11,4],"to":[12,15,12],"rotation":{"angle":0,"axis":"y","origin":[12,15,12]},"faces":{"north":{"uv":[4,0,8,2],"texture":"#0"},"east":{"uv":[0,0,4,2],"texture":"#0"},"south":{"uv":[12,0,16,2],"texture":"#0"},"west":{"uv":[8,0,12,2],"texture":"#0"},"up":{"uv":[0,2,4,6],"rotation":180,"texture":"#0"},"down":{"uv":[4,2,8,6],"texture":"#0"}}},{"from":[4,10,4],"to":[12,12,4],"rotation":{"angle":45,"axis":"x","origin":[12,12,4]},"faces":{"north":{"uv":[4,6,8,7],"texture":"#0"},"east":{"uv":[6,13.5,4.5,16],"texture":"#0"},"south":{"uv":[8,6,4,7],"texture":"#0"},"west":{"uv":[4.5,13.5,6,16],"texture":"#0"},"up":{"uv":[0,0,0,0],"texture":"#0"},"down":{"uv":[0,0,0,0],"texture":"#0"}}},{"from":[3,11.75,3.75],"to":[13,21.75,3.75],"rotation":{"angle":0,"axis":"y","origin":[11,19.75,10.75]},"faces":{"north":{"uv":[0,11,5,16],"texture":"#0"},"east":{"uv":[6,13.5,4.5,16],"texture":"#0"},"south":{"uv":[0,11,5,16],"texture":"#0"},"west":{"uv":[4.5,13.5,6,16],"texture":"#0"},"up":{"uv":[0,0,0,0],"texture":"#0"},"down":{"uv":[0,0,0,0],"texture":"#0"}}},{"from":[11,7,4],"to":[12,11,12],"rotation":{"angle":22.5,"axis":"z","origin":[12,11,12]},"faces":{"north":{"uv":[12,2,12.5,4],"texture":"#0"},"east":{"uv":[12,2,8,4],"texture":"#0"},"south":{"uv":[12.5,2,13,4],"texture":"#0"}}},{"from":[12,7,4],"to":[11,11,12],"rotation":{"angle":22.5,"axis":"z","origin":[12,11,12]},"faces":{"north":{"uv":[12,2,12.5,4],"texture":"#0"},"south":{"uv":[12.5,2,13,4],"texture":"#0"},"west":{"uv":[8,2,12,4],"texture":"#0"}}},{"from":[4,7,4],"to":[5,11,12],"rotation":{"angle":-22.5,"axis":"z","origin":[4,11,12]},"faces":{"north":{"uv":[12,2,12.5,4],"texture":"#0"},"south":{"uv":[12.5,2,13,4],"texture":"#0"},"west":{"uv":[8,2,12,4],"texture":"#0"}}},{"from":[5,7,4],"to":[4,11,12],"rotation":{"angle":-22.5,"axis":"z","origin":[4,11,12]},"faces":{"north":{"uv":[12,2,12.5,4],"texture":"#0"},"east":{"uv":[12,2,8,4],"texture":"#0"},"south":{"uv":[12.5,2,13,4],"texture":"#0"}}},{"from":[4,6,12],"to":[12,11,12],"rotation":{"angle":-22.5,"axis":"x","origin":[12.5,11,12]},"faces":{"north":{"uv":[8,4,12,6.5],"texture":"#0"},"east":{"uv":[6,13.5,4.5,16],"texture":"#0"},"south":{"uv":[12,4,8,6.5],"texture":"#0"},"west":{"uv":[4.5,13.5,6,16],"texture":"#0"}}},{"from":[4.25,6,4.25],"to":[11.75,11,4.25],"rotation":{"angle":0,"axis":"x","origin":[12.75,11,4.25]},"faces":{"north":{"uv":[0,6,4,8.5],"texture":"#0"},"east":{"uv":[6,13.5,4.5,16],"texture":"#0"},"south":{"uv":[4,6,0,8.5],"texture":"#0"},"west":{"uv":[4.5,13.5,6,16],"texture":"#0"}}},{"from":[4,5.5,4],"to":[12,10.5,4],"rotation":{"angle":0,"axis":"x","origin":[12.5,10.5,4]},"faces":{"north":{"uv":[0,8.5,4,11],"texture":"#0"},"east":{"uv":[6,13.5,4.5,16],"texture":"#0"},"south":{"uv":[4,8.5,0,11],"texture":"#0"},"west":{"uv":[4.5,13.5,6,16],"texture":"#0"}}}]}