{"display":{"thirdperson_righthand":{"rotation":[-6,175,0],"translation":[0,0.5,-2]},"thirdperson_lefthand":{"rotation":[-6,175,0],"translation":[0,0.5,-2]},"firstperson_righthand":{"rotation":[-27,0,0]},"firstperson_lefthand":{"rotation":[-27,0,0]},"ground":{"translation":[0,-2,0]},"gui":{"rotation":[30,132,0],"translation":[0.5,-1.25,0],"scale":[1.1,1.1,1.1]},"head":{"translation":[0,5,0],"scale":[1.9,1.9,1.9]},"fixed":{"rotation":[-90,0,0],"translation":[0,0,-1.5],"scale":[1.58,1.58,1.58]}},"texture_size":[32,32],"textures":{"0":"./beret","particle":"./beret"},"elements":[{"from":[4,8,4],"to":[13,10,12],"rotation":{"angle":0,"axis":"x","origin":[8,9,8]},"faces":{"north":{"uv":[4,5.5,8.5,6.5],"texture":"#0"},"east":{"uv":[0,4.5,4,5.5],"texture":"#0"},"south":{"uv":[8.5,4.5,4,5.5],"texture":"#0"},"west":{"uv":[0,5.5,4,6.5],"texture":"#0"},"up":{"uv":[0,6.5,4.5,10.5],"rotation":180,"texture":"#0"},"down":{"uv":[0,5,4,5.5],"rotation":90,"texture":"#0"}}},{"from":[3.75,7.5,3.75],"to":[13.25,7.5,12.25],"rotation":{"angle":0,"axis":"x","origin":[8,9,8]},"faces":{"north":{"uv":[4,10.5,8.5,12],"texture":"#0"},"east":{"uv":[0,10.5,4,12],"texture":"#0"},"south":{"uv":[8.5,12,4,13.5],"texture":"#0"},"west":{"uv":[0,12,4,13.5],"texture":"#0"},"up":{"uv":[9,6.5,13.5,10.5],"rotation":180,"texture":"#0"},"down":{"uv":[9,6.5,13.5,10.5],"rotation":180,"texture":"#0"}}},{"from":[3.75,10.5,3.75],"to":[13.25,10.5,12.25],"rotation":{"angle":0,"axis":"x","origin":[8,9,8]},"faces":{"north":{"uv":[4,10.5,8.5,12],"texture":"#0"},"east":{"uv":[0,10.5,4,12],"texture":"#0"},"south":{"uv":[8.5,12,4,13.5],"texture":"#0"},"west":{"uv":[0,12,4,13.5],"texture":"#0"},"up":{"uv":[4.5,6.5,9,10.5],"rotation":180,"texture":"#0"},"down":{"uv":[9,6.5,4.5,10.5],"texture":"#0"}}},{"from":[3.75,7.5,3.75],"to":[3.75,10.5,12.25],"rotation":{"angle":0,"axis":"x","origin":[8,9,8]},"faces":{"north":{"uv":[4,10.5,8.5,12],"texture":"#0"},"east":{"uv":[0,12,4,13.5],"texture":"#0"},"south":{"uv":[8.5,12,4,13.5],"texture":"#0"},"west":{"uv":[4,12,0,13.5],"texture":"#0"},"up":{"uv":[4.5,6.5,9,10.5],"rotation":180,"texture":"#0"},"down":{"uv":[9,6.5,13.5,10.5],"rotation":180,"texture":"#0"}}},{"from":[13.25,7.5,3.75],"to":[13.25,10.5,12.25],"rotation":{"angle":0,"axis":"x","origin":[8,9,8]},"faces":{"north":{"uv":[4,10.5,8.5,12],"texture":"#0"},"east":{"uv":[4,10.5,0,12],"texture":"#0"},"south":{"uv":[8.5,12,4,13.5],"texture":"#0"},"west":{"uv":[0,10.5,4,12],"texture":"#0"},"up":{"uv":[4.5,6.5,9,10.5],"rotation":180,"texture":"#0"},"down":{"uv":[9,6.5,13.5,10.5],"rotation":180,"texture":"#0"}}},{"from":[3.75,7.5,3.75],"to":[13.25,10.5,3.75],"rotation":{"angle":0,"axis":"x","origin":[8,9,8]},"faces":{"north":{"uv":[4,10.5,8.5,12],"texture":"#0"},"east":{"uv":[0,10.5,4,12],"texture":"#0"},"south":{"uv":[8.5,12,4,13.5],"texture":"#0"},"west":{"uv":[0,12,4,13.5],"texture":"#0"},"up":{"uv":[4.5,6.5,9,10.5],"rotation":180,"texture":"#0"},"down":{"uv":[9,6.5,13.5,10.5],"rotation":180,"texture":"#0"}}},{"from":[3.75,7.5,12.25],"to":[13.25,10.5,12.25],"rotation":{"angle":0,"axis":"x","origin":[8,9,8]},"faces":{"north":{"uv":[4,12,8.5,13.5],"texture":"#0"},"east":{"uv":[0,10.5,4,12],"texture":"#0"},"south":{"uv":[8.5,12,4,13.5],"texture":"#0"},"west":{"uv":[0,12,4,13.5],"texture":"#0"},"up":{"uv":[4.5,6.5,9,10.5],"rotation":180,"texture":"#0"},"down":{"uv":[9,6.5,13.5,10.5],"rotation":180,"texture":"#0"}}},{"from":[4,7,4],"to":[12,8,12],"rotation":{"angle":0,"axis":"y","origin":[12,15,12]},"faces":{"north":{"uv":[0,0,4,0.5],"texture":"#0"},"east":{"uv":[12,0,16,0.5],"texture":"#0"},"south":{"uv":[4,0,8,0.5],"texture":"#0"},"west":{"uv":[8,0,12,0.5],"texture":"#0"},"up":{"uv":[0,0.5,4,4.5],"rotation":180,"texture":"#0"},"down":{"uv":[0,0.5,4,4.5],"texture":"#0"}}}]}