{"display":{"thirdperson_righthand":{"rotation":[7.5,1,2.5],"translation":[-0.25,-2.75,-3],"scale":[0.8,0.8,0.8]},"thirdperson_lefthand":{"rotation":[7.5,1,2.5],"translation":[-0.25,-2.75,-3],"scale":[0.8,0.8,0.8]},"firstperson_righthand":{"rotation":[23,4,6.5],"translation":[3.5,-1.75,-11]},"firstperson_lefthand":{"rotation":[23,4,6.5],"translation":[3.5,-1.75,-11]},"ground":{"rotation":[0,0,90],"translation":[4,-2,-0.25],"scale":[0.8,0.8,0.8]},"gui":{"rotation":[-35,135,5],"translation":[-0.25,-3,0],"scale":[0.95,0.95,0.95]},"head":{"rotation":[0,0,1],"translation":[0,2.75,1]},"fixed":{"rotation":[0,90,0],"translation":[0,-3.75,-1.5]}},"texture_size":[48,48],"textures":{"0":"./flint_pistol","particle":"./flint_pistol"},"elements":[{"from":[7.25,13,-1],"to":[8.75,14.5,12],"rotation":{"angle":0,"axis":"y","origin":[15.25,21,6.75]},"faces":{"north":{"uv":[8.66667,0,9.66667,1],"texture":"#0"},"east":{"uv":[8.66667,0,0,1],"texture":"#0"},"south":{"uv":[0,0,1.5,1.5],"texture":"#0"},"west":{"uv":[0,0,8.66667,1],"texture":"#0"},"up":{"uv":[0,1,8.66633,2],"rotation":90,"texture":"#0"},"down":{"uv":[7.333,1.333,7.66567,1.66567],"texture":"#0"}}},{"from":[7,12.25,1],"to":[9,13.75,7],"rotation":{"angle":0,"axis":"y","origin":[15,20.25,9]},"faces":{"north":{"uv":[4,2,5.333,2.99933],"texture":"#0"},"east":{"uv":[3.99933,2,0,3],"texture":"#0"},"south":{"uv":[3,5.66667,3.33333,6],"texture":"#0"},"west":{"uv":[0,2,3.99867,2.99933],"texture":"#0"},"up":{"uv":[0,2,3.99933,2.333],"rotation":90,"texture":"#0"},"down":{"uv":[0,3,3.99933,4.333],"rotation":270,"texture":"#0"}}},{"from":[7,11.75,7],"to":[9,13.75,13.5],"rotation":{"angle":0,"axis":"y","origin":[15,19.75,15]},"faces":{"north":{"uv":[0,4.33333,0.33333,5.66667],"texture":"#0"},"east":{"uv":[4.33333,4.33333,0,5.66667],"texture":"#0"},"south":{"uv":[2,10.8,3.6,11.2],"texture":"#0"},"west":{"uv":[4.33333,5.66667,8.66667,7],"texture":"#0"},"up":{"uv":[0,4.333,3.99933,4.66567],"rotation":90,"texture":"#0"},"down":{"uv":[0,5.66667,4.33333,7],"rotation":270,"texture":"#0"}}},{"from":[9.25,12.75,9.25],"to":[9.25,15.75,11.75],"rotation":{"angle":0,"axis":"x","origin":[9.25,14,10.5]},"faces":{"north":{"uv":[0,0,0,3],"texture":"#0"},"east":{"uv":[0.66667,11,2.33334,13],"texture":"#0"},"south":{"uv":[0,0,0,3],"texture":"#0"},"west":{"uv":[2.33333,11,0.66667,13],"texture":"#0"},"up":{"uv":[0,0,0,4],"texture":"#0"},"down":{"uv":[0,0,0,4],"texture":"#0"}}},{"from":[9.25,13.75,8.25],"to":[9.25,15.75,9.25],"rotation":{"angle":0,"axis":"x","origin":[9.25,15,9]},"faces":{"north":{"uv":[0,0,0,3],"texture":"#0"},"east":{"uv":[0.66667,11,0,12.33333],"texture":"#0"},"south":{"uv":[0,0,0,3],"texture":"#0"},"west":{"uv":[0,11,0.66667,12.33333],"texture":"#0"},"up":{"uv":[0,0,0,4],"texture":"#0"},"down":{"uv":[0,0,0,4],"texture":"#0"}}},{"from":[8,10.25,10],"to":[8,11.75,13],"rotation":{"angle":0,"axis":"y","origin":[16,18.25,18]},"faces":{"north":{"uv":[0,0,0,2],"texture":"#0"},"east":{"uv":[0,10,2,11],"texture":"#0"},"south":{"uv":[0,0,0,2],"texture":"#0"},"west":{"uv":[2,10,0,11],"texture":"#0"},"up":{"uv":[0,0,0,4],"texture":"#0"},"down":{"uv":[0,0,0,4],"texture":"#0"}}},{"from":[6.75,12.5,12],"to":[9.25,14.5,15],"rotation":{"angle":22.5,"axis":"x","origin":[6.75,14.5,12]},"faces":{"north":{"uv":[0,7,0.333,8.333],"texture":"#0"},"east":{"uv":[2,7,0,8.333],"texture":"#0"},"south":{"uv":[1.66667,7,1.99933,8.333],"texture":"#0"},"west":{"uv":[0,7,2,8.333],"texture":"#0"},"up":{"uv":[0,8.333,1.99933,9.99933],"rotation":90,"texture":"#0"},"down":{"uv":[0,8,1.99933,8.333],"rotation":90,"texture":"#0"}}},{"from":[7,11.25,14.75],"to":[9,13.25,18.75],"rotation":{"angle":45,"axis":"x","origin":[7,13.25,14.75]},"faces":{"north":{"uv":[0.66667,9,1,9.33333],"texture":"#0"},"east":{"uv":[5.66666,3,4.33333,5.66567],"rotation":90,"texture":"#0"},"south":{"uv":[4.33333,5.33333,5.66667,5.66667],"rotation":90,"texture":"#0"},"west":{"uv":[4.33333,3,5.66633,5.66567],"rotation":270,"texture":"#0"},"up":{"uv":[2,7,3.333,9.66567],"texture":"#0"},"down":{"uv":[4.33333,3,4.66633,5.66567],"rotation":180,"texture":"#0"}}},{"from":[6.75,9.5,15.75],"to":[9.25,10.5,17.75],"rotation":{"angle":-22.5,"axis":"x","origin":[6.75,9.5,17.75]},"faces":{"north":{"uv":[4.66667,7,6,7.66667],"texture":"#0"},"east":{"uv":[4.66667,7,3.33333,7.66667],"texture":"#0"},"south":{"uv":[4.33333,7,4.66599,7.66567],"texture":"#0"},"west":{"uv":[3.33333,7,4.66667,7.66667],"texture":"#0"},"up":{"uv":[3.333,7,4.99867,7.333],"rotation":90,"texture":"#0"},"down":{"uv":[3.33333,7.66667,5,9],"rotation":180,"texture":"#0"}}}]}