{"display":{"thirdperson_righthand":{"rotation":[60,10,-40],"translation":[-3.25,4,5]},"thirdperson_lefthand":{"rotation":[60,10,-40],"translation":[-3.25,4,5]},"firstperson_righthand":{"rotation":[11,11,-39],"translation":[-0.5,2,0.75]},"firstperson_lefthand":{"rotation":[11,11,-39],"translation":[-0.5,2,0.75]},"ground":{"translation":[0,5.5,0]},"gui":{"rotation":[10,163,0],"translation":[0,0.5,0],"scale":[0.85,0.85,0.85]},"head":{"translation":[0,19,0],"scale":[1.6,1.6,1.6]},"fixed":{"rotation":[0,90,-90],"translation":[0,0,-14],"scale":[2,2,2]}},"texture_size":[64,32],"textures":{"0":"./august","particle":"./august"},"elements":[{"from":[3,0,3],"to":[13,1,13],"faces":{"north":{"uv":[0,14,2.5,14.5],"rotation":180,"texture":"#0"},"east":{"uv":[2.25,8,2.5,13],"rotation":90,"texture":"#0"},"south":{"uv":[0,12.5,2.5,13],"texture":"#0"},"west":{"uv":[0,8,2.5,8.5],"texture":"#0"},"up":{"uv":[0,8,2.5,13],"texture":"#0"},"down":{"uv":[0,8,2.5,13],"rotation":270,"texture":"#0"}}},{"from":[3,1,3],"to":[13,3,4],"faces":{"north":{"uv":[2.5,13,0,14],"texture":"#0"},"east":{"uv":[0.25,12.5,0.75,13],"rotation":90,"texture":"#0"},"south":{"uv":[0.25,8,0.75,13],"rotation":90,"texture":"#0"},"west":{"uv":[0.25,8,0.75,8.5],"rotation":90,"texture":"#0"},"up":{"uv":[0,8,0.25,13],"rotation":270,"texture":"#0"}}},{"from":[4.4,0.6,2.9],"to":[11.4,2.6,2.9],"faces":{"north":{"uv":[2.5,11,11.25,16],"texture":"#0"}}},{"from":[4,1,6],"to":[12,7,10],"faces":{"north":{"uv":[7,0,9,3],"texture":"#0"},"east":{"uv":[9,0,10,3],"texture":"#0"},"south":{"uv":[10,0,12,3],"texture":"#0"},"west":{"uv":[6,0,7,3],"texture":"#0"},"up":{"uv":[0,0,5.25,3.5],"texture":"#0"},"down":{"uv":[0,0,5.25,3.5],"texture":"#0"}}},{"from":[4,7,4],"to":[12,15,12],"rotation":{"angle":0,"axis":"y","origin":[8,9,8]},"faces":{"north":{"uv":[2,0,4,4],"texture":"#0"},"east":{"uv":[0,0,2,4],"texture":"#0"},"south":{"uv":[2,4,4,8],"texture":"#0"},"west":{"uv":[4,0,6,4],"texture":"#0"},"up":{"uv":[0,4,2,8],"texture":"#0"},"down":{"uv":[4,4,6,8],"texture":"#0"}}},{"from":[3.75,6.75,3.75],"to":[12.25,15.25,12.25],"rotation":{"angle":0,"axis":"y","origin":[8,11,8]},"faces":{"north":{"uv":[12,8,14,12],"texture":"#0"},"east":{"uv":[16,8,14,12],"texture":"#0"},"south":{"uv":[14,12,16,16],"texture":"#0"},"west":{"uv":[14,8,16,12],"texture":"#0"},"up":{"uv":[14,4,12,8],"rotation":180,"texture":"#0"},"down":{"uv":[16,4,14,8],"texture":"#0"}}},{"from":[12.25,6.75,3.75],"to":[3.75,15.25,12.25],"rotation":{"angle":0,"axis":"y","origin":[8,11,8]},"faces":{"north":{"uv":[14,8,12,12],"texture":"#0"},"east":{"uv":[14,8,16,12],"texture":"#0"},"south":{"uv":[14,12,16,16],"texture":"#0"},"west":{"uv":[16,8,14,12],"texture":"#0"},"up":{"uv":[12,4,14,8],"rotation":180,"texture":"#0"},"down":{"uv":[16,4,14,8],"texture":"#0"}}},{"from":[12,3,6],"to":[15,7,10],"rotation":{"angle":0,"axis":"y","origin":[18,14,14]},"faces":{"north":{"uv":[12,0,12.75,2],"texture":"#0"},"east":{"uv":[12.75,0,13.75,2],"texture":"#0"},"south":{"uv":[13.75,0,14.5,2],"texture":"#0"},"up":{"uv":[15.25,2,14.5,0],"texture":"#0"},"down":{"uv":[15.25,0,14.5,2],"texture":"#0"}}},{"from":[1,3,6],"to":[4,7,10],"rotation":{"angle":0,"axis":"y","origin":[7,14,14]},"faces":{"north":{"uv":[12.75,0,12,2],"texture":"#0"},"south":{"uv":[14.5,0,13.75,2],"texture":"#0"},"west":{"uv":[13.75,0,12.75,2],"texture":"#0"},"up":{"uv":[14.5,2,15.25,0],"texture":"#0"},"down":{"uv":[14.5,0,15.25,2],"texture":"#0"}}},{"from":[3.75,0.75,5.75],"to":[12.25,7,5.75],"rotation":{"angle":0,"axis":"y","origin":[19.5,14.75,15.5]},"faces":{"north":{"uv":[7,3,9,6],"texture":"#0"},"south":{"uv":[9,3,7,6],"texture":"#0"}}},{"from":[0.75,6,5.75],"to":[4.25,7.25,10.25],"rotation":{"angle":0,"axis":"y","origin":[8.5,14.75,15.5]},"faces":{"north":{"uv":[14.5,2,13.75,2.5],"texture":"#0"},"east":{"uv":[12.75,2,13.75,2.5],"rotation":270,"texture":"#0"},"south":{"uv":[12.75,2,12,2.5],"texture":"#0"},"west":{"uv":[12.75,2,13.75,2.5],"texture":"#0"},"up":{"uv":[14.5,2,15.25,4],"texture":"#0"},"down":{"uv":[14.5,2,15.25,4],"texture":"#0"}}},{"from":[11.75,6,5.75],"to":[15.25,7.25,10.25],"rotation":{"angle":0,"axis":"y","origin":[2.5,6.625,8]},"faces":{"north":{"uv":[12.75,2,12,2.5],"texture":"#0"},"east":{"uv":[12.75,2,13.75,2.5],"texture":"#0"},"south":{"uv":[14.5,2,13.75,2.5],"texture":"#0"},"west":{"uv":[12.75,2,13.75,2.5],"rotation":270,"texture":"#0"},"up":{"uv":[14.5,2,15.25,4],"rotation":180,"texture":"#0"},"down":{"uv":[14.5,2,15.25,4],"rotation":180,"texture":"#0"}}}],"gui_light":"front"}