{"display":{"thirdperson_righthand":{"rotation":[90,0,0],"translation":[0,-2,5]},"thirdperson_lefthand":{"rotation":[90,0,0],"translation":[0,-2,5]},"firstperson_righthand":{"rotation":[112,21,-21],"translation":[-1,2.5,3.25]},"firstperson_lefthand":{"rotation":[112,21,-21],"translation":[-1,2.5,3.25]},"ground":{"rotation":[0,0,90],"translation":[-1,0,0]},"gui":{"rotation":[127,8,39],"translation":[-1,-1.25,0],"scale":[1.5,1.5,1.5]},"head":{"translation":[0,14.25,0],"scale":[2,2,2]},"fixed":{"rotation":[0,0,26],"translation":[-0.5,2,-2],"scale":[1.58,1.58,1.58]}},"texture_size":[32,16],"textures":{"0":"./pip_boy","particle":"./pip_boy"},"elements":[{"from":[5.5,4,5.5],"to":[10.5,10,10.5],"rotation":{"angle":0,"axis":"y","origin":[13.5,12,13.5]},"faces":{"north":{"uv":[2.5,0,0,6],"texture":"#0"},"east":{"uv":[5,0,2.5,6],"texture":"#0"},"south":{"uv":[7.5,0,5,6],"texture":"#0"},"west":{"uv":[10,0,7.5,6],"texture":"#0"},"up":{"uv":[12.5,0,10,5],"texture":"#0"},"down":{"uv":[10,0,12.5,5],"rotation":180,"texture":"#0"}}},{"from":[5.25,3.75,5.25],"to":[10.75,10.25,10.75],"rotation":{"angle":0,"axis":"y","origin":[13.5,12,13.5]},"faces":{"north":{"uv":[2.5,7,0,13],"texture":"#0"},"east":{"uv":[5,7,2.5,13],"texture":"#0"},"south":{"uv":[5,7,7.5,13],"texture":"#0"},"west":{"uv":[10,7,7.5,13],"texture":"#0"},"up":{"uv":[12.5,6,10,11],"texture":"#0"},"down":{"uv":[10,6,12.5,11],"rotation":180,"texture":"#0"}}},{"from":[10.75,3.75,5.25],"to":[5.25,10.25,10.75],"rotation":{"angle":0,"axis":"y","origin":[13.5,12,13.5]},"faces":{"north":{"uv":[0,7,2.5,13],"texture":"#0"},"east":{"uv":[7.5,7,10,13],"texture":"#0"},"south":{"uv":[7.5,7,5,13],"texture":"#0"},"west":{"uv":[2.5,7,5,13],"texture":"#0"},"up":{"uv":[10,6,12.5,11],"texture":"#0"},"down":{"uv":[12.5,6,10,11],"rotation":180,"texture":"#0"}}}]}