{"display":{"thirdperson_righthand":{"rotation":[90,0,-7],"translation":[-2.25,-1.75,7.75]},"thirdperson_lefthand":{"rotation":[60,90,-7],"translation":[-1,6,6]},"firstperson_righthand":{"rotation":[1,-2,3.5],"translation":[-0.5,4.5,3]},"firstperson_lefthand":{"rotation":[1,-2,3.5],"translation":[-0.5,4.5,3]},"ground":{"translation":[0,5,0]},"gui":{"rotation":[35,-135,0],"translation":[0,2.5,0],"scale":[0.9,0.9,0.9]},"head":{"translation":[0,19.75,0],"scale":[1.66,1.66,1.66]},"fixed":{"rotation":[0,90,-90],"translation":[0,0,-14],"scale":[2,2,2]}},"texture_size":[32,32],"textures":{"0":"./posilka","particle":"./posilka"},"elements":[{"from":[4.5,0,1.5],"to":[11.5,8,14.5],"rotation":{"angle":0,"axis":"y","origin":[12.5,8,9.5]},"faces":{"north":{"uv":[6.5,0,10,4],"texture":"#0"},"east":{"uv":[0,0,6.5,4],"texture":"#0"},"south":{"uv":[10,0,6.5,4],"texture":"#0"},"west":{"uv":[6.5,0,0,4],"texture":"#0"},"up":{"uv":[0,4,6.5,7.5],"rotation":270,"texture":"#0"},"down":{"uv":[6.5,4,13,7.5],"rotation":90,"texture":"#0"}}},{"from":[4.25,-0.25,1.25],"to":[4.25,8.25,14.75],"rotation":{"angle":0,"axis":"y","origin":[12.25,7.75,9.25]},"faces":{"north":{"uv":[6.5,7.5,10,11.5],"texture":"#0"},"east":{"uv":[0,7.5,6.5,11.5],"texture":"#0"},"south":{"uv":[10,7.5,6.5,11.5],"texture":"#0"},"west":{"uv":[6.5,7.5,0,11.5],"texture":"#0"},"up":{"uv":[0,11.5,6.5,15],"rotation":270,"texture":"#0"},"down":{"uv":[6.5,11.5,13,15],"rotation":90,"texture":"#0"}}},{"from":[11.75,-0.25,1.25],"to":[11.75,8.25,14.75],"rotation":{"angle":0,"axis":"y","origin":[19.75,7.75,9.25]},"faces":{"north":{"uv":[6.5,7.5,10,11.5],"texture":"#0"},"east":{"uv":[0,7.5,6.5,11.5],"texture":"#0"},"south":{"uv":[10,7.5,6.5,11.5],"texture":"#0"},"west":{"uv":[6.5,7.5,0,11.5],"texture":"#0"},"up":{"uv":[0,11.5,6.5,15],"rotation":270,"texture":"#0"},"down":{"uv":[6.5,11.5,13,15],"rotation":90,"texture":"#0"}}},{"from":[4.25,8.25,1.25],"to":[11.75,8.25,14.75],"rotation":{"angle":0,"axis":"y","origin":[12.25,16.25,9.25]},"faces":{"north":{"uv":[6.5,7.5,10,11.5],"texture":"#0"},"east":{"uv":[0,7.5,6.5,11.5],"texture":"#0"},"south":{"uv":[10,7.5,6.5,11.5],"texture":"#0"},"west":{"uv":[6.5,7.5,0,11.5],"texture":"#0"},"up":{"uv":[0,11.5,6.5,15],"rotation":270,"texture":"#0"},"down":{"uv":[0,11.5,6.5,15],"rotation":90,"texture":"#0"}}},{"from":[4.25,-0.25,1.25],"to":[11.75,-0.25,14.75],"rotation":{"angle":0,"axis":"y","origin":[12.25,7.75,9.25]},"faces":{"north":{"uv":[6.5,7.5,10,11.5],"texture":"#0"},"east":{"uv":[0,7.5,6.5,11.5],"texture":"#0"},"south":{"uv":[10,7.5,6.5,11.5],"texture":"#0"},"west":{"uv":[6.5,7.5,0,11.5],"texture":"#0"},"up":{"uv":[6.5,11.5,13,15],"rotation":270,"texture":"#0"},"down":{"uv":[6.5,11.5,13,15],"rotation":90,"texture":"#0"}}},{"from":[4.25,-0.25,14.75],"to":[11.75,8.25,14.75],"rotation":{"angle":0,"axis":"y","origin":[12.25,7.75,22.75]},"faces":{"north":{"uv":[6.5,7.5,10,11.5],"texture":"#0"},"east":{"uv":[0,7.5,6.5,11.5],"texture":"#0"},"south":{"uv":[10,7.5,6.5,11.5],"texture":"#0"},"west":{"uv":[6.5,7.5,0,11.5],"texture":"#0"},"up":{"uv":[0,11.5,6.5,15],"rotation":270,"texture":"#0"},"down":{"uv":[6.5,11.5,13,15],"rotation":90,"texture":"#0"}}},{"from":[4.25,-0.25,1.25],"to":[11.75,8.25,1.25],"rotation":{"angle":0,"axis":"y","origin":[12.25,7.75,9.25]},"faces":{"north":{"uv":[6.5,7.5,10,11.5],"texture":"#0"},"east":{"uv":[0,7.5,6.5,11.5],"texture":"#0"},"south":{"uv":[10,7.5,6.5,11.5],"texture":"#0"},"west":{"uv":[6.5,7.5,0,11.5],"texture":"#0"},"up":{"uv":[0,11.5,6.5,15],"rotation":270,"texture":"#0"},"down":{"uv":[6.5,11.5,13,15],"rotation":90,"texture":"#0"}}}]}