{"display":{"thirdperson_righthand":{"rotation":[5,-17,3],"translation":[0,-3.75,-5],"scale":[0.8,0.8,0.8]},"thirdperson_lefthand":{"rotation":[5,-17,3],"translation":[0,-3.75,-5],"scale":[0.8,0.8,0.8]},"firstperson_righthand":{"rotation":[2.5,-10,0.5],"translation":[10.25,-1.5,-3.25]},"firstperson_lefthand":{"translation":[-8.95,-0.43,-4]},"ground":{"rotation":[0,0,90],"translation":[3.75,-1.75,-2.5],"scale":[0.8,0.8,0.8]},"gui":{"rotation":[-45,145,30],"translation":[-1.5,-2.25,0],"scale":[0.55,0.55,0.55]},"head":{"rotation":[90,20,90],"translation":[5.25,-5.25,7.5],"scale":[1.28,1.28,1.28]},"fixed":{"rotation":[0,90,0],"translation":[-2,-5.5,-1]}},"texture_size":[48,48],"textures":{"particle":"./classic"},"elements":[{"from":[7.25,15.5,14],"to":[8.75,19.5,17.5],"rotation":{"angle":0,"axis":"x","origin":[8.75,17,15]},"faces":{"north":{"uv":[14.33333,7.33333,15.33333,10],"texture":"#particle"},"east":{"uv":[14.33333,7.33333,12,10],"texture":"#particle"},"south":{"uv":[14.33333,7.33333,15.33333,10],"texture":"#particle"},"west":{"uv":[12,7.33333,14.33333,10],"texture":"#particle"},"up":{"uv":[12,10,14.33333,11],"rotation":90,"texture":"#particle"}}},{"from":[8,15.5,4],"to":[8,19,14],"rotation":{"angle":0,"axis":"z","origin":[8,17.5,17]},"faces":{"north":{"uv":[0,0,1,1],"texture":"#particle"},"east":{"uv":[12,7.33333,5.33333,9.66666],"texture":"#particle"},"south":{"uv":[4.5,0,5,0.66667],"texture":"#particle"},"west":{"uv":[5.33333,7.33333,12,9.66666],"texture":"#particle"},"up":{"uv":[0,11.33333,4.75,11.66667],"rotation":90,"texture":"#particle"},"down":{"uv":[2.75,7.33333,3,7.66667],"texture":"#particle"}}},{"from":[9,14,9.5],"to":[10,14.5,9.5],"rotation":{"angle":0,"axis":"z","origin":[9,16,18.5]},"faces":{"north":{"uv":[13,0.66667,13.66667,1],"texture":"#particle"},"east":{"uv":[4.75,11.33333,0,12],"texture":"#particle"},"south":{"uv":[13.66667,0.66667,13,1],"texture":"#particle"},"west":{"uv":[0,11.33333,4.75,12],"texture":"#particle"},"up":{"uv":[0,11.33333,4.75,11.66667],"rotation":90,"texture":"#particle"},"down":{"uv":[2.75,7.33333,3,7.66667],"texture":"#particle"}}},{"from":[8,15,-11],"to":[8,16,-9.5],"rotation":{"angle":0,"axis":"z","origin":[8,15,-2]},"faces":{"north":{"uv":[0,0,1,1],"rotation":180,"texture":"#particle"},"east":{"uv":[6.33333,1.33333,5.33333,2],"texture":"#particle"},"south":{"uv":[4.5,0,5,0.66667],"rotation":180,"texture":"#particle"},"west":{"uv":[5.33333,1.33333,6.33333,2],"texture":"#particle"},"up":{"uv":[2.75,7.33333,3,7.66667],"rotation":180,"texture":"#particle"},"down":{"uv":[0,11.33333,4.75,11.66667],"rotation":270,"texture":"#particle"}}},{"from":[7.5,14,-11.5],"to":[8.5,15,0],"rotation":{"angle":0,"axis":"x","origin":[8.5,13,-2.5]},"faces":{"north":{"uv":[13,0,13.66667,0.66666],"texture":"#particle"},"east":{"uv":[13,0,5.33333,0.66666],"texture":"#particle"},"west":{"uv":[5.33333,0,13,0.66666],"texture":"#particle"},"up":{"uv":[5.33333,0.66667,13,1.33334],"rotation":90,"texture":"#particle"},"down":{"uv":[5.33333,0.33333,13,0.66667],"rotation":90,"texture":"#particle"}}},{"from":[8,11,12],"to":[8,12.5,15.5],"rotation":{"angle":0,"axis":"x","origin":[9.5,11,21]},"faces":{"north":{"uv":[0,0,0,2],"texture":"#particle"},"east":{"uv":[16,4,13.66667,5],"texture":"#particle"},"south":{"uv":[0,0,0,2],"texture":"#particle"},"west":{"uv":[13.66667,4,16,5],"texture":"#particle"},"up":{"uv":[0,0,0,6],"texture":"#particle"},"down":{"uv":[0,0,0,6],"texture":"#particle"}}},{"from":[6.75,12,0],"to":[9.25,16,5.5],"rotation":{"angle":0,"axis":"x","origin":[8.25,12,13.5]},"faces":{"north":{"uv":[3.66667,0,5.33333,2.66666],"texture":"#particle"},"east":{"uv":[3.66667,0,0,2.66666],"texture":"#particle"},"south":{"uv":[3.66667,0,5.33333,2.66666],"texture":"#particle"},"west":{"uv":[0,0,3.66667,2.66666],"texture":"#particle"},"up":{"uv":[0,2.66667,3.66667,4.33334],"rotation":90,"texture":"#particle"},"down":{"uv":[0,2.33333,3.66667,2.66667],"rotation":270,"texture":"#particle"}}},{"from":[7.25,8.25,8.5],"to":[8.75,13.75,13],"rotation":{"angle":22.5,"axis":"x","origin":[8.25,12.75,10]},"faces":{"north":{"uv":[3,4.33333,4,8],"texture":"#particle"},"east":{"uv":[3,4.33333,0,8],"texture":"#particle"},"south":{"uv":[4,4.33333,5,8],"texture":"#particle"},"west":{"uv":[0,4.33333,3,8],"texture":"#particle"},"down":{"uv":[3,8,0,9],"rotation":90,"texture":"#particle"}}},{"from":[7.25,6.5,14],"to":[8.75,12.5,16.5],"rotation":{"angle":-45,"axis":"x","origin":[7.25,12.5,14]},"faces":{"north":{"uv":[13.66667,0,14,4],"texture":"#particle"},"east":{"uv":[15.33333,0,13.66667,4],"texture":"#particle"},"south":{"uv":[15,0,15.33333,4],"texture":"#particle"},"west":{"uv":[13.66667,0,15.33333,4],"texture":"#particle"},"down":{"uv":[13.66667,3.66667,15.33333,4],"rotation":270,"texture":"#particle"}}},{"from":[7,12.5,5.5],"to":[9,15.5,18],"rotation":{"angle":0,"axis":"x","origin":[8.5,12.5,18.5]},"faces":{"east":{"uv":[13.66667,5.33333,5.33333,7.33333],"texture":"#particle"},"south":{"uv":[13.33333,2,13.66667,4],"texture":"#particle"},"west":{"uv":[5.33333,2,13.66667,4],"texture":"#particle"},"up":{"uv":[13.66667,4,5.33333,5.33333],"rotation":270,"texture":"#particle"},"down":{"uv":[13.66667,3.66667,5.33333,4],"rotation":90,"texture":"#particle"}}},{"from":[8,10.5,18],"to":[8,14,25],"rotation":{"angle":0,"axis":"x","origin":[9.5,9.5,26.5]},"faces":{"north":{"uv":[0,0,0,2],"texture":"#particle"},"east":{"uv":[4.66667,10.33333,0,12.66666],"texture":"#particle"},"south":{"uv":[0,0,0,2],"texture":"#particle"},"west":{"uv":[0,10.33333,4.66667,12.66666],"texture":"#particle"},"up":{"uv":[0,0,0,6],"texture":"#particle"},"down":{"uv":[0,0,0,6],"texture":"#particle"}}},{"from":[7.25,10.5,25],"to":[8.75,15,26.5],"rotation":{"angle":0,"axis":"x","origin":[9.25,8.5,35.5]},"faces":{"north":{"uv":[4.66667,9.66667,5,12.66667],"texture":"#particle"},"east":{"uv":[5.66667,9.66667,4.66667,12.66667],"texture":"#particle"},"south":{"uv":[5.66667,9.66667,6.66667,12.66667],"texture":"#particle"},"west":{"uv":[4.66667,9.66667,5.66667,12.66667],"texture":"#particle"},"up":{"uv":[4.66667,9.66667,5.66667,10],"rotation":90,"texture":"#particle"},"down":{"uv":[4.66667,12.33333,5.66667,12.66667],"rotation":270,"texture":"#particle"}}},{"from":[7.25,14,18],"to":[8.75,15,25],"rotation":{"angle":0,"axis":"x","origin":[8.75,13,-2]},"faces":{"east":{"uv":[4.66667,9.66667,0,10.33333],"texture":"#particle"},"west":{"uv":[0,9.66667,4.66667,10.33333],"texture":"#particle"},"up":{"uv":[0,12.66667,4.66666,13.66667],"rotation":90,"texture":"#particle"},"down":{"uv":[0,10,4.66666,10.33333],"rotation":270,"texture":"#particle"}}}]}