{"display":{"thirdperson_righthand":{"rotation":[0,-90,135],"translation":[0,-2.75,-1.25],"scale":[0.85,0.85,0.85]},"thirdperson_lefthand":{"rotation":[0,90,-135],"translation":[0,-2.75,-1.25],"scale":[0.85,0.85,0.85]},"firstperson_righthand":{"rotation":[0,-90,25],"translation":[1.13,3.2,1.13],"scale":[0.68,0.68,0.68]},"firstperson_lefthand":{"rotation":[0,90,-25],"translation":[1.13,3.2,1.13],"scale":[0.68,0.68,0.68]},"ground":{"scale":[0.5,0.5,0.5]},"head":{"rotation":[0,-90,45],"translation":[-2.5,-3.25,-18],"scale":[1.36,1.36,1]},"fixed":{"rotation":[0,-180,0]}},"parent":"item/generated","textures":{"layer0":"./horn_battalion"}}