{"display":{"thirdperson_righthand":{"rotation":[33,-180,0]},"thirdperson_lefthand":{"rotation":[33,-180,0]},"firstperson_righthand":{"rotation":[-29,0,0]},"firstperson_lefthand":{"rotation":[-29,0,0]},"ground":{"translation":[0,4.5,-2.75]},"gui":{"rotation":[30,132,0],"translation":[-1.75,1,0]},"head":{"translation":[0,4,0],"scale":[1.9,1.9,1.9]},"fixed":{"rotation":[-90,0,0],"translation":[0,-4.25,-11],"scale":[1.58,1.58,1.58]}},"texture_size":[32,32],"textures":{"0":"./winter_hat_yel","particle":"./winter_hat_yel"},"elements":[{"from":[4,10,4],"to":[12,10,12],"rotation":{"angle":0,"axis":"y","origin":[12,15,12]},"faces":{"north":{"uv":[4,4,8,5.5],"texture":"#0"},"east":{"uv":[0,4,4,5.5],"texture":"#0"},"south":{"uv":[12,4,16,5.5],"texture":"#0"},"west":{"uv":[8,4,12,5.5],"texture":"#0"},"up":{"uv":[12,0,16,4],"rotation":90,"texture":"#0"},"down":{"uv":[12,0,16,4],"rotation":270,"texture":"#0"}}},{"from":[3.75,1.75,12.25],"to":[12.25,10.25,12.25],"rotation":{"angle":0,"axis":"y","origin":[12,15,12]},"faces":{"north":{"uv":[8,5,4,9],"texture":"#0"},"east":{"uv":[0,4,4,5.5],"texture":"#0"},"south":{"uv":[4,5,8,9],"texture":"#0"},"west":{"uv":[8,4,12,5.5],"texture":"#0"},"up":{"uv":[4,0,8,4],"rotation":180,"texture":"#0"},"down":{"uv":[8,0,12,4],"texture":"#0"}}},{"from":[12.25,1.75,3.75],"to":[12.25,10.25,12.25],"rotation":{"angle":0,"axis":"y","origin":[12,15,12]},"faces":{"north":{"uv":[4,4,8,5.5],"texture":"#0"},"east":{"uv":[4,5,0,9],"texture":"#0"},"south":{"uv":[12,4,16,5.5],"texture":"#0"},"west":{"uv":[0,5,4,9],"texture":"#0"},"up":{"uv":[4,0,8,4],"rotation":180,"texture":"#0"},"down":{"uv":[8,0,12,4],"texture":"#0"}}},{"from":[3.75,10.25,3.75],"to":[12.25,10.25,12.25],"rotation":{"angle":0,"axis":"y","origin":[12,15,12]},"faces":{"north":{"uv":[4,4,8,5.5],"texture":"#0"},"east":{"uv":[0,4,4,5.5],"texture":"#0"},"south":{"uv":[12,4,16,5.5],"texture":"#0"},"west":{"uv":[8,4,12,5.5],"texture":"#0"},"up":{"uv":[0,9,4,13],"rotation":90,"texture":"#0"},"down":{"uv":[4,9,0,13],"rotation":90,"texture":"#0"}}},{"from":[3.75,1.75,3.75],"to":[3.75,10.25,12.25],"rotation":{"angle":0,"axis":"y","origin":[12,15,12]},"faces":{"north":{"uv":[4,4,8,5.5],"texture":"#0"},"east":{"uv":[4,5,0,9],"texture":"#0"},"south":{"uv":[12,4,16,5.5],"texture":"#0"},"west":{"uv":[0,5,4,9],"texture":"#0"},"up":{"uv":[4,0,8,4],"rotation":180,"texture":"#0"},"down":{"uv":[4,4,8,8],"texture":"#0"}}},{"from":[4,2,4],"to":[4,10,12],"rotation":{"angle":0,"axis":"y","origin":[12,10,12]},"faces":{"north":{"uv":[4,4,8,5],"texture":"#0"},"east":{"uv":[4,0,0,4],"texture":"#0"},"south":{"uv":[12,4,16,5],"texture":"#0"},"west":{"uv":[0,0,4,4],"texture":"#0"},"up":{"uv":[4,0,8,4],"texture":"#0"},"down":{"uv":[8,0,12,4],"texture":"#0"}}},{"from":[4,2,12],"to":[12,10,12],"rotation":{"angle":0,"axis":"y","origin":[12,12,20]},"faces":{"north":{"uv":[12,0,8,4],"texture":"#0"},"east":{"uv":[0,5.5,4,6.5],"texture":"#0"},"south":{"uv":[8,0,12,4],"texture":"#0"},"west":{"uv":[8,5.5,12,6.5],"texture":"#0"},"up":{"uv":[4,0,8,4],"texture":"#0"},"down":{"uv":[8,0,12,4],"texture":"#0"}}},{"from":[4,3,12],"to":[12,8,14],"rotation":{"angle":0,"axis":"y","origin":[12,12,20]},"faces":{"east":{"uv":[5,1,4,3.5],"texture":"#0"},"south":{"uv":[0,13,4,15.5],"texture":"#0"},"west":{"uv":[4,1,5,3.5],"texture":"#0"},"up":{"uv":[4,13,8,14],"texture":"#0"},"down":{"uv":[4,14,8,15],"rotation":180,"texture":"#0"}}},{"from":[6,1,14],"to":[10,5,17],"rotation":{"angle":0,"axis":"y","origin":[12,12,20]},"faces":{"north":{"uv":[8,4,10,6],"texture":"#0"},"east":{"uv":[10,4,11.5,6],"texture":"#0"},"south":{"uv":[8,4,10,6],"texture":"#0"},"west":{"uv":[11.5,4,10,6],"texture":"#0"},"up":{"uv":[8,6,10,7.5],"texture":"#0"},"down":{"uv":[8,7.5,10,9],"texture":"#0"}}},{"from":[10,2,15],"to":[11,3,15],"rotation":{"angle":0,"axis":"y","origin":[12,12,20]},"faces":{"north":{"uv":[8.5,4.5,9,5],"texture":"#0"},"east":{"uv":[10,4,10.5,4.5],"texture":"#0"},"south":{"uv":[8.5,4.5,9,5],"texture":"#0"},"west":{"uv":[10,4,10.5,4.5],"texture":"#0"},"up":{"uv":[8,6,8.5,6.5],"texture":"#0"},"down":{"uv":[8,7.5,8.5,8],"texture":"#0"}}},{"from":[5,3,15],"to":[6,4,15],"rotation":{"angle":0,"axis":"y","origin":[12,12,20]},"faces":{"north":{"uv":[8.5,4,9,4.5],"texture":"#0"},"east":{"uv":[10,4,10.5,4.5],"texture":"#0"},"south":{"uv":[9,4,9.5,4.5],"texture":"#0"},"west":{"uv":[10,4,10.5,4.5],"texture":"#0"},"up":{"uv":[8,6,8.5,6.5],"texture":"#0"},"down":{"uv":[8,7.5,8.5,8],"texture":"#0"}}},{"from":[7,5,15],"to":[7,6,16],"rotation":{"angle":0,"axis":"y","origin":[12,12,20]},"faces":{"north":{"uv":[8.5,4,9,4.5],"texture":"#0"},"east":{"uv":[10.5,4,11,4.5],"texture":"#0"},"south":{"uv":[9,4,9.5,4.5],"texture":"#0"},"west":{"uv":[10.5,4,11,4.5],"texture":"#0"},"up":{"uv":[8,6,8.5,6.5],"texture":"#0"},"down":{"uv":[8,7.5,8.5,8],"texture":"#0"}}},{"from":[9,3,17],"to":[9,4,18],"rotation":{"angle":0,"axis":"y","origin":[12,12,20]},"faces":{"north":{"uv":[8.5,4,9,4.5],"texture":"#0"},"east":{"uv":[10,4,10.5,4.5],"texture":"#0"},"south":{"uv":[9,4,9.5,4.5],"texture":"#0"},"west":{"uv":[10,4,10.5,4.5],"texture":"#0"},"up":{"uv":[8,6,8.5,6.5],"texture":"#0"},"down":{"uv":[8,7.5,8.5,8],"texture":"#0"}}},{"from":[9,2,13],"to":[9,3,14],"rotation":{"angle":0,"axis":"y","origin":[12,12,20]},"faces":{"north":{"uv":[8.5,4,9,4.5],"texture":"#0"},"east":{"uv":[9.5,4,10,4.5],"texture":"#0"},"south":{"uv":[9,4,9.5,4.5],"texture":"#0"},"west":{"uv":[9.5,4,10,4.5],"texture":"#0"},"up":{"uv":[8,6,8.5,6.5],"texture":"#0"},"down":{"uv":[8,7.5,8.5,8],"texture":"#0"}}},{"from":[8,0,15],"to":[8,1,16],"rotation":{"angle":0,"axis":"y","origin":[12,12,20]},"faces":{"north":{"uv":[8.5,4,9,4.5],"texture":"#0"},"east":{"uv":[9.5,4,10,4.5],"texture":"#0"},"south":{"uv":[9,4,9.5,4.5],"texture":"#0"},"west":{"uv":[9.5,4,10,4.5],"texture":"#0"},"up":{"uv":[8,6,8.5,6.5],"texture":"#0"},"down":{"uv":[8,7.5,8.5,8],"texture":"#0"}}},{"from":[12,2,4],"to":[12,10,12],"rotation":{"angle":0,"axis":"y","origin":[20,10,12]},"faces":{"north":{"uv":[4,4,8,5],"texture":"#0"},"east":{"uv":[4,0,0,4],"texture":"#0"},"south":{"uv":[12,4,16,5],"texture":"#0"},"west":{"uv":[0,0,4,4],"texture":"#0"},"up":{"uv":[4,0,8,4],"texture":"#0"},"down":{"uv":[8,0,12,4],"texture":"#0"}}}]}