{"display":{"thirdperson_righthand":{"rotation":[-18,-180,0],"translation":[0,0,-1]},"thirdperson_lefthand":{"rotation":[-18,-180,0],"translation":[0,0,-1]},"firstperson_righthand":{"rotation":[-44,-180,9],"translation":[0,-1.5,-1]},"firstperson_lefthand":{"rotation":[-44,-180,9],"translation":[0,-1.5,-1]},"ground":{"translation":[0,3,0]},"gui":{"rotation":[30,132,0],"translation":[0.5,-1.25,0],"scale":[0.8,0.8,0.8]},"head":{"translation":[0,3.5,0],"scale":[1.9,1.9,1.9]},"fixed":{"rotation":[-90,0,0],"translation":[0,0,-3.5],"scale":[1.58,1.58,1.58]}},"texture_size":[32,32],"textures":{"0":"./gusar_kiver","particle":"./gusar_kiver"},"elements":[{"from":[4,7,4],"to":[12,13,12],"rotation":{"angle":0,"axis":"y","origin":[12,16,12]},"faces":{"north":{"uv":[0,0,4,3],"texture":"#0"},"east":{"uv":[8,0,4,3],"texture":"#0"},"south":{"uv":[8,0,12,3],"texture":"#0"},"west":{"uv":[4,0,8,3],"texture":"#0"},"up":{"uv":[0,12,4,16],"rotation":90,"texture":"#0"},"down":{"uv":[4,12,8,16],"texture":"#0"}}},{"from":[4,7,2],"to":[12,7,4],"rotation":{"angle":0,"axis":"y","origin":[12,16,12]},"faces":{"north":{"uv":[4,4,8,5.5],"texture":"#0"},"east":{"uv":[0,4,4,5.5],"texture":"#0"},"south":{"uv":[12,4,16,5.5],"texture":"#0"},"west":{"uv":[8,4,12,5.5],"texture":"#0"},"up":{"uv":[12,0,16,1],"rotation":180,"texture":"#0"},"down":{"uv":[16,0,12,1],"texture":"#0"}}},{"from":[4,2,4],"to":[12,2,12],"rotation":{"angle":0,"axis":"y","origin":[12,11,14]},"faces":{"north":{"uv":[4,4,8,5.5],"texture":"#0"},"east":{"uv":[0,4,4,5.5],"texture":"#0"},"south":{"uv":[12,4,16,5.5],"texture":"#0"},"west":{"uv":[8,4,12,5.5],"texture":"#0"},"up":{"uv":[12,5.5,16,9.5],"rotation":180,"texture":"#0"},"down":{"uv":[16,5.5,12,9.5],"texture":"#0"}}},{"from":[4,2,4],"to":[4,7,12],"rotation":{"angle":0,"axis":"y","origin":[12,11,14]},"faces":{"north":{"uv":[4,4,8,5.5],"texture":"#0"},"east":{"uv":[16,3,12,5.5],"texture":"#0"},"south":{"uv":[12,4,16,5.5],"texture":"#0"},"west":{"uv":[12,3,16,5.5],"texture":"#0"},"up":{"uv":[12,0,16,1],"rotation":180,"texture":"#0"},"down":{"uv":[16,0,12,1],"texture":"#0"}}},{"from":[12,2,4],"to":[12,7,12],"rotation":{"angle":0,"axis":"y","origin":[20,11,14]},"faces":{"north":{"uv":[4,4,8,5.5],"texture":"#0"},"east":{"uv":[16,3,12,5.5],"texture":"#0"},"south":{"uv":[12,4,16,5.5],"texture":"#0"},"west":{"uv":[12,3,16,5.5],"texture":"#0"},"up":{"uv":[12,0,16,1],"rotation":180,"texture":"#0"},"down":{"uv":[16,0,12,1],"texture":"#0"}}},{"from":[12.25,4.75,3.75],"to":[12.25,13.25,12.25],"rotation":{"angle":0,"axis":"y","origin":[12,14.75,12]},"faces":{"north":{"uv":[0,8,4,12],"texture":"#0"},"east":{"uv":[8,8,4,12],"texture":"#0"},"west":{"uv":[4,8,8,12],"texture":"#0"}}},{"from":[3.75,4.75,12.25],"to":[12.25,13.25,12.25],"rotation":{"angle":0,"axis":"y","origin":[12,14.75,20.5]},"faces":{"north":{"uv":[8,8,12,12],"texture":"#0"},"east":{"uv":[8,8,4,12],"texture":"#0"},"south":{"uv":[8,8,12,12],"texture":"#0"},"west":{"uv":[4,8,8,12],"texture":"#0"}}},{"from":[3.75,4.75,3.75],"to":[3.75,13.25,12.25],"rotation":{"angle":0,"axis":"y","origin":[12,14.75,12]},"faces":{"north":{"uv":[0,8,4,12],"texture":"#0"},"east":{"uv":[8,8,4,12],"texture":"#0"},"west":{"uv":[4,8,8,12],"texture":"#0"}}},{"from":[3.75,4.75,3.75],"to":[12.25,13.25,3.75],"rotation":{"angle":0,"axis":"y","origin":[12,14.75,12]},"faces":{"north":{"uv":[0,8,4,12],"texture":"#0"},"east":{"uv":[8,8,4,12],"texture":"#0"},"south":{"uv":[0,8,4,12],"texture":"#0"},"west":{"uv":[4,8,8,12],"texture":"#0"}}},{"from":[3.75,13.25,3.75],"to":[12.25,21.75,3.75],"rotation":{"angle":0,"axis":"y","origin":[12,14.75,12]},"faces":{"north":{"uv":[0,4,4,8],"texture":"#0"},"east":{"uv":[8,8,4,12],"texture":"#0"},"south":{"uv":[4,4,0,8],"texture":"#0"},"west":{"uv":[4,8,8,12],"texture":"#0"}}}]}