{"display":{"thirdperson_righthand":{"rotation":[-18,-180,0],"translation":[0,1,-1.25]},"thirdperson_lefthand":{"rotation":[-18,-180,0],"translation":[0,1,-1.25]},"firstperson_righthand":{"rotation":[-44,-180,9],"translation":[0,-1.5,-1]},"firstperson_lefthand":{"rotation":[-44,-180,9],"translation":[0,-1.5,-1]},"ground":{"translation":[0,4.5,0]},"gui":{"rotation":[30,132,0],"translation":[0.5,0,0],"scale":[0.85,0.85,0.85]},"head":{"translation":[0,5.5,0],"scale":[1.9,1.9,1.9]},"fixed":{"rotation":[-90,0,0],"translation":[0,0,-3.25],"scale":[1.58,1.58,1.58]}},"texture_size":[32,32],"textures":{"0":"./kiver_shel","particle":"./kiver_shel"},"elements":[{"from":[4,6,4],"to":[12,14,12],"rotation":{"angle":0,"axis":"y","origin":[12,15,12]},"faces":{"north":{"uv":[0,0,4,4],"texture":"#0"},"east":{"uv":[8,0,4,4],"texture":"#0"},"south":{"uv":[8,0,12,4],"texture":"#0"},"west":{"uv":[4,0,8,4],"texture":"#0"},"up":{"uv":[0,12,4,16],"rotation":180,"texture":"#0"},"down":{"uv":[4,12,8,16],"texture":"#0"}}},{"from":[6,14,4],"to":[10,18,4],"rotation":{"angle":0,"axis":"y","origin":[14,23,12]},"faces":{"north":{"uv":[12,1.5,14,3.5],"texture":"#0"},"east":{"uv":[8,0,4,3.5],"texture":"#0"},"south":{"uv":[14,1.5,12,3.5],"texture":"#0"},"west":{"uv":[4,0,8,3.5],"texture":"#0"},"up":{"uv":[0,12,4,16],"rotation":180,"texture":"#0"},"down":{"uv":[4,12,8,16],"texture":"#0"}}},{"from":[6,16,6],"to":[10,18,6],"rotation":{"angle":0,"axis":"y","origin":[14,25,14]},"faces":{"north":{"uv":[14,5,12,6],"texture":"#0"},"east":{"uv":[8,0,4,3.5],"texture":"#0"},"south":{"uv":[12,5,14,6],"texture":"#0"},"west":{"uv":[4,0,8,3.5],"texture":"#0"},"up":{"uv":[0,12,4,16],"rotation":180,"texture":"#0"},"down":{"uv":[4,12,8,16],"texture":"#0"}}},{"from":[6,18,4],"to":[10,18,6],"rotation":{"angle":0,"axis":"y","origin":[14,22,12]},"faces":{"north":{"uv":[12,1.5,14,4],"texture":"#0"},"east":{"uv":[8,0,4,3.5],"texture":"#0"},"south":{"uv":[14,1.5,12,4],"texture":"#0"},"west":{"uv":[4,0,8,3.5],"texture":"#0"},"up":{"uv":[12,4,14,5],"texture":"#0"},"down":{"uv":[14,4,12,5],"rotation":180,"texture":"#0"}}},{"from":[6,16,4],"to":[10,16,6],"rotation":{"angle":0,"axis":"y","origin":[14,20,12]},"faces":{"north":{"uv":[12,1.5,14,4],"texture":"#0"},"east":{"uv":[8,0,4,3.5],"texture":"#0"},"south":{"uv":[14,1.5,12,4],"texture":"#0"},"west":{"uv":[4,0,8,3.5],"texture":"#0"},"up":{"uv":[12,6,14,7],"rotation":180,"texture":"#0"},"down":{"uv":[14,6,12,7],"texture":"#0"}}},{"from":[4,1,4],"to":[12,1,12],"rotation":{"angle":0,"axis":"y","origin":[12,10,12]},"faces":{"north":{"uv":[0,0,4,3.5],"texture":"#0"},"east":{"uv":[8,0,4,3.5],"texture":"#0"},"south":{"uv":[8,0,12,3.5],"texture":"#0"},"west":{"uv":[4,0,8,3.5],"texture":"#0"},"up":{"uv":[8,12,12,16],"rotation":180,"texture":"#0"},"down":{"uv":[8,12,12,16],"texture":"#0"}}},{"from":[3.75,5.75,3.75],"to":[3.75,14.25,12.25],"rotation":{"angle":0,"axis":"y","origin":[12,14.75,12]},"faces":{"north":{"uv":[0,8,4,12],"texture":"#0"},"east":{"uv":[8,8,4,12],"texture":"#0"},"west":{"uv":[4,8,8,12],"texture":"#0"}}},{"from":[12.25,5.75,3.75],"to":[12.25,14.25,12.25],"rotation":{"angle":0,"axis":"y","origin":[12,14.75,12]},"faces":{"north":{"uv":[0,8,4,12],"texture":"#0"},"east":{"uv":[8,8,4,12],"texture":"#0"},"west":{"uv":[4,8,8,12],"texture":"#0"}}},{"from":[3.75,5.75,3.75],"to":[12.25,14.25,3.75],"rotation":{"angle":0,"axis":"y","origin":[12,14.75,12]},"faces":{"north":{"uv":[0,8,4,12],"texture":"#0"},"east":{"uv":[8,8,4,12],"texture":"#0"},"south":{"uv":[0,8,4,12],"texture":"#0"},"west":{"uv":[4,8,8,12],"texture":"#0"}}},{"from":[3.75,5.75,12.25],"to":[12.25,14.25,12.25],"rotation":{"angle":0,"axis":"y","origin":[12,14.75,20.5]},"faces":{"north":{"uv":[8,8,12,12],"texture":"#0"},"east":{"uv":[8,8,4,12],"texture":"#0"},"south":{"uv":[8,8,12,12],"texture":"#0"},"west":{"uv":[4,8,8,12],"texture":"#0"}}},{"from":[4,6,2],"to":[12,6,4],"rotation":{"angle":0,"axis":"y","origin":[12,15,12]},"faces":{"north":{"uv":[4,4,8,5.5],"texture":"#0"},"east":{"uv":[0,4,4,5.5],"texture":"#0"},"south":{"uv":[12,4,16,5.5],"texture":"#0"},"west":{"uv":[8,4,12,5.5],"texture":"#0"},"up":{"uv":[12,0,16,1],"rotation":180,"texture":"#0"},"down":{"uv":[16,0,12,1],"texture":"#0"}}},{"from":[4,1,4],"to":[4,6,12],"rotation":{"angle":0,"axis":"y","origin":[12,10,14]},"faces":{"north":{"uv":[4,4,8,5.5],"texture":"#0"},"east":{"uv":[8,4,4,6.5],"texture":"#0"},"south":{"uv":[12,4,16,5.5],"texture":"#0"},"west":{"uv":[4,4,8,6.5],"texture":"#0"},"up":{"uv":[12,0,16,1],"rotation":180,"texture":"#0"},"down":{"uv":[16,0,12,1],"texture":"#0"}}},{"from":[4,1,4],"to":[12,6,4],"rotation":{"angle":0,"axis":"y","origin":[12,10,14]},"faces":{"north":{"uv":[0,4,4,6.5],"texture":"#0"},"east":{"uv":[8,3.5,4,6.5],"texture":"#0"},"south":{"uv":[0,4,4,6.5],"texture":"#0"},"west":{"uv":[4,3.5,8,6.5],"texture":"#0"},"up":{"uv":[12,0,16,1],"rotation":180,"texture":"#0"},"down":{"uv":[16,0,12,1],"texture":"#0"}}},{"from":[4,1,12],"to":[12,6,12],"rotation":{"angle":0,"axis":"y","origin":[12,10,22]},"faces":{"north":{"uv":[8,4,12,6.5],"texture":"#0"},"east":{"uv":[8,3.5,4,6.5],"texture":"#0"},"south":{"uv":[8,4,12,6.5],"texture":"#0"},"west":{"uv":[4,3.5,8,6.5],"texture":"#0"},"up":{"uv":[12,0,16,1],"rotation":180,"texture":"#0"},"down":{"uv":[16,0,12,1],"texture":"#0"}}},{"from":[12,1,4],"to":[12,6,12],"rotation":{"angle":0,"axis":"y","origin":[20,10,14]},"faces":{"north":{"uv":[4,4,8,5.5],"texture":"#0"},"east":{"uv":[8,4,4,6.5],"texture":"#0"},"south":{"uv":[12,4,16,5.5],"texture":"#0"},"west":{"uv":[4,4,8,6.5],"texture":"#0"},"up":{"uv":[12,0,16,1],"rotation":180,"texture":"#0"},"down":{"uv":[16,0,12,1],"texture":"#0"}}}]}