{"display":{"thirdperson_righthand":{"rotation":[0.5,1,-1],"translation":[-0.5,-4.5,-4.25],"scale":[0.8,0.8,0.8]},"thirdperson_lefthand":{"rotation":[0.5,1,-1],"translation":[-0.5,-4.5,-4.25],"scale":[0.8,0.8,0.8]},"firstperson_righthand":{"rotation":[22,5,6],"translation":[3.25,-4.5,-10.75]},"firstperson_lefthand":{"rotation":[22,5,6],"translation":[3.25,-4.5,-10.75]},"ground":{"rotation":[0,0,90],"translation":[5.5,-1.75,-2.25],"scale":[0.8,0.8,0.8]},"gui":{"rotation":[-35,135,5],"translation":[-1.75,-4.25,0]},"head":{"rotation":[-2,19.5,90],"translation":[5.75,7.75,-4.5]},"fixed":{"rotation":[0,90,0],"translation":[-2,-6.25,-1]}},"texture_size":[48,32],"textures":{"1":"./syr2","particle":"./syr"},"elements":[{"from":[6.75,12,4],"to":[9.25,15.5,12.5],"rotation":{"angle":0,"axis":"x","origin":[8.25,12,13]},"faces":{"north":{"uv":[5.66667,0,7.33333,3.5],"texture":"#particle"},"east":{"uv":[5.66667,0,0,3.5],"texture":"#particle"},"south":{"uv":[5.33333,0,5.66667,3.5],"texture":"#particle"},"west":{"uv":[0,0,5.66667,3.5],"texture":"#particle"},"up":{"uv":[0,13.5,5.66667,16],"rotation":90,"texture":"#particle"},"down":{"uv":[0,3,5.66667,3.5],"rotation":270,"texture":"#particle"}}},{"from":[7,14,1.5],"to":[9,16,4],"rotation":{"angle":0,"axis":"x","origin":[8.5,14,10.5]},"faces":{"north":{"uv":[9,2,10.33333,4],"texture":"#particle"},"east":{"uv":[9,2,7.33333,4],"texture":"#particle"},"south":{"uv":[8.66667,2,9,4],"texture":"#particle"},"west":{"uv":[7.33333,2,9,4],"texture":"#particle"},"up":{"uv":[7.33333,4,9,6],"rotation":90,"texture":"#particle"},"down":{"uv":[7.33333,4,9,6],"rotation":270,"texture":"#particle"}}},{"from":[7.25,7.5,14],"to":[8.75,13.5,15.5],"rotation":{"angle":-45,"axis":"x","origin":[7.25,13.5,14]},"faces":{"north":{"uv":[2.66667,4.5,6.66667,5],"rotation":90,"texture":"#particle"},"east":{"uv":[6.66667,3.5,2.66667,5],"rotation":270,"texture":"#particle"},"south":{"uv":[2.66667,3.5,6.66667,4],"rotation":90,"texture":"#particle"},"west":{"uv":[2.66667,3.5,6.66667,5],"rotation":90,"texture":"#particle"},"up":{"uv":[3.5,5.66667,8,7.33333],"rotation":90,"texture":"#particle"},"down":{"uv":[6.33333,3.5,6.66667,5],"texture":"#particle"}}},{"from":[7,13.5,12.5],"to":[9,15.5,17.5],"rotation":{"angle":0,"axis":"x","origin":[8.5,13.5,21.5]},"faces":{"north":{"uv":[6.5,0,6.75,1.66667],"texture":"#particle"},"east":{"uv":[10.66667,0,7.33333,2],"texture":"#particle"},"south":{"uv":[10.66667,0,12,2],"texture":"#particle"},"west":{"uv":[7.33333,0,10.66667,2],"texture":"#particle"},"up":{"uv":[7.33333,0,10.66667,0.5],"rotation":90,"texture":"#particle"},"down":{"uv":[7.33333,1.5,10.66667,2],"rotation":270,"texture":"#particle"}}},{"from":[8,15.5,7.5],"to":[8,19.5,14.5],"rotation":{"angle":0,"axis":"x","origin":[9.5,15.5,16.5]},"faces":{"north":{"uv":[13.33333,12,16,16],"texture":"#particle"},"east":{"uv":[7.33333,9,2.66667,13],"texture":"#particle"},"south":{"uv":[13.33333,12,16,16],"texture":"#particle"},"west":{"uv":[2.66667,9,7.33333,13],"texture":"#particle"},"up":{"uv":[2.66667,5,7.33333,9],"rotation":90,"texture":"#particle"},"down":{"uv":[2.66667,5,7.33333,9],"rotation":270,"texture":"#particle"}}},{"from":[6.25,15.75,8.5],"to":[9.75,19.25,13.5],"rotation":{"angle":0,"axis":"x","origin":[7.75,15.75,17.5]},"faces":{"east":{"uv":[0,0,7,10],"rotation":90,"texture":"#1"},"west":{"uv":[0,0,7,10],"rotation":270,"texture":"#1"},"up":{"uv":[9,0,16,10],"texture":"#1"},"down":{"uv":[9,0,16,10],"rotation":180,"texture":"#1"}}},{"from":[6,15.5,8.5],"to":[10,19.5,13.5],"rotation":{"angle":0,"axis":"x","origin":[3.5,15.5,17.5]},"faces":{"north":{"uv":[13.33333,12,16,16],"texture":"#particle"},"east":{"uv":[6.66667,5,3.33333,9],"texture":"#particle"},"south":{"uv":[13.33333,12,16,16],"texture":"#particle"},"west":{"uv":[3.33333,5,6.66667,9],"texture":"#particle"},"up":{"uv":[3.33333,5,6.66667,9],"rotation":90,"texture":"#particle"},"down":{"uv":[3.33333,5,6.66667,9],"rotation":270,"texture":"#particle"}}},{"from":[6,15.5,13.5],"to":[10,19.5,14.5],"rotation":{"angle":0,"axis":"x","origin":[7.5,15.5,15.5]},"faces":{"north":{"uv":[13.33333,12,16,16],"texture":"#particle"},"east":{"uv":[7.33333,5,6.66667,9],"texture":"#particle"},"south":{"uv":[13.33333,12,16,16],"texture":"#particle"},"west":{"uv":[6.66667,5,7.33333,9],"texture":"#particle"},"up":{"uv":[6.66667,5,7.33333,9],"rotation":90,"texture":"#particle"},"down":{"uv":[6.66667,5,7.33333,9],"rotation":270,"texture":"#particle"}}},{"from":[6,15.5,7.5],"to":[10,19.5,8.5],"rotation":{"angle":0,"axis":"x","origin":[7.5,15.5,16.5]},"faces":{"north":{"uv":[13.33333,12,16,16],"texture":"#particle"},"east":{"uv":[3.33333,5,2.66667,9],"texture":"#particle"},"south":{"uv":[13.33333,12,16,16],"texture":"#particle"},"west":{"uv":[2.66667,5,3.33333,9],"texture":"#particle"},"up":{"uv":[2.66667,5,3.33333,9],"rotation":90,"texture":"#particle"},"down":{"uv":[2.66667,5,3.33333,9],"rotation":270,"texture":"#particle"}}},{"from":[8,15.5,2],"to":[8,18.5,7],"rotation":{"angle":0,"axis":"x","origin":[9.5,15.5,11]},"faces":{"north":{"uv":[0,5.33333,0.25,7],"texture":"#particle"},"east":{"uv":[13,7,9.66667,10],"texture":"#particle"},"south":{"uv":[0,5,0.25,5.66667],"texture":"#particle"},"west":{"uv":[9.66667,7,13,10],"texture":"#particle"},"up":{"uv":[0,6.33333,6.25,7.33333],"rotation":270,"texture":"#particle"},"down":{"uv":[0,1.66667,4.25,2],"rotation":90,"texture":"#particle"}}},{"from":[7,15.5,17.5],"to":[9,18.5,17.5],"rotation":{"angle":0,"axis":"x","origin":[8.5,15.5,26.5]},"faces":{"north":{"uv":[12,2,10.66667,5],"texture":"#particle"},"east":{"uv":[0,5,6.25,5.66667],"texture":"#particle"},"south":{"uv":[10.66667,2,12,5],"texture":"#particle"},"west":{"uv":[6.25,5.66667,0,6.33333],"texture":"#particle"},"up":{"uv":[0,6.33333,6.25,7.33333],"rotation":270,"texture":"#particle"},"down":{"uv":[0,1.66667,4.25,2],"rotation":90,"texture":"#particle"}}},{"from":[6.75,10.25,13.25],"to":[9.25,14.25,13.25],"rotation":{"angle":-22.5,"axis":"x","origin":[6.75,14.25,13.25]},"faces":{"north":{"uv":[12,0,13.66667,4],"texture":"#particle"},"east":{"uv":[0,5,6.25,5.66667],"texture":"#particle"},"south":{"uv":[12,0,13.66667,4],"texture":"#particle"},"west":{"uv":[6.25,5.66667,0,6.33333],"texture":"#particle"},"up":{"uv":[0,6.33333,6.25,7.33333],"rotation":270,"texture":"#particle"},"down":{"uv":[0,1.66667,4.25,2],"rotation":90,"texture":"#particle"}}},{"from":[7,16.5,14.5],"to":[9,18.5,18],"rotation":{"angle":0,"axis":"x","origin":[8.5,16.5,23.5]},"faces":{"east":{"uv":[10,5,12.33333,7],"rotation":180,"texture":"#particle"},"south":{"uv":[12.33333,5,13.66667,7],"texture":"#particle"},"west":{"uv":[10,5,12.33333,7],"texture":"#particle"},"up":{"uv":[10,5,12.33333,7],"rotation":90,"texture":"#particle"},"down":{"uv":[10,5,12.33333,7],"rotation":270,"texture":"#particle"}}},{"from":[7,15.5,4.5],"to":[9,18.5,7.5],"rotation":{"angle":0,"axis":"x","origin":[8.5,15.5,13.5]},"faces":{"north":{"uv":[0,8.5,1.33334,11.5],"texture":"#particle"},"east":{"uv":[2,3.5,0,6.5],"texture":"#particle"},"west":{"uv":[0,3.5,2,6.5],"texture":"#particle"},"up":{"uv":[0,6.5,2,8.5],"rotation":90,"texture":"#particle"},"down":{"uv":[0,1.66667,4.25,2],"rotation":90,"texture":"#particle"}}}]}