{"display":{"thirdperson_righthand":{"rotation":[28,18,2.5],"translation":[-2.75,0.5,-7],"scale":[0.8,0.8,0.8]},"thirdperson_lefthand":{"rotation":[28,18,2.5],"translation":[-2.75,0.5,-7],"scale":[0.8,0.8,0.8]},"firstperson_righthand":{"rotation":[2,-3.5,2],"translation":[0.25,-2.5,-7.5]},"firstperson_lefthand":{"rotation":[2,-3.5,2],"translation":[0.25,-2.5,-7.5]},"ground":{"rotation":[0,0,-90],"translation":[-4.25,-1,-1.5],"scale":[0.8,0.8,0.8]},"gui":{"rotation":[-45,145,30],"translation":[-1.75,-1,0],"scale":[0.5,0.5,0.5]},"head":{"rotation":[0,0,1],"translation":[0,3,-1]},"fixed":{"rotation":[0,90,0],"translation":[-2,-3.75,-2]}},"texture_size":[64,64],"textures":{"particle":"./laser_musket","1_0":"./laser_musket"},"elements":[{"from":[7,11.75,4],"to":[9,13.75,17.5],"rotation":{"angle":0,"axis":"y","origin":[14.75,18.5,20]},"faces":{"north":{"uv":[0,1.5,0.25,2.5],"texture":"#1_0"},"east":{"uv":[6.75,1.5,0,2.5],"texture":"#1_0"},"south":{"uv":[6.5,1.5,6.75,2.5],"texture":"#1_0"},"west":{"uv":[0,1.5,6.75,2.5],"texture":"#1_0"},"up":{"uv":[0,1.5,6.75,1.75],"rotation":90,"texture":"#1_0"},"down":{"uv":[0,2.5,6.75,3.5],"rotation":270,"texture":"#1_0"}}},{"from":[6.5,13.25,3],"to":[9.5,16.25,9],"rotation":{"angle":0,"axis":"y","origin":[14.25,20,19]},"faces":{"north":{"uv":[3,10.25,4.5,11.75],"texture":"#1_0"},"east":{"uv":[3,10.25,0,11.75],"texture":"#1_0"},"west":{"uv":[0,10.25,3,11.75],"texture":"#1_0"},"up":{"uv":[0,11.75,3,13.25],"rotation":90,"texture":"#1_0"},"down":{"uv":[0,11.5,3,11.75],"rotation":270,"texture":"#1_0"}}},{"from":[6.5,13.25,-9.5],"to":[9.5,16.25,-7],"rotation":{"angle":0,"axis":"y","origin":[14.25,20,6.5]},"faces":{"north":{"uv":[5.25,8.25,6.75,9.75],"texture":"#1_0"},"east":{"uv":[5.25,8.25,4,9.75],"texture":"#1_0"},"south":{"uv":[5.25,8.25,6.75,9.75],"texture":"#1_0"},"west":{"uv":[4,8.25,5.25,9.75],"texture":"#1_0"},"up":{"uv":[4,8.25,5.25,9.75],"rotation":90,"texture":"#1_0"},"down":{"uv":[0,7,3.75,8.25],"rotation":270,"texture":"#1_0"}}},{"from":[6.25,13,10],"to":[9.75,16.5,13],"rotation":{"angle":0,"axis":"y","origin":[14,19.75,26]},"faces":{"north":{"uv":[8.25,3.25,9.5,4.5],"texture":"#1_0"},"east":{"uv":[4.5,11.75,3,13.5],"texture":"#1_0"},"south":{"uv":[0,0,0,0],"texture":"#1_0"},"west":{"uv":[3,11.75,4.5,13.5],"texture":"#1_0"},"up":{"uv":[3,11.75,4.5,13.5],"rotation":90,"texture":"#1_0"},"down":{"uv":[3,11.75,4.5,13.5],"rotation":270,"texture":"#1_0"}}},{"from":[6.25,13,9],"to":[9.75,16.5,10],"rotation":{"angle":0,"axis":"y","origin":[14,19.75,25]},"faces":{"north":{"uv":[4,6.5,5.75,8.25],"texture":"#1_0"},"east":{"uv":[6.25,6.5,5.75,8.25],"texture":"#1_0"},"south":{"uv":[4,6.5,5.75,8.25],"texture":"#1_0"},"west":{"uv":[5.75,6.5,6.25,8.25],"texture":"#1_0"},"up":{"uv":[5.75,6.5,6.25,8.25],"rotation":90,"texture":"#1_0"},"down":{"uv":[5.75,6.5,6.25,8.25],"rotation":270,"texture":"#1_0"}}},{"from":[6.25,13,13],"to":[9.75,16.5,14],"rotation":{"angle":0,"axis":"y","origin":[14,19.75,29]},"faces":{"north":{"uv":[4,6.5,5.75,8.25],"texture":"#1_0"},"east":{"uv":[5.75,6.5,6.25,8.25],"texture":"#1_0"},"south":{"uv":[4,6.5,5.75,8.25],"texture":"#1_0"},"west":{"uv":[6.25,6.5,5.75,8.25],"texture":"#1_0"},"up":{"uv":[6.25,6.5,5.75,8.25],"rotation":90,"texture":"#1_0"},"down":{"uv":[6.25,6.5,5.75,8.25],"rotation":270,"texture":"#1_0"}}},{"from":[6.25,13,15.5],"to":[9.75,16.5,17],"rotation":{"angle":0,"axis":"y","origin":[14,19.75,31.5]},"faces":{"north":{"uv":[4,6.5,5.75,8.25],"texture":"#1_0"},"east":{"uv":[8.75,6.5,8,8.25],"texture":"#1_0"},"south":{"uv":[6.25,6.5,8,8.25],"texture":"#1_0"},"west":{"uv":[8,6.5,8.75,8.25],"texture":"#1_0"},"up":{"uv":[8,6.5,8.75,8.25],"rotation":90,"texture":"#1_0"},"down":{"uv":[8,6.5,8.75,8.25],"rotation":270,"texture":"#1_0"}}},{"from":[3.5,14,13],"to":[6,15,14],"rotation":{"angle":-45,"axis":"x","origin":[6,14.5,16]},"faces":{"north":{"uv":[7,9.75,5.75,10.25],"texture":"#1_0"},"south":{"uv":[5.75,9.75,7,10.25],"texture":"#1_0"},"west":{"uv":[5.25,9.75,5.75,10.25],"texture":"#1_0"},"up":{"uv":[5.75,9.75,7,10.25],"texture":"#1_0"},"down":{"uv":[7,9.75,5.75,10.25],"rotation":180,"texture":"#1_0"}}},{"from":[6,14,13],"to":[6,15,16.5],"rotation":{"angle":-45,"axis":"x","origin":[6,14.5,16]},"faces":{"north":{"uv":[0,0,0,0],"rotation":180,"texture":"#1_0"},"east":{"uv":[4,10.25,5.75,9.75],"rotation":180,"texture":"#1_0"},"south":{"uv":[8.25,3.25,9.5,4.5],"rotation":180,"texture":"#1_0"},"west":{"uv":[5.75,10.25,4,9.75],"rotation":180,"texture":"#1_0"},"up":{"uv":[0,7,3.75,8.25],"rotation":270,"texture":"#1_0"},"down":{"uv":[0,5.75,3.75,7],"rotation":90,"texture":"#1_0"}}},{"from":[7.25,12.25,-8],"to":[8.75,13.75,4],"rotation":{"angle":0,"axis":"y","origin":[15,19,8]},"faces":{"north":{"uv":[6,0,6.75,0.75],"texture":"#1_0"},"east":{"uv":[6,0,0,0.75],"texture":"#1_0"},"west":{"uv":[0,0,6,0.75],"texture":"#1_0"},"up":{"uv":[0,0.75,6,1.5],"rotation":90,"texture":"#1_0"},"down":{"uv":[0,0.5,6,0.75],"rotation":270,"texture":"#1_0"}}},{"from":[7,10,22.25],"to":[9,12.5,30.25],"rotation":{"angle":0,"axis":"y","origin":[15.25,24.25,29.75]},"faces":{"north":{"uv":[0,5.25,0.25,6.5],"texture":"#1_0"},"east":{"uv":[4,5.25,0,6.5],"texture":"#1_0"},"south":{"uv":[4,5.25,5,6.5],"texture":"#1_0"},"west":{"uv":[0,5.25,4,6.5],"texture":"#1_0"},"up":{"uv":[0,6.5,4,7.5],"rotation":90,"texture":"#1_0"},"down":{"uv":[0,6.25,4,6.5],"rotation":270,"texture":"#1_0"}}},{"from":[8,8.25,14.5],"to":[8,11.75,22.5],"rotation":{"angle":0,"axis":"x","origin":[7.75,9,15.75]},"faces":{"north":{"uv":[0,0,0,3],"texture":"#1_0"},"east":{"uv":[4,8.5,0,10.25],"texture":"#1_0"},"south":{"uv":[0,0,0,3],"texture":"#1_0"},"west":{"uv":[0,8.5,4,10.25],"texture":"#1_0"},"up":{"uv":[0,0,0,4],"texture":"#1_0"},"down":{"uv":[0,0,0,4],"texture":"#1_0"}}},{"from":[8,13.75,14],"to":[8,16.25,15.5],"rotation":{"angle":0,"axis":"x","origin":[7.75,14.5,14.75]},"faces":{"north":{"uv":[0,0,0,3],"texture":"#1_0"},"east":{"uv":[5.25,10.25,4.5,11.5],"texture":"#1_0"},"south":{"uv":[0,0,0,3],"texture":"#1_0"},"west":{"uv":[4.5,10.25,5.25,11.5],"texture":"#1_0"},"up":{"uv":[0,0,0,4],"texture":"#1_0"},"down":{"uv":[0,0,0,4],"texture":"#1_0"}}},{"from":[7.25,13.75,-1.75],"to":[8.75,15.75,-1.75],"rotation":{"angle":0,"axis":"y","origin":[15.25,22.75,6.75]},"faces":{"north":{"uv":[5,5.5,5.75,6.5],"texture":"#1_0"},"east":{"uv":[2.5,11.5,0,12.75],"texture":"#1_0"},"south":{"uv":[5,5.5,5.75,6.5],"texture":"#1_0"},"west":{"uv":[0,11.5,2.5,12.75],"texture":"#1_0"},"up":{"uv":[0,0,0,4],"texture":"#1_0"},"down":{"uv":[0,0,0,4],"texture":"#1_0"}}},{"from":[7.25,10,17.25],"to":[8.75,11.5,22.25],"rotation":{"angle":22.5,"axis":"x","origin":[8,12.5,22.25]},"faces":{"east":{"uv":[2.5,4.5,0,5.25],"texture":"#1_0"},"west":{"uv":[0,4.5,2.5,5.25],"texture":"#1_0"},"up":{"uv":[0,3.75,2.5,4.5],"rotation":90,"texture":"#1_0"},"down":{"uv":[0,5,2.5,5.25],"rotation":270,"texture":"#1_0"}}},{"from":[7.25,10,22.25],"to":[8.75,12.5,28.25],"rotation":{"angle":22.5,"axis":"x","origin":[8,12.5,22.25]},"faces":{"north":{"uv":[2.5,4,2.75,5.25],"texture":"#1_0"},"east":{"uv":[5.5,4,2.5,5.25],"texture":"#1_0"},"west":{"uv":[2.5,4,5.5,5.25],"texture":"#1_0"},"down":{"uv":[0,7.5,3,8.25],"rotation":270,"texture":"#1_0"}}},{"from":[7.25,10,28.25],"to":[8.75,13.5,30.25],"rotation":{"angle":22.5,"axis":"x","origin":[8,12.5,22.25]},"faces":{"east":{"uv":[6.5,3.5,5.5,5.25],"texture":"#1_0"},"south":{"uv":[6.5,3.5,7.25,5.25],"texture":"#1_0"},"west":{"uv":[5.5,3.5,6.5,5.25],"texture":"#1_0"},"down":{"uv":[5.5,5,6.5,5.25],"rotation":270,"texture":"#1_0"}}},{"from":[8,13.5,10],"to":[8,16,13],"rotation":{"angle":0,"axis":"x","origin":[7.75,14.25,10.75]},"faces":{"north":{"uv":[0,0,0,3],"texture":"#1_0"},"east":{"uv":[9.75,0,8.25,1.25],"texture":"#1_0"},"south":{"uv":[0,0,0,3],"texture":"#1_0"},"west":{"uv":[8.25,0,9.75,1.25],"texture":"#1_0"},"up":{"uv":[0,0,0,4],"texture":"#1_0"},"down":{"uv":[0,0,0,4],"texture":"#1_0"}}}]}