{"display":{"thirdperson_righthand":{"rotation":[-33,7,-9],"translation":[-0.5,-2.75,-1.5]},"thirdperson_lefthand":{"rotation":[-33,7,-9],"translation":[-0.5,-2.75,-1.5]},"firstperson_righthand":{"rotation":[-20,0,0],"translation":[0,-3,0]},"firstperson_lefthand":{"rotation":[-20,0,0],"translation":[0,-3,0]},"ground":{"translation":[0,-1.5,0]},"gui":{"rotation":[30,135,0],"translation":[0.25,-2.75,0]},"head":{"translation":[0,-5,0],"scale":[1.9,1.9,1.9]},"fixed":{"rotation":[-90,0,0],"translation":[0,0,-1.5],"scale":[1.58,1.58,1.58]}},"texture_size":[32,32],"textures":{"0":"./gagarin","particle":"./gagarin"},"elements":[{"from":[4,7,4],"to":[4,15,12],"rotation":{"angle":0,"axis":"y","origin":[12,15,12]},"faces":{"north":{"uv":[2,4,4,8],"texture":"#0"},"east":{"uv":[12,0,8,4],"texture":"#0"},"south":{"uv":[6,4,8,8],"texture":"#0"},"west":{"uv":[8,0,12,4],"texture":"#0"},"up":{"uv":[2,0,4,4],"rotation":180,"texture":"#0"},"down":{"uv":[4,0,6,4],"texture":"#0"}}},{"from":[12,7,4],"to":[12,15,12],"rotation":{"angle":0,"axis":"y","origin":[20,15,12]},"faces":{"north":{"uv":[2,4,4,8],"texture":"#0"},"east":{"uv":[0,0,4,4],"texture":"#0"},"south":{"uv":[6,4,8,8],"texture":"#0"},"west":{"uv":[4,0,0,4],"texture":"#0"},"up":{"uv":[2,0,4,4],"rotation":180,"texture":"#0"},"down":{"uv":[4,0,6,4],"texture":"#0"}}},{"from":[4,7,4],"to":[12,15,4],"rotation":{"angle":0,"axis":"y","origin":[12,15,12]},"faces":{"north":{"uv":[4,0,8,4],"texture":"#0"},"east":{"uv":[0,4,2,8],"texture":"#0"},"south":{"uv":[4,0,8,4],"texture":"#0"},"west":{"uv":[4,4,6,8],"texture":"#0"},"up":{"uv":[2,0,4,4],"rotation":180,"texture":"#0"},"down":{"uv":[4,0,6,4],"texture":"#0"}}},{"from":[3.5,7.5,3],"to":[3.5,12.5,6],"rotation":{"angle":0,"axis":"y","origin":[11.5,15.5,11]},"faces":{"north":{"uv":[0,13.5,4.5,16],"texture":"#0"},"east":{"uv":[6,13.5,4.5,16],"texture":"#0"},"west":{"uv":[4.5,13.5,6,16],"texture":"#0"}}},{"from":[12.5,7.5,3],"to":[12.5,12.5,6],"rotation":{"angle":0,"axis":"y","origin":[20.5,15.5,11]},"faces":{"north":{"uv":[0,13.5,4.5,16],"texture":"#0"},"east":{"uv":[6,13.5,4.5,16],"texture":"#0"},"west":{"uv":[4.5,13.5,6,16],"texture":"#0"}}},{"from":[3.5,7.5,3],"to":[12.5,12.5,3],"rotation":{"angle":0,"axis":"y","origin":[11.5,15.5,11]},"faces":{"north":{"uv":[0,13.5,4.5,16],"texture":"#0"},"east":{"uv":[6,13.5,4.5,16],"texture":"#0"},"south":{"uv":[4.5,13.5,0,16],"texture":"#0"},"west":{"uv":[4.5,13.5,6,16],"texture":"#0"}}},{"from":[4,7,12],"to":[12,15,12],"rotation":{"angle":0,"axis":"y","origin":[12,15,20]},"faces":{"north":{"uv":[12,0,16,4],"texture":"#0"},"east":{"uv":[0,4,2,8],"texture":"#0"},"south":{"uv":[12,0,16,4],"texture":"#0"},"west":{"uv":[4,4,6,8],"texture":"#0"},"up":{"uv":[2,0,4,4],"rotation":180,"texture":"#0"},"down":{"uv":[4,0,6,4],"texture":"#0"}}},{"from":[4,7,4],"to":[12,7,12],"rotation":{"angle":0,"axis":"y","origin":[12,15,12]},"faces":{"north":{"uv":[2,4,4,8],"texture":"#0"},"east":{"uv":[0,4,2,8],"texture":"#0"},"south":{"uv":[6,4,8,8],"texture":"#0"},"west":{"uv":[4,4,6,8],"texture":"#0"},"up":{"uv":[4,4,8,8],"rotation":180,"texture":"#0"},"down":{"uv":[4,4,8,8],"texture":"#0"}}},{"from":[4,15,4],"to":[12,15,12],"rotation":{"angle":0,"axis":"y","origin":[12,23,12]},"faces":{"north":{"uv":[2,4,4,8],"texture":"#0"},"east":{"uv":[0,4,2,8],"texture":"#0"},"south":{"uv":[6,4,8,8],"texture":"#0"},"west":{"uv":[4,4,6,8],"texture":"#0"},"up":{"uv":[0,4,4,8],"rotation":180,"texture":"#0"},"down":{"uv":[0,4,4,8],"texture":"#0"}}}]}