{"display":{"thirdperson_righthand":{"rotation":[2.5,0.5,4],"translation":[0,-4,-2],"scale":[0.8,0.8,0.8]},"thirdperson_lefthand":{"rotation":[2.5,0.5,4],"translation":[0,-4,-2],"scale":[0.8,0.8,0.8]},"firstperson_righthand":{"rotation":[23,4,6.5],"translation":[2.75,-3.25,-6.5]},"firstperson_lefthand":{"rotation":[23,4,6.5],"translation":[2.75,-3.25,-6.5]},"ground":{"rotation":[0,0,90],"translation":[4.25,-2,-3.25],"scale":[0.8,0.8,0.8]},"gui":{"rotation":[-35,135,5],"translation":[-2,-3,0],"scale":[0.75,0.75,0.75]},"head":{"translation":[0,-0.5,-0.25]},"fixed":{"rotation":[0,90,0],"translation":[-3.5,-5.5,-0.75]}},"texture_size":[48,48],"textures":{"0":"./nmauser","particle":"./nmauser"},"elements":[{"from":[7,13.5,8.5],"to":[9,15,12],"rotation":{"angle":0,"axis":"y","origin":[15,21.5,16.5]},"faces":{"east":{"uv":[4.33333,7.66667,2,8.66667],"texture":"#0"},"south":{"uv":[4,7.66667,4.33333,8.66667],"texture":"#0"},"west":{"uv":[2,7.66667,4.33333,8.66667],"texture":"#0"},"up":{"uv":[2,7.66667,4.33333,8],"rotation":90,"texture":"#0"},"down":{"uv":[2,8.33333,4.33333,8.66667],"rotation":270,"texture":"#0"}}},{"from":[7.25,9.75,13],"to":[8.75,12.25,18],"rotation":{"angle":0,"axis":"y","origin":[15.25,17.75,21]},"faces":{"north":{"uv":[6,0,6.5,2],"texture":"#0"},"east":{"uv":[3.33333,14.33333,0,16],"texture":"#0"},"south":{"uv":[0,0,1.5,1],"texture":"#0"},"west":{"uv":[0,14.33333,3.33333,16],"texture":"#0"},"up":{"uv":[0,13.33333,3.33333,14.33333],"rotation":90,"texture":"#0"},"down":{"uv":[0,12.33333,3.33333,13.33333],"rotation":270,"texture":"#0"}}},{"from":[7,9.75,18],"to":[9,14.25,24.5],"rotation":{"angle":0,"axis":"y","origin":[15.5,17.75,22]},"faces":{"north":{"uv":[3.33333,13,3.66667,16],"texture":"#0"},"east":{"uv":[7.66667,13,3.33333,16],"texture":"#0"},"south":{"uv":[12,13.33333,13.33333,16],"texture":"#0"},"west":{"uv":[7.66667,13,12,16],"texture":"#0"},"up":{"uv":[3.33333,11.66667,7.66667,13],"rotation":90,"texture":"#0"},"down":{"uv":[7.66667,11.66667,12,13],"rotation":270,"texture":"#0"}}},{"from":[7.5,11.75,18],"to":[8.5,14.25,19],"rotation":{"angle":22.5,"axis":"x","origin":[8,14.25,18]},"faces":{"north":{"uv":[12.66667,11.66667,13.33333,13.33333],"texture":"#0"},"east":{"uv":[12.66667,11.66667,12,13.33333],"texture":"#0"},"south":{"uv":[0,0,1.5,1],"texture":"#0"},"west":{"uv":[12,11.66667,12.66667,13.33333],"texture":"#0"},"up":{"uv":[6,2,10.5,3.5],"rotation":90,"texture":"#0"},"down":{"uv":[6,1.5,10.5,2],"rotation":270,"texture":"#0"}}},{"from":[7.25,15,5],"to":[8.75,16.5,11.5],"rotation":{"angle":0,"axis":"y","origin":[15.25,23,13]},"faces":{"north":{"uv":[0,5.66667,0.33333,6.66667],"texture":"#0"},"east":{"uv":[4.33333,5.66667,0,6.66667],"texture":"#0"},"south":{"uv":[4.33333,5.66667,5.33333,6.66667],"texture":"#0"},"west":{"uv":[0,5.66667,4.33333,6.66667],"texture":"#0"},"up":{"uv":[0,6.66667,4.33333,7.66667],"rotation":90,"texture":"#0"},"down":{"uv":[0,6.33333,4.33333,6.66667],"rotation":270,"texture":"#0"}}},{"from":[8,11.5,8.5],"to":[8,13.5,10.5],"rotation":{"angle":0,"axis":"y","origin":[16,19.5,16.5]},"faces":{"north":{"uv":[0,0,0,2.5],"texture":"#0"},"east":{"uv":[3.33333,8.66667,2,10],"texture":"#0"},"south":{"uv":[0,0,0,2.5],"texture":"#0"},"west":{"uv":[2,8.66667,3.33333,10],"texture":"#0"},"up":{"uv":[0,0,0,2.5],"texture":"#0"},"down":{"uv":[0,0,0,2.5],"texture":"#0"}}},{"from":[8,16.25,-1.5],"to":[8,17.25,0],"rotation":{"angle":0,"axis":"y","origin":[16,24.25,6.5]},"faces":{"north":{"uv":[0,0,0,1],"texture":"#0"},"east":{"uv":[6,7,5,7.66667],"texture":"#0"},"south":{"uv":[0,0,0,1],"texture":"#0"},"west":{"uv":[5,7,6,7.66667],"texture":"#0"},"up":{"uv":[0,0,0,1],"texture":"#0"},"down":{"uv":[0,0,0,1],"texture":"#0"}}},{"from":[8,13,11.5],"to":[8,14.5,13.5],"rotation":{"angle":-22.5,"axis":"x","origin":[8,14.5,11.5]},"faces":{"north":{"uv":[0,0,0,1],"rotation":180,"texture":"#0"},"east":{"uv":[4.33333,8.66667,3.33333,10],"rotation":270,"texture":"#0"},"south":{"uv":[0,0,0,1],"texture":"#0"},"west":{"uv":[3.33333,8.66667,4.33333,10],"rotation":90,"texture":"#0"},"up":{"uv":[0,0,0,1],"rotation":180,"texture":"#0"},"down":{"uv":[0,0,0,1],"texture":"#0"}}},{"from":[7.5,15.25,-2],"to":[8.5,16.25,5],"rotation":{"angle":0,"axis":"y","origin":[15.5,23.25,6]},"faces":{"north":{"uv":[4.33333,6.66667,5,7.33333],"texture":"#0"},"east":{"uv":[10,5.66667,5.33333,6.33333],"texture":"#0"},"south":{"uv":[7.5,1.5,10,3],"texture":"#0"},"west":{"uv":[5.33333,5.66667,10,6.33333],"texture":"#0"},"up":{"uv":[5.33333,6.33333,10,7],"rotation":90,"texture":"#0"},"down":{"uv":[5.33333,6,10,6.33333],"rotation":270,"texture":"#0"}}},{"from":[7.25,12.5,9.5],"to":[8.75,15,12],"rotation":{"angle":-22.5,"axis":"x","origin":[8.75,15,12]},"faces":{"north":{"uv":[6,7,6.33333,8.66667],"texture":"#0"},"east":{"uv":[7.66667,7,6,8.66667],"texture":"#0"},"south":{"uv":[7.66667,7,8.66667,8.66667],"texture":"#0"},"west":{"uv":[6,7,7.66667,8.66667],"texture":"#0"}}},{"from":[7,9,9.25],"to":[9,12.5,12.25],"rotation":{"angle":-22.5,"axis":"x","origin":[8.75,15,12]},"faces":{"north":{"uv":[8,8.66667,9.33333,11],"texture":"#0"},"east":{"uv":[8,8.66667,6,11],"texture":"#0"},"south":{"uv":[8,8.66667,9.33333,11],"texture":"#0"},"west":{"uv":[6,8.66667,8,11],"texture":"#0"},"up":{"uv":[6,8.66667,8,9],"rotation":90,"texture":"#0"},"down":{"uv":[8.66667,7,10.66667,8.33333],"rotation":270,"texture":"#0"}}},{"from":[7,11.5,5.5],"to":[9,15,8.5],"rotation":{"angle":0,"axis":"x","origin":[8.5,11.5,5.75]},"faces":{"north":{"uv":[4.33333,7.66667,5.66667,10],"texture":"#0"},"east":{"uv":[2,7.66667,0,10],"texture":"#0"},"south":{"uv":[1.66667,7.66667,2,10],"texture":"#0"},"west":{"uv":[0,7.66667,2,10],"texture":"#0"},"up":{"uv":[0,7.66667,2,8],"rotation":90,"texture":"#0"},"down":{"uv":[0,10,2,11.33333],"rotation":270,"texture":"#0"}}}]}