{"display":{"thirdperson_righthand":{"rotation":[-9,0,-16],"translation":[0.75,0,-2.75]},"thirdperson_lefthand":{"rotation":[-9,0,-16],"translation":[0.75,0,-2.75]},"firstperson_righthand":{"rotation":[-50,0,0],"translation":[1.25,0,0]},"firstperson_lefthand":{"rotation":[-50,0,0],"translation":[1.25,0,0]},"ground":{"translation":[0,-1.5,0]},"gui":{"rotation":[30,132,0],"translation":[1.25,0.25,0],"scale":[1.05,1.05,1.05]},"head":{"translation":[0,3.75,0],"scale":[1.9,1.9,1.9]},"fixed":{"rotation":[-90,0,0],"translation":[0,2.25,-3],"scale":[1.58,1.58,1.58]}},"texture_size":[32,32],"textures":{"0":"./cap_lgr","particle":"./cap_lgr"},"elements":[{"from":[4,10,4],"to":[12,10,12],"rotation":{"angle":0,"axis":"y","origin":[12,18,12]},"faces":{"north":{"uv":[4,4,8,5.5],"texture":"#0"},"east":{"uv":[0,4,4,5.5],"texture":"#0"},"south":{"uv":[12,4,16,5.5],"texture":"#0"},"west":{"uv":[8,4,12,5.5],"texture":"#0"},"up":{"uv":[4,0,8,4],"rotation":180,"texture":"#0"},"down":{"uv":[8,0,4,4],"texture":"#0"}}},{"from":[4,6,12],"to":[12,10,12],"rotation":{"angle":0,"axis":"y","origin":[12,15,20]},"faces":{"north":{"uv":[16,4,12,6],"texture":"#0"},"east":{"uv":[0,4,4,5.5],"texture":"#0"},"south":{"uv":[12,4,16,6],"texture":"#0"},"west":{"uv":[8,4,12,5.5],"texture":"#0"},"up":{"uv":[4,0,8,4],"rotation":180,"texture":"#0"},"down":{"uv":[4.5,4.5,8.5,8.5],"texture":"#0"}}},{"from":[4,6,4],"to":[12,10,4],"rotation":{"angle":0,"axis":"y","origin":[12,14,12]},"faces":{"north":{"uv":[4,4,8,6],"texture":"#0"},"east":{"uv":[0,4,4,5.5],"texture":"#0"},"south":{"uv":[4,4,8,6],"texture":"#0"},"west":{"uv":[8,4,12,5.5],"texture":"#0"},"up":{"uv":[4,0,8,4],"rotation":180,"texture":"#0"},"down":{"uv":[4.5,4.5,8.5,8.5],"texture":"#0"}}},{"from":[12,6,4],"to":[12,10,12],"rotation":{"angle":0,"axis":"y","origin":[20,15,12]},"faces":{"north":{"uv":[4,4,8,5.5],"texture":"#0"},"east":{"uv":[0,4,4,6],"texture":"#0"},"south":{"uv":[12,4,16,5.5],"texture":"#0"},"west":{"uv":[4,4,0,6],"texture":"#0"},"up":{"uv":[4,0,8,4],"rotation":180,"texture":"#0"},"down":{"uv":[4.5,4.5,8.5,8.5],"texture":"#0"}}},{"from":[4,6,4],"to":[4,10,12],"rotation":{"angle":0,"axis":"y","origin":[12,15,12]},"faces":{"north":{"uv":[4,4,8,5.5],"texture":"#0"},"east":{"uv":[12,4,8,6],"texture":"#0"},"south":{"uv":[12,4,16,5.5],"texture":"#0"},"west":{"uv":[8,4,12,6],"texture":"#0"},"up":{"uv":[4,0,8,4],"rotation":180,"texture":"#0"},"down":{"uv":[4.5,4.5,8.5,8.5],"texture":"#0"}}},{"from":[4,7,1],"to":[12,7,4],"rotation":{"angle":0,"axis":"y","origin":[12,15,9]},"faces":{"north":{"uv":[4,4,8,5.5],"texture":"#0"},"east":{"uv":[0,4,4,5.5],"texture":"#0"},"south":{"uv":[12,4,16,5.5],"texture":"#0"},"west":{"uv":[8,4,12,5.5],"texture":"#0"},"up":{"uv":[0,6,4,7.5],"rotation":180,"texture":"#0"},"down":{"uv":[4,6,0,7.5],"texture":"#0"}}},{"from":[4,6,1],"to":[4,7,4],"rotation":{"angle":0,"axis":"y","origin":[12,14,9]},"faces":{"north":{"uv":[4,4,8,5.5],"texture":"#0"},"east":{"uv":[1.5,7.5,0,8],"texture":"#0"},"south":{"uv":[12,4,16,5.5],"texture":"#0"},"west":{"uv":[3,7.5,1.5,8],"texture":"#0"},"up":{"uv":[4,0,8,4],"rotation":180,"texture":"#0"},"down":{"uv":[6,2.5,6.5,3],"texture":"#0"}}},{"from":[12,6,1],"to":[12,7,4],"rotation":{"angle":0,"axis":"y","origin":[20,14,9]},"faces":{"north":{"uv":[4,4,8,5.5],"texture":"#0"},"east":{"uv":[1.5,7.5,0,8],"texture":"#0"},"south":{"uv":[12,4,16,5.5],"texture":"#0"},"west":{"uv":[0,7.5,1.5,8],"texture":"#0"},"up":{"uv":[4,0,8,4],"rotation":180,"texture":"#0"},"down":{"uv":[6,2.5,6.5,3],"texture":"#0"}}}]}