{"display":{"thirdperson_righthand":{"rotation":[0,-180,0]},"thirdperson_lefthand":{"rotation":[0,-180,0]},"ground":{"translation":[0,-3.25,0]},"gui":{"rotation":[30,132,0]},"head":{"translation":[0,4.5,0],"scale":[1.9,1.9,1.9]},"fixed":{"rotation":[-90,0,0],"translation":[0,0,-3],"scale":[1.58,1.58,1.58]}},"texture_size":[32,32],"textures":{"0":"./officers_ushanka","particle":"./officers_ushanka"},"elements":[{"from":[4,6,6],"to":[12,10,12],"rotation":{"angle":0,"axis":"y","origin":[12,14,14]},"faces":{"north":{"uv":[4,4,8,6],"texture":"#0"},"east":{"uv":[0,4,3,6],"texture":"#0"},"south":{"uv":[12,4,16,6],"texture":"#0"},"west":{"uv":[9,4,12,6],"texture":"#0"},"up":{"uv":[4,0,8,3],"rotation":180,"texture":"#0"},"down":{"uv":[8,0,12,3],"texture":"#0"}}},{"from":[3.5,6.5,3.5],"to":[12.5,10.5,6.5],"rotation":{"angle":0,"axis":"y","origin":[11.5,14.5,11.5]},"faces":{"north":{"uv":[1.5,6.5,6,8.5],"texture":"#0"},"east":{"uv":[0,6.5,1.5,8.5],"texture":"#0"},"south":{"uv":[7.5,6.5,12,8.5],"texture":"#0"},"west":{"uv":[6,6.5,7.5,8.5],"texture":"#0"},"up":{"uv":[0,8.5,1.5,13],"rotation":270,"texture":"#0"},"down":{"uv":[1.5,8.5,3,13],"rotation":90,"texture":"#0"}}},{"from":[3.5,6.5,8.5],"to":[7.5,10.5,12.5],"rotation":{"angle":0,"axis":"y","origin":[11.5,14.5,16.5]},"faces":{"north":{"uv":[10,14,12,16],"texture":"#0"},"east":{"uv":[4,14,6,16],"texture":"#0"},"south":{"uv":[2,14,4,16],"texture":"#0"},"west":{"uv":[0,14,2,16],"texture":"#0"},"up":{"uv":[3,10.5,5,12.5],"rotation":90,"texture":"#0"},"down":{"uv":[2,15.5,4,16],"texture":"#0"}}},{"from":[8.5,6.5,8.5],"to":[12.5,10.5,12.5],"rotation":{"angle":0,"axis":"y","origin":[16.5,14.5,16.5]},"faces":{"north":{"uv":[8,14,10,16],"texture":"#0"},"east":{"uv":[6,14,8,16],"texture":"#0"},"south":{"uv":[4,14,6,16],"texture":"#0"},"west":{"uv":[2,14,4,16],"texture":"#0"},"up":{"uv":[3,8.5,5,10.5],"rotation":90,"texture":"#0"},"down":{"uv":[4,15.5,6,16],"texture":"#0"}}}]}