{"display":{"thirdperson_righthand":{"rotation":[-45,80,85],"translation":[-11.25,4.75,0.75]},"thirdperson_lefthand":{"rotation":[-45,80,85],"translation":[-11.25,3.5,1.5]},"firstperson_righthand":{"rotation":[0,5,0],"translation":[5,2.5,1]},"firstperson_lefthand":{"rotation":[0,5,0],"translation":[5,2.5,1]},"ground":{"translation":[0.75,4,-3]},"gui":{"rotation":[50,160,0],"translation":[-0.75,-0.25,0],"scale":[0.5,0.5,0.5]},"head":{"rotation":[-90,-180,0],"translation":[-1.75,39.5,-5.5],"scale":[1.75,1.75,1.75]},"fixed":{"rotation":[-90,0,0],"translation":[1.75,10,-9.25],"scale":[2,2,2]}},"textures":{"0":"./why","particle":"./why"},"elements":[{"from":[2.9,0.9,18.9],"to":[11.1,9.1,27.1],"rotation":{"angle":0,"axis":"x","origin":[11,1,27]},"faces":{"north":{"uv":[12,0,14,2],"rotation":180,"texture":"#0"},"east":{"uv":[8,2,10,4],"rotation":270,"texture":"#0"},"south":{"uv":[12,2,10,0],"texture":"#0"},"west":{"uv":[12,2,14,4],"rotation":90,"texture":"#0"},"up":{"uv":[10,2,12,4],"rotation":180,"texture":"#0"},"down":{"uv":[14,2,16,4],"texture":"#0"}}},{"from":[3,1,19],"to":[11,9,27],"rotation":{"angle":0,"axis":"x","origin":[11,1,27]},"faces":{"north":{"uv":[4,0,6,2],"rotation":180,"texture":"#0"},"east":{"uv":[0,2,2,4],"rotation":270,"texture":"#0"},"south":{"uv":[4,2,2,0],"texture":"#0"},"west":{"uv":[4,2,6,4],"rotation":90,"texture":"#0"},"up":{"uv":[2,2,4,4],"rotation":180,"texture":"#0"},"down":{"uv":[6,2,8,4],"texture":"#0"}}},{"from":[6.8,2.8,-5.2],"to":[11.2,7.2,7.2],"rotation":{"angle":0,"axis":"y","origin":[15,-1,3]},"faces":{"north":{"uv":[2,8,3,9],"rotation":180,"texture":"#0"},"east":{"uv":[0,9,1,12],"rotation":270,"texture":"#0"},"south":{"uv":[2,9,1,8],"texture":"#0"},"west":{"uv":[2,9,3,12],"rotation":90,"texture":"#0"},"up":{"uv":[1,9,2,12],"rotation":180,"texture":"#0"},"down":{"uv":[3,9,4,12],"texture":"#0"}}},{"from":[7,3,-5],"to":[11,7,7],"rotation":{"angle":0,"axis":"y","origin":[15,-1,3]},"faces":{"north":{"uv":[2,4,3,5],"rotation":180,"texture":"#0"},"east":{"uv":[0,5,1,8],"rotation":270,"texture":"#0"},"south":{"uv":[2,5,1,4],"texture":"#0"},"west":{"uv":[2,5,3,8],"rotation":90,"texture":"#0"},"up":{"uv":[1,5,2,8],"rotation":180,"texture":"#0"},"down":{"uv":[3,5,4,8],"texture":"#0"}}},{"from":[2.8,2.8,-5.2],"to":[7.2,7.2,7.2],"rotation":{"angle":0,"axis":"y","origin":[11,-1,3]},"faces":{"north":{"uv":[3,13,2,12],"rotation":180,"texture":"#0"},"east":{"uv":[0,13,1,16],"rotation":270,"texture":"#0"},"south":{"uv":[2,13,1,12],"texture":"#0"},"west":{"uv":[2,13,3,16],"rotation":90,"texture":"#0"},"up":{"uv":[1,13,2,16],"rotation":180,"texture":"#0"},"down":{"uv":[3,13,4,16],"texture":"#0"}}},{"from":[3,3,-5],"to":[7,7,7],"rotation":{"angle":0,"axis":"y","origin":[11,-1,3]},"faces":{"north":{"uv":[7,13,6,12],"rotation":180,"texture":"#0"},"east":{"uv":[4,13,5,16],"rotation":270,"texture":"#0"},"south":{"uv":[6,13,5,12],"texture":"#0"},"west":{"uv":[6,13,7,16],"rotation":90,"texture":"#0"},"up":{"uv":[5,13,6,16],"rotation":180,"texture":"#0"},"down":{"uv":[7,13,8,16],"texture":"#0"}}},{"from":[2.9,2.9,6.9],"to":[11.1,7.1,19.1],"rotation":{"angle":0,"axis":"x","origin":[11,-1,15]},"faces":{"north":{"uv":[7,8,9,9],"rotation":180,"texture":"#0"},"east":{"uv":[4,9,5,12],"rotation":270,"texture":"#0"},"south":{"uv":[7,9,5,8],"texture":"#0"},"west":{"uv":[7,9,8,12],"rotation":90,"texture":"#0"},"up":{"uv":[5,9,7,12],"rotation":180,"texture":"#0"},"down":{"uv":[8,9,10,12],"texture":"#0"}}},{"from":[3,3,7],"to":[11,7,19],"rotation":{"angle":0,"axis":"x","origin":[11,-1,15]},"faces":{"north":{"uv":[7,4,9,5],"rotation":180,"texture":"#0"},"east":{"uv":[4,5,5,8],"rotation":270,"texture":"#0"},"south":{"uv":[7,5,5,4],"texture":"#0"},"west":{"uv":[7,5,8,8],"rotation":90,"texture":"#0"},"up":{"uv":[5,5,7,8],"rotation":180,"texture":"#0"},"down":{"uv":[8,5,10,8],"texture":"#0"}}},{"from":[10.9,2.9,6.9],"to":[14.1,7.1,19.1],"rotation":{"angle":0,"axis":"x","origin":[19,-1,15]},"faces":{"north":{"uv":[12.5,9,11.75,8],"rotation":180,"texture":"#0"},"east":{"uv":[10,9,11,12],"rotation":270,"texture":"#0"},"south":{"uv":[11.75,9,11,8],"texture":"#0"},"west":{"uv":[11.75,9,12.75,12],"rotation":90,"texture":"#0"},"up":{"uv":[11,9,11.75,12],"rotation":180,"texture":"#0"},"down":{"uv":[12.75,9,13.5,12],"texture":"#0"}}},{"from":[11,3,7],"to":[14,7,19],"rotation":{"angle":0,"axis":"x","origin":[19,-1,15]},"faces":{"north":{"uv":[12.5,5,11.75,4],"rotation":180,"texture":"#0"},"east":{"uv":[10,5,11,8],"rotation":270,"texture":"#0"},"south":{"uv":[11.75,5,11,4],"texture":"#0"},"west":{"uv":[11.75,5,12.75,8],"rotation":90,"texture":"#0"},"up":{"uv":[11,5,11.75,8],"rotation":180,"texture":"#0"},"down":{"uv":[12.75,5,13.5,8],"texture":"#0"}}},{"from":[-0.1,2.9,6.9],"to":[3.1,7.1,19.1],"rotation":{"angle":0,"axis":"x","origin":[8,-1,15]},"faces":{"north":{"uv":[14.5,13,13.75,12],"rotation":180,"texture":"#0"},"east":{"uv":[12,13,13,16],"rotation":270,"texture":"#0"},"south":{"uv":[13.75,13,13,12],"texture":"#0"},"west":{"uv":[13.75,13,14.75,16],"rotation":90,"texture":"#0"},"up":{"uv":[13,13,13.75,16],"rotation":180,"texture":"#0"},"down":{"uv":[14.75,13,15.5,16],"texture":"#0"}}},{"from":[0,3,7],"to":[3,7,19],"rotation":{"angle":0,"axis":"x","origin":[8,-1,15]},"faces":{"north":{"uv":[10.5,13,9.75,12],"rotation":180,"texture":"#0"},"east":{"uv":[8,13,9,16],"rotation":270,"texture":"#0"},"south":{"uv":[9.75,13,9,12],"texture":"#0"},"west":{"uv":[9.75,13,10.75,16],"rotation":90,"texture":"#0"},"up":{"uv":[9,13,9.75,16],"rotation":180,"texture":"#0"},"down":{"uv":[10.75,13,11.5,16],"texture":"#0"}}}]}