{"display":{"thirdperson_righthand":{"rotation":[90,0,0],"translation":[0,-2,5]},"thirdperson_lefthand":{"rotation":[90,0,0],"translation":[0,-2,5]},"firstperson_righthand":{"rotation":[153,5,6],"translation":[-0.5,-2.5,0]},"firstperson_lefthand":{"rotation":[153,5,6],"translation":[-0.5,-2.5,0]},"ground":{"rotation":[0,0,90],"translation":[-3.75,-0.25,0]},"gui":{"rotation":[120,0,-135],"translation":[4,1.75,0],"scale":[1.36,1.36,1.36]},"head":{"rotation":[37,38,-52],"translation":[11.75,16.75,-3.25],"scale":[2,2,2]},"fixed":{"rotation":[0,0,26],"translation":[-3.75,6.25,-2.75],"scale":[1.58,1.58,1.58]}},"texture_size":[32,16],"textures":{"0":"./bread_monster","particle":"./bread_monster"},"elements":[{"from":[5,8,5],"to":[11,8,11],"rotation":{"angle":0,"axis":"y","origin":[13,8,13]},"faces":{"north":{"uv":[3,0,6,8],"texture":"#0"},"east":{"uv":[0,0,3,8],"texture":"#0"},"south":{"uv":[9,0,12,8],"texture":"#0"},"west":{"uv":[6,0,9,8],"texture":"#0"},"up":{"uv":[3,8,6,14],"texture":"#0"},"down":{"uv":[6,8,3,14],"texture":"#0"}}},{"from":[5,0,5],"to":[11,0,11],"rotation":{"angle":0,"axis":"y","origin":[13,8,13]},"faces":{"north":{"uv":[3,0,6,8],"texture":"#0"},"east":{"uv":[0,0,3,8],"texture":"#0"},"south":{"uv":[9,0,12,8],"texture":"#0"},"west":{"uv":[6,0,9,8],"texture":"#0"},"up":{"uv":[3,8,0,14],"rotation":180,"texture":"#0"},"down":{"uv":[0,8,3,14],"texture":"#0"}}},{"from":[5,0,5],"to":[5,8,11],"rotation":{"angle":0,"axis":"y","origin":[13,8,13]},"faces":{"north":{"uv":[3,0,6,8],"texture":"#0"},"east":{"uv":[9,0,6,8],"texture":"#0"},"south":{"uv":[9,0,12,8],"texture":"#0"},"west":{"uv":[6,0,9,8],"texture":"#0"},"up":{"uv":[3,8,6,14],"texture":"#0"},"down":{"uv":[0,8,3,14],"texture":"#0"}}},{"from":[11,0,5],"to":[11,8,11],"rotation":{"angle":0,"axis":"y","origin":[13,8,13]},"faces":{"north":{"uv":[3,0,6,8],"texture":"#0"},"east":{"uv":[0,0,3,8],"texture":"#0"},"south":{"uv":[9,0,12,8],"texture":"#0"},"west":{"uv":[3,0,0,8],"texture":"#0"},"up":{"uv":[3,8,6,14],"texture":"#0"},"down":{"uv":[0,8,3,14],"texture":"#0"}}},{"from":[5,0,5],"to":[11,8,5],"rotation":{"angle":0,"axis":"y","origin":[13,8,13]},"faces":{"north":{"uv":[3,0,6,8],"texture":"#0"},"east":{"uv":[0,0,3,8],"texture":"#0"},"south":{"uv":[3,0,6,8],"texture":"#0"},"west":{"uv":[6,0,9,8],"texture":"#0"},"up":{"uv":[3,8,6,14],"texture":"#0"},"down":{"uv":[0,8,3,14],"texture":"#0"}}},{"from":[5,0,11],"to":[11,8,11],"rotation":{"angle":0,"axis":"y","origin":[13,8,13]},"faces":{"north":{"uv":[9,0,12,8],"texture":"#0"},"east":{"uv":[0,0,3,8],"texture":"#0"},"south":{"uv":[9,0,12,8],"texture":"#0"},"west":{"uv":[6,0,9,8],"texture":"#0"},"up":{"uv":[3,8,6,14],"texture":"#0"},"down":{"uv":[0,8,3,14],"texture":"#0"}}},{"from":[5.5,0.5,5.5],"to":[10.5,7.5,10.5],"rotation":{"angle":0,"axis":"y","origin":[13,8,13]},"faces":{"north":{"uv":[12,0,14.5,7],"texture":"#0"},"east":{"uv":[14.5,0,12,7],"texture":"#0"},"south":{"uv":[12,0,14.5,7],"texture":"#0"},"west":{"uv":[12,0,14.5,7],"texture":"#0"},"up":{"uv":[8.5,8,11,13],"texture":"#0"},"down":{"uv":[6,8,8.5,13],"texture":"#0"}}}]}