{"display":{"thirdperson_righthand":{"rotation":[90,0,0],"translation":[0,-2,7]},"thirdperson_lefthand":{"rotation":[90,-180,0],"translation":[0,-2,7]},"firstperson_righthand":{"rotation":[153,5,6],"translation":[-0.5,-2.5,0]},"firstperson_lefthand":{"rotation":[153,5,6],"translation":[-0.5,-2.5,0],"scale":[-1,1,1]},"ground":{"rotation":[0,0,90],"translation":[-5,-1,0]},"gui":{"rotation":[-150,135,0],"translation":[0,-6.25,0],"scale":[1.36,1.36,1.36]},"head":{"translation":[0,14.5,0]},"fixed":{"rotation":[0,0,26],"translation":[-3.75,6.25,-2],"scale":[1.58,1.58,1.58]}},"textures":{"0":"./hot_hand","particle":"./hot_hand"},"elements":[{"from":[5.5,0,5.5],"to":[10.5,6,10.5],"rotation":{"angle":0,"axis":"y","origin":[13.5,8,13.5]},"faces":{"north":{"uv":[0,1,5,7],"texture":"#0"},"east":{"uv":[5,8,10,14],"texture":"#0"},"south":{"uv":[0,8,5,14],"texture":"#0"},"west":{"uv":[5,1,10,7],"texture":"#0"},"up":{"uv":[10,0,15,5],"texture":"#0"},"down":{"uv":[10,5,15,10],"rotation":180,"texture":"#0"}}},{"from":[5.25,4,10.75],"to":[10.75,7,10.75],"rotation":{"angle":0,"axis":"y","origin":[13.5,8,13.5]},"faces":{"north":{"uv":[0,0,5,3],"texture":"#0"},"east":{"uv":[5,6,10,12],"texture":"#0"},"south":{"uv":[0,7,5,10],"texture":"#0"},"west":{"uv":[5,0,10,6],"texture":"#0"},"up":{"uv":[10,0,15,5],"texture":"#0"},"down":{"uv":[10,5,15,10],"rotation":180,"texture":"#0"}}},{"from":[5.25,4,5.25],"to":[10.75,7,5.25],"rotation":{"angle":0,"axis":"y","origin":[13.5,8,13.5]},"faces":{"north":{"uv":[0,0,5,3],"texture":"#0"},"east":{"uv":[5,6,10,12],"texture":"#0"},"south":{"uv":[0,7,5,10],"texture":"#0"},"west":{"uv":[5,0,10,6],"texture":"#0"},"up":{"uv":[10,0,15,5],"texture":"#0"},"down":{"uv":[10,5,15,10],"rotation":180,"texture":"#0"}}},{"from":[5.25,4,5.25],"to":[5.25,7,10.75],"rotation":{"angle":0,"axis":"y","origin":[13.5,8,13.5]},"faces":{"north":{"uv":[0,0,5,6],"texture":"#0"},"east":{"uv":[5,7,10,10],"texture":"#0"},"south":{"uv":[0,6,5,12],"texture":"#0"},"west":{"uv":[5,0,10,3],"texture":"#0"},"up":{"uv":[10,0,15,5],"texture":"#0"},"down":{"uv":[10,5,15,10],"rotation":180,"texture":"#0"}}},{"from":[10.75,4,5.25],"to":[10.75,7,10.75],"rotation":{"angle":0,"axis":"y","origin":[13.5,8,13.5]},"faces":{"north":{"uv":[0,0,5,6],"texture":"#0"},"east":{"uv":[5,7,10,10],"texture":"#0"},"south":{"uv":[0,6,5,12],"texture":"#0"},"west":{"uv":[5,0,10,3],"texture":"#0"},"up":{"uv":[10,0,15,5],"texture":"#0"},"down":{"uv":[10,5,15,10],"rotation":180,"texture":"#0"}}}]}