{"display":{"thirdperson_righthand":{"rotation":[90,0,0],"translation":[0,-2,7]},"thirdperson_lefthand":{"rotation":[90,-180,0],"translation":[0,-2,7]},"firstperson_righthand":{"rotation":[168,5,1.5],"translation":[-0.5,-2,0]},"firstperson_lefthand":{"rotation":[168,175,1.5],"translation":[-0.5,-2,0]},"ground":{"rotation":[0,0,90],"translation":[-5,-1,0]},"gui":{"rotation":[-150,-45,0],"translation":[0,-6.25,0],"scale":[1.36,1.36,1.36]},"head":{"translation":[0,14.5,0]},"fixed":{"rotation":[0,0,26],"translation":[-3.75,7.75,-4],"scale":[2,2,2]}},"texture_size":[32,16],"textures":{"0":"./kgb_bl","particle":"./kgb_bl"},"elements":[{"from":[5.5,0.5,5.5],"to":[10.5,4.5,10.5],"rotation":{"angle":0,"axis":"y","origin":[13.5,13,13.5]},"faces":{"north":{"uv":[13.5,10,16,14],"texture":"#0"},"east":{"uv":[13.5,10,16,14],"texture":"#0"},"south":{"uv":[13.5,10,16,14],"texture":"#0"},"west":{"uv":[13.5,10,16,14],"texture":"#0"},"up":{"uv":[11,0,13.5,5],"texture":"#0"},"down":{"uv":[11,5,13.5,10],"rotation":270,"texture":"#0"}}},{"from":[5.5,5,5.5],"to":[10.5,7,10.5],"rotation":{"angle":0,"axis":"y","origin":[13.5,13,13.5]},"faces":{"north":{"uv":[0,0,2.5,2],"texture":"#0"},"east":{"uv":[2.5,0,5,2],"texture":"#0"},"south":{"uv":[0,0,2.5,2],"texture":"#0"},"west":{"uv":[2.5,0,5,2],"texture":"#0"},"up":{"uv":[13.5,0,16,5],"texture":"#0"}}},{"from":[5,5,5],"to":[11,5,11],"rotation":{"angle":0,"axis":"y","origin":[13,8,13]},"faces":{"north":{"uv":[0,2,3,7],"texture":"#0"},"east":{"uv":[3,7,6,12],"texture":"#0"},"south":{"uv":[0,7,3,12],"texture":"#0"},"west":{"uv":[3,2,6,7],"texture":"#0"},"up":{"uv":[6,6,9,12],"rotation":180,"texture":"#0"},"down":{"uv":[6,6,9,12],"rotation":180,"texture":"#0"}}},{"from":[5,0,5],"to":[11,0,11],"rotation":{"angle":0,"axis":"y","origin":[13,8,13]},"faces":{"north":{"uv":[0,2,3,7],"texture":"#0"},"east":{"uv":[3,7,6,12],"texture":"#0"},"south":{"uv":[0,7,3,12],"texture":"#0"},"west":{"uv":[3,2,6,7],"texture":"#0"},"up":{"uv":[9,0,6,6],"texture":"#0"},"down":{"uv":[6,6,9,0],"rotation":180,"texture":"#0"}}},{"from":[5,0,5],"to":[5,5,11],"rotation":{"angle":0,"axis":"y","origin":[13,8,13]},"faces":{"north":{"uv":[0,2,3,7],"texture":"#0"},"east":{"uv":[6,2,3,7],"texture":"#0"},"south":{"uv":[0,7,3,12],"texture":"#0"},"west":{"uv":[3,2,6,7],"texture":"#0"},"up":{"uv":[6,6,9,12],"rotation":180,"texture":"#0"},"down":{"uv":[6,0,9,6],"rotation":180,"texture":"#0"}}},{"from":[11,0,5],"to":[11,5,11],"rotation":{"angle":0,"axis":"y","origin":[13,8,13]},"faces":{"north":{"uv":[0,2,3,7],"texture":"#0"},"east":{"uv":[3,7,6,12],"texture":"#0"},"south":{"uv":[0,7,3,12],"texture":"#0"},"west":{"uv":[3,7,6,12],"texture":"#0"},"up":{"uv":[6,6,9,12],"rotation":180,"texture":"#0"},"down":{"uv":[6,0,9,6],"rotation":180,"texture":"#0"}}},{"from":[5,0,5],"to":[11,5,5],"rotation":{"angle":0,"axis":"y","origin":[13,8,13]},"faces":{"north":{"uv":[0,2,3,7],"texture":"#0"},"east":{"uv":[3,7,6,12],"texture":"#0"},"south":{"uv":[3,2,0,7],"texture":"#0"},"west":{"uv":[3,2,6,7],"texture":"#0"},"up":{"uv":[6,6,9,12],"rotation":180,"texture":"#0"},"down":{"uv":[6,0,9,6],"rotation":180,"texture":"#0"}}},{"from":[5,0,11],"to":[11,5,11],"rotation":{"angle":0,"axis":"y","origin":[13,8,13]},"faces":{"north":{"uv":[3,7,0,12],"texture":"#0"},"east":{"uv":[3,7,6,12],"texture":"#0"},"south":{"uv":[0,7,3,12],"texture":"#0"},"west":{"uv":[3,2,6,7],"texture":"#0"},"up":{"uv":[6,6,9,12],"rotation":180,"texture":"#0"},"down":{"uv":[6,0,9,6],"rotation":180,"texture":"#0"}}}]}