{"display":{"thirdperson_righthand":{"rotation":[2,1,-1],"translation":[-0.75,-3.25,-3],"scale":[0.8,0.8,0.8]},"thirdperson_lefthand":{"rotation":[2,1,-1],"translation":[-0.75,-3.25,-3.25],"scale":[0.8,0.8,0.8]},"firstperson_righthand":{"rotation":[22,5,6],"translation":[2.75,-2,-6.5]},"firstperson_lefthand":{"rotation":[22,5,6],"translation":[2.75,-2,-6.5]},"ground":{"rotation":[0,0,-90],"translation":[-3,0.5,3.25],"scale":[0.8,0.8,0.8]},"gui":{"rotation":[-35,145,5],"translation":[1.5,-4,0],"scale":[0.66,0.66,0.66]},"head":{"translation":[0,5,3.25]},"fixed":{"rotation":[0,90,0],"translation":[3.75,-4.5,-1]}},"texture_size":[64,48],"textures":{"particle":"./gravity_gun"},"elements":[{"from":[8,14,-11.75],"to":[8,18.5,-2.75],"rotation":{"angle":0,"axis":"x","origin":[9.5,14,-2.75]},"faces":{"north":{"uv":[0,0,0,2],"texture":"#particle"},"east":{"uv":[13.5,8.33333,9,11.33333],"texture":"#particle"},"south":{"uv":[0,0,0,2],"texture":"#particle"},"west":{"uv":[9,8.33333,13.5,11.33333],"texture":"#particle"},"up":{"uv":[0,0,0,6],"texture":"#particle"},"down":{"uv":[0,0,0,6],"texture":"#particle"}}},{"from":[1.75,10.5,-11.75],"to":[6.25,10.5,-2.75],"rotation":{"angle":45,"axis":"z","origin":[6.25,10.5,-4.75]},"faces":{"north":{"uv":[0,0,0,2],"rotation":270,"texture":"#particle"},"east":{"uv":[0,0,0,6],"rotation":90,"texture":"#particle"},"south":{"uv":[0,0,0,2],"rotation":90,"texture":"#particle"},"west":{"uv":[0,0,0,6],"rotation":90,"texture":"#particle"},"up":{"uv":[9,11.33333,13.5,8.33333],"rotation":90,"texture":"#particle"},"down":{"uv":[13.5,11.33333,9,8.33333],"rotation":90,"texture":"#particle"}}},{"from":[9.75,10.5,-11.75],"to":[14.25,10.5,-2.75],"rotation":{"angle":-45,"axis":"z","origin":[9.75,10.5,-4.75]},"faces":{"north":{"uv":[0,0,0,2],"rotation":90,"texture":"#particle"},"east":{"uv":[0,0,0,6],"rotation":270,"texture":"#particle"},"south":{"uv":[0,0,0,2],"rotation":270,"texture":"#particle"},"west":{"uv":[0,0,0,6],"rotation":270,"texture":"#particle"},"up":{"uv":[13.5,11.33333,9,8.33333],"rotation":270,"texture":"#particle"},"down":{"uv":[9,11.33333,13.5,8.33333],"rotation":270,"texture":"#particle"}}},{"from":[7,10.5,12.75],"to":[9,13,18.25],"rotation":{"angle":22.5,"axis":"x","origin":[7,13,12.75]},"faces":{"east":{"uv":[12.75,14.33333,10,16],"texture":"#particle"},"south":{"uv":[12.5,14.33333,12.75,16],"texture":"#particle"},"west":{"uv":[10,14.33333,12.75,16],"texture":"#particle"},"up":{"uv":[10,13,12.75,14.33333],"rotation":90,"texture":"#particle"},"down":{"uv":[10,11.66667,12.75,13],"rotation":270,"texture":"#particle"}}},{"from":[4.5,8.75,5.25],"to":[11.5,15.75,9.75],"rotation":{"angle":0,"axis":"x","origin":[6,8.75,14.25]},"faces":{"north":{"uv":[0,3.66667,3.5,8.33333],"texture":"#particle"},"east":{"uv":[5.75,3.66667,3.5,8.33333],"texture":"#particle"},"south":{"uv":[0,11.33333,3.5,16],"texture":"#particle"},"west":{"uv":[5.75,3.66667,8,8.33333],"texture":"#particle"},"up":{"uv":[0,8.33333,3.5,11.33333],"rotation":180,"texture":"#particle"},"down":{"uv":[8,3.66667,11.5,6.66667],"rotation":180,"texture":"#particle"}}},{"from":[6.5,9.25,9.75],"to":[9.5,14.75,12.75],"rotation":{"angle":0,"axis":"x","origin":[8,9.25,16]},"faces":{"north":{"uv":[0,4.5,0.33333,7],"texture":"#particle"},"east":{"uv":[7,12.33333,5.5,16],"texture":"#particle"},"south":{"uv":[7,12.33333,8.5,16],"texture":"#particle"},"west":{"uv":[5.5,12.33333,7,16],"texture":"#particle"},"up":{"uv":[8.5,14,10,16],"texture":"#particle"},"down":{"uv":[8.5,12.33333,10,14.33333],"texture":"#particle"}}},{"from":[4.25,9,7.75],"to":[7.25,13,11.75],"rotation":{"angle":22.5,"axis":"z","origin":[4.25,9,7.75]},"faces":{"north":{"uv":[5.5,8.33333,3.5,10.33333],"rotation":270,"texture":"#particle"},"east":{"uv":[5.5,10.33333,3.5,13],"texture":"#particle"},"south":{"uv":[13.5,3.66667,11.5,5.66667],"rotation":90,"texture":"#particle"},"west":{"uv":[7,8.33333,9,11],"texture":"#particle"},"up":{"uv":[5.5,8.33333,3.5,10.33333],"rotation":90,"texture":"#particle"},"down":{"uv":[5.5,8.33333,3.5,10.33333],"rotation":90,"texture":"#particle"}}},{"from":[-0.25,10.25,9],"to":[4.25,11.75,10.5],"rotation":{"angle":22.5,"axis":"z","origin":[4.25,9,7.75]},"faces":{"north":{"uv":[6.25,8.33333,5.5,11.33333],"rotation":270,"texture":"#particle"},"east":{"uv":[6.33333,4.5,0,7],"texture":"#missing"},"south":{"uv":[5.5,8.33333,6.25,11.33333],"rotation":90,"texture":"#particle"},"west":{"uv":[5.5,11.33333,6.25,12.33333],"rotation":90,"texture":"#particle"},"up":{"uv":[6.25,8.33333,7,11.33333],"rotation":90,"texture":"#particle"},"down":{"uv":[6,8.33333,6.25,11.33333],"rotation":90,"texture":"#particle"}}},{"from":[8.75,9,7.75],"to":[11.75,13,11.75],"rotation":{"angle":-22.5,"axis":"z","origin":[11.75,9,7.75]},"faces":{"north":{"uv":[3.5,8.33333,5.5,10.33333],"rotation":90,"texture":"#particle"},"east":{"uv":[5.5,10.33333,3.5,13],"texture":"#particle"},"south":{"uv":[3.5,8.33333,5.5,10.33333],"rotation":270,"texture":"#particle"},"west":{"uv":[3.5,10.33333,5.5,13],"texture":"#particle"},"up":{"uv":[3.5,8.33333,5.5,10.33333],"rotation":270,"texture":"#particle"},"down":{"uv":[3.5,8.33333,5.5,10.33333],"rotation":270,"texture":"#particle"}}},{"from":[5.25,9.5,-4.25],"to":[10.75,15,5.25],"rotation":{"angle":0,"axis":"x","origin":[8.5,13.5,4.75]},"faces":{"north":{"uv":[4.75,0,7.5,3.66667],"texture":"#particle"},"east":{"uv":[4.75,0,0,3.66667],"texture":"#particle"},"south":{"uv":[9.33333,0,9.66667,1.5],"texture":"#particle"},"west":{"uv":[0,0,4.75,3.66667],"texture":"#particle"},"up":{"uv":[0,0,4.75,3.66667],"rotation":90,"texture":"#particle"},"down":{"uv":[0,0,4.75,3.66667],"rotation":270,"texture":"#particle"}}}]}