{"display":{"thirdperson_righthand":{"rotation":[-29,0,-5],"translation":[0.25,-0.75,-0.75]},"thirdperson_lefthand":{"rotation":[-29,0,-5],"translation":[0.25,-0.75,-0.75]},"firstperson_righthand":{"rotation":[-20,0,0],"translation":[1.25,0,0]},"firstperson_lefthand":{"rotation":[-20,0,0],"translation":[1.25,0,0]},"ground":{"translation":[0,-1,0]},"gui":{"rotation":[30,132,0],"translation":[0,-3.5,0],"scale":[0.87,0.87,0.87]},"head":{"translation":[0,5.25,0],"scale":[1.9,1.9,1.9]},"fixed":{"rotation":[-90,0,0],"translation":[0,0,-1.75],"scale":[1.58,1.58,1.58]}},"texture_size":[48,48],"textures":{"0":"./towering_pillar_of_hats","particle":"./towering_pillar_of_hats"},"elements":[{"from":[3,7,3],"to":[13,7,13],"rotation":{"angle":0,"axis":"y","origin":[11,15,11]},"faces":{"north":{"uv":[4,4,8,5.5],"texture":"#0"},"east":{"uv":[0,4,4,5.5],"texture":"#0"},"south":{"uv":[12,4,16,5.5],"texture":"#0"},"west":{"uv":[8,4,12,5.5],"texture":"#0"},"up":{"uv":[0,9,3.33333,12.33333],"rotation":180,"texture":"#0"},"down":{"uv":[3.33333,9,0,12.33333],"texture":"#0"}}},{"from":[3,7,3],"to":[3,8,13],"rotation":{"angle":0,"axis":"y","origin":[11,15,11]},"faces":{"north":{"uv":[4,4,8,5.5],"texture":"#0"},"east":{"uv":[3.33333,9,3.66667,12.33333],"rotation":90,"texture":"#0"},"south":{"uv":[12,4,16,5.5],"texture":"#0"},"west":{"uv":[3.33333,9,3.66667,12.33333],"rotation":90,"texture":"#0"},"up":{"uv":[0,5.5,6,11.5],"rotation":180,"texture":"#0"},"down":{"uv":[6,5.5,0,11.5],"texture":"#0"}}},{"from":[13,7,3],"to":[13,8,13],"rotation":{"angle":0,"axis":"y","origin":[9,15,11]},"faces":{"north":{"uv":[4,4,8,5.5],"texture":"#0"},"east":{"uv":[3.33333,9,3.66667,12.33333],"rotation":90,"texture":"#0"},"south":{"uv":[12,4,16,5.5],"texture":"#0"},"west":{"uv":[3.33333,9,3.66667,12.33333],"rotation":90,"texture":"#0"},"up":{"uv":[0,5.5,6,11.5],"rotation":180,"texture":"#0"},"down":{"uv":[6,5.5,0,11.5],"texture":"#0"}}},{"from":[2,10,2],"to":[14,10,14],"rotation":{"angle":0,"axis":"y","origin":[10,15,10]},"faces":{"north":{"uv":[4,4,8,5.5],"texture":"#0"},"east":{"uv":[0,4,4,5.5],"texture":"#0"},"south":{"uv":[12,4,16,5.5],"texture":"#0"},"west":{"uv":[8,4,12,5.5],"texture":"#0"},"up":{"uv":[4,5,8,9],"rotation":180,"texture":"#0"},"down":{"uv":[8,5,4,9],"texture":"#0"}}},{"from":[3.99,9.99,3.99],"to":[12.01,18.01,12.01],"rotation":{"angle":0,"axis":"y","origin":[12,15,12]},"faces":{"north":{"uv":[2.66667,1.33333,5.33333,4],"texture":"#0"},"east":{"uv":[0,1.33333,2.66667,4],"texture":"#0"},"south":{"uv":[8,1.33333,10.66667,4],"texture":"#0"},"west":{"uv":[5.33333,1.33333,8,4],"texture":"#0"},"up":{"uv":[10.66667,2.66667,13.33333,5.33333],"rotation":180,"texture":"#0"}}},{"from":[4,7,4],"to":[12,11,12],"rotation":{"angle":0,"axis":"y","origin":[12,12,12]},"faces":{"north":{"uv":[2.66667,0,5.33333,1.33333],"texture":"#0"},"east":{"uv":[0,0,2.66667,1.33333],"texture":"#0"},"south":{"uv":[8,0,10.66667,1.33333],"texture":"#0"},"west":{"uv":[5.33333,0,8,1.33333],"texture":"#0"},"up":{"uv":[10.66667,0,13.33333,2.66667],"rotation":180,"texture":"#0"}}},{"from":[2,15,2],"to":[14,15,14],"rotation":{"angle":-22.5,"axis":"z","origin":[12,15,8]},"faces":{"north":{"uv":[4,4,8,5.5],"texture":"#0"},"east":{"uv":[0,4,4,5.5],"texture":"#0"},"south":{"uv":[12,4,16,5.5],"texture":"#0"},"west":{"uv":[8,4,12,5.5],"texture":"#0"},"up":{"uv":[0,5,4,9],"rotation":180,"texture":"#0"},"down":{"uv":[4,5,0,9],"texture":"#0"}}},{"from":[3.98,14.98,3.98],"to":[12.02,18.02,12.02],"rotation":{"angle":-22.5,"axis":"z","origin":[12,15,8]},"faces":{"north":{"uv":[2.66667,4,5.33333,5],"texture":"#0"},"east":{"uv":[0,4,2.66667,5],"texture":"#0"},"south":{"uv":[8,4,10.66667,5],"texture":"#0"},"west":{"uv":[5.33333,4,8,5],"texture":"#0"},"up":{"uv":[10.66667,5.33333,13.33333,8],"rotation":180,"texture":"#0"}}},{"from":[12.5,15,5],"to":[12.5,18,11],"rotation":{"angle":-22.5,"axis":"z","origin":[12,15,8]},"faces":{"north":{"uv":[2.66667,4,5.33333,5],"texture":"#0"},"east":{"uv":[13.33333,5.33333,15.33333,6.33333],"texture":"#0"},"south":{"uv":[8,4,10.66667,5],"texture":"#0"},"west":{"uv":[13.33333,5.33333,15.33333,6.33333],"texture":"#0"},"up":{"uv":[10.66667,5.33333,13.33333,8],"rotation":180,"texture":"#0"}}}]}