{"display":{"thirdperson_righthand":{"rotation":[-22,0,-16],"translation":[1.5,1.5,-3.5]},"thirdperson_lefthand":{"rotation":[-22,0,-16],"translation":[1.5,1.5,-3.5]},"firstperson_righthand":{"rotation":[-64,19,-10],"translation":[1.25,0,0]},"firstperson_lefthand":{"rotation":[-64,19,-10],"translation":[1.25,0,0]},"ground":{"translation":[0,3,0]},"gui":{"rotation":[30,132,0],"translation":[0,2,0]},"head":{"translation":[0,3.75,0],"scale":[1.75,1.75,1.75]},"fixed":{"rotation":[-90,0,0],"translation":[0,0,-9.5],"scale":[1.58,1.58,1.58]}},"texture_size":[32,32],"textures":{"0":"./poot","particle":"./poot"},"elements":[{"from":[4,2,4],"to":[12,10,12],"rotation":{"angle":0,"axis":"y","origin":[9,15,9]},"faces":{"north":{"uv":[4,0,8,4],"texture":"#0"},"east":{"uv":[0,0,4,4],"texture":"#0"},"south":{"uv":[12,0,16,4],"texture":"#0"},"west":{"uv":[8,0,12,4],"texture":"#0"},"up":{"uv":[4,4,8,8],"rotation":180,"texture":"#0"},"down":{"uv":[4,4,0,8],"texture":"#0"}}},{"from":[4,-1,6],"to":[12,2,6],"rotation":{"angle":0,"axis":"y","origin":[9,15,9]},"faces":{"north":{"uv":[12,4,16,5.5],"texture":"#0"},"east":{"uv":[0,0,4,4],"texture":"#0"},"south":{"uv":[16,4,12,5.5],"texture":"#0"},"west":{"uv":[8,0,12,4],"texture":"#0"},"up":{"uv":[4,4,8,8],"rotation":180,"texture":"#0"},"down":{"uv":[4,4,0,8],"texture":"#0"}}},{"from":[4,0,10],"to":[12,2,10],"rotation":{"angle":0,"axis":"y","origin":[9,15,9]},"faces":{"north":{"uv":[12,6,16,7],"texture":"#0"},"east":{"uv":[0,0,4,4],"texture":"#0"},"south":{"uv":[16,6,12,7],"texture":"#0"},"west":{"uv":[8,0,12,4],"texture":"#0"},"up":{"uv":[4,4,8,8],"rotation":180,"texture":"#0"},"down":{"uv":[4,4,0,8],"texture":"#0"}}},{"from":[3.5,1.25,3.5],"to":[12.5,10.25,12.5],"rotation":{"angle":0,"axis":"y","origin":[9,15,9]},"faces":{"north":{"uv":[4,8,8,12],"texture":"#0"},"east":{"uv":[0,8,4,12],"texture":"#0"},"south":{"uv":[12,8,16,12],"texture":"#0"},"west":{"uv":[8,8,12,12],"texture":"#0"}}},{"from":[12.5,1.25,3.5],"to":[3.5,10.25,12.5],"rotation":{"angle":0,"axis":"y","origin":[9,15,9]},"faces":{"north":{"uv":[8,8,4,12],"texture":"#0"},"east":{"uv":[12,8,8,12],"texture":"#0"},"south":{"uv":[16,8,12,12],"texture":"#0"},"west":{"uv":[4,8,0,12],"texture":"#0"}}},{"from":[7,6,3],"to":[9,7,4],"rotation":{"angle":0,"axis":"y","origin":[12,15,12]},"faces":{"north":{"uv":[8,4,9,4.5],"texture":"#0"},"east":{"uv":[8,4.5,8.5,5],"texture":"#0"},"west":{"uv":[8.5,4.5,9,5],"texture":"#0"},"up":{"uv":[8,5.5,9,6],"rotation":180,"texture":"#0"},"down":{"uv":[8,5,9,5.5],"rotation":180,"texture":"#0"}}}]}