{"display":{"thirdperson_righthand":{"rotation":[47,17,2.5],"translation":[-2.25,0.25,-6.25],"scale":[0.8,0.8,0.8]},"thirdperson_lefthand":{"rotation":[47,17,2.5],"translation":[-2.25,0.25,-6.25],"scale":[0.8,0.8,0.8]},"firstperson_righthand":{"rotation":[24.5,21,-10.5],"translation":[-4.5,0,-6.5]},"firstperson_lefthand":{"rotation":[24.5,21,-10.5],"translation":[-4.5,0,-6.5]},"ground":{"rotation":[0,0,90],"translation":[5.75,-1.5,-0.75],"scale":[0.8,0.8,0.8]},"gui":{"rotation":[-30,130,4],"translation":[-0.75,-2.5,0],"scale":[0.46,0.46,0.46]},"head":{"rotation":[0,51,90],"translation":[3,7.5,-5]},"fixed":{"rotation":[0,90,0],"translation":[0,-6.75,-1.5]}},"texture_size":[48,48],"textures":{"0":"./winchester","particle":"./winchester"},"elements":[{"from":[7,14.75,0.5],"to":[9,17.25,9.5],"rotation":{"angle":0,"axis":"y","origin":[15,22.75,14.5]},"faces":{"north":{"uv":[4,0,4.33333,1.66667],"texture":"#0"},"east":{"uv":[10,0,4,1.66667],"texture":"#0"},"west":{"uv":[4,0,10,1.66667],"texture":"#0"},"up":{"uv":[4,1.66667,10,3],"rotation":90,"texture":"#0"},"down":{"uv":[4,3,10,4.33333],"rotation":270,"texture":"#0"}}},{"from":[7.25,15.75,-11.5],"to":[8.75,17.25,0.5],"rotation":{"angle":0,"axis":"y","origin":[15.25,23.75,2.5]},"faces":{"north":{"uv":[8,8,9,9],"texture":"#0"},"east":{"uv":[8,8,0,9],"texture":"#0"},"south":{"uv":[0,0,0.5,0.5],"texture":"#0"},"west":{"uv":[0,8,8,9],"texture":"#0"},"up":{"uv":[0,9,8,10],"rotation":90,"texture":"#0"},"down":{"uv":[0,8.66667,8,9],"rotation":270,"texture":"#0"}}},{"from":[7.5,14.75,-11.5],"to":[8.5,15.75,0.5],"rotation":{"angle":0,"axis":"y","origin":[15.5,22.75,2.5]},"faces":{"north":{"uv":[8,10,8.66667,10.66667],"texture":"#0"},"east":{"uv":[8,10,0,10.66667],"texture":"#0"},"west":{"uv":[0,10,8,10.66667],"texture":"#0"},"up":{"uv":[0,1,9,2],"rotation":90,"texture":"#0"},"down":{"uv":[0,10.33333,8,10.66667],"rotation":270,"texture":"#0"}}},{"from":[8,17.25,-11],"to":[8,18.25,-9.5],"rotation":{"angle":0,"axis":"y","origin":[16,25.25,-3]},"faces":{"north":{"uv":[5.333,13.333,6.333,14.66567],"texture":"#0"},"east":{"uv":[9,9,8,9.66667],"texture":"#0"},"south":{"uv":[0,0,0.5,0.5],"texture":"#0"},"west":{"uv":[8,9,9,9.66667],"texture":"#0"},"up":{"uv":[0,1,9,2],"rotation":90,"texture":"#0"},"down":{"uv":[0,14.333,5.333,14.66567],"rotation":270,"texture":"#0"}}},{"from":[8,12.25,13.75],"to":[8,14.75,20.75],"rotation":{"angle":22.5,"axis":"x","origin":[8,14.75,13.75]},"faces":{"north":{"uv":[5.333,13.333,6.333,14.66567],"texture":"#0"},"east":{"uv":[14.66667,0,10,1.66667],"texture":"#0"},"south":{"uv":[0,0,0.5,0.5],"texture":"#0"},"west":{"uv":[10,0,14.66667,1.66667],"texture":"#0"},"up":{"uv":[0,1,9,2],"rotation":90,"texture":"#0"},"down":{"uv":[0,14.333,5.333,14.66567],"rotation":270,"texture":"#0"}}},{"from":[8,16,15.5],"to":[8,18,17.5],"rotation":{"angle":0,"axis":"x","origin":[8,16,16]},"faces":{"north":{"uv":[5.333,13.333,6.333,14.66567],"texture":"#0"},"east":{"uv":[5.33333,6.66667,4,8],"texture":"#0"},"south":{"uv":[0,0,0.5,0.5],"texture":"#0"},"west":{"uv":[4,6.66667,5.33333,8],"texture":"#0"},"up":{"uv":[0,1,9,2],"rotation":90,"texture":"#0"},"down":{"uv":[0,14.333,5.333,14.66567],"rotation":270,"texture":"#0"}}},{"from":[6.75,13.75,9.5],"to":[9.25,17.25,15.5],"rotation":{"angle":0,"axis":"y","origin":[14.75,21.75,17.5]},"faces":{"north":{"uv":[0,0,0.33333,2.33333],"texture":"#0"},"east":{"uv":[4,2.33333,0,4.66667],"texture":"#0"},"south":{"uv":[3.66667,0,4,2.33333],"texture":"#0"},"west":{"uv":[0,0,4,2.33333],"texture":"#0"},"up":{"uv":[0,4.66667,4,6.33333],"rotation":90,"texture":"#0"},"down":{"uv":[0,6.33333,4,8],"rotation":270,"texture":"#0"}}},{"from":[6.75,12,22.5],"to":[9.25,15.5,30.5],"rotation":{"angle":0,"axis":"x","origin":[7.25,16.75,15.5]},"faces":{"north":{"uv":[4,4.33333,4.33333,6.66667],"texture":"#0"},"east":{"uv":[9.33333,4.33333,4,6.66667],"texture":"#0"},"south":{"uv":[9,4.33333,9.33333,6.66667],"texture":"#0"},"west":{"uv":[4,4.33333,9.33333,6.66667],"texture":"#0"},"up":{"uv":[9.33333,4.33333,14.66667,6],"rotation":90,"texture":"#0"},"down":{"uv":[4,6.33333,9.33333,6.66667],"rotation":270,"texture":"#0"}}},{"from":[7,11.5,15.5],"to":[9,14,22.5],"rotation":{"angle":22.5,"axis":"x","origin":[6.75,15.5,22.5]},"faces":{"north":{"uv":[0,0,0.5,0.83333],"rotation":180,"texture":"#0"},"east":{"uv":[4.66667,14.33333,0,16],"texture":"#0"},"south":{"uv":[0,0,0.5,0.83333],"texture":"#0"},"west":{"uv":[0,14.33333,4.66667,16],"texture":"#0"},"up":{"uv":[0,10.66667,4.66667,12],"rotation":90,"texture":"#0"},"down":{"uv":[0,12,4.66667,13.33333],"rotation":270,"texture":"#0"}}},{"from":[7,11.5,22.5],"to":[9,15.5,31],"rotation":{"angle":22.5,"axis":"x","origin":[6.75,15.5,22.5]},"faces":{"north":{"uv":[4.66667,13.33333,5,16],"texture":"#0"},"east":{"uv":[10.33333,13.33333,4.66667,16],"texture":"#0"},"south":{"uv":[10,13.33333,10.33333,16],"texture":"#0"},"west":{"uv":[4.66667,13.33333,10.33333,16],"texture":"#0"},"up":{"uv":[7.66667,6.333,8.66667,10.66567],"texture":"#0"},"down":{"uv":[4.66667,12,10.33333,13.33333],"rotation":270,"texture":"#0"}}}]}