{"display":{"thirdperson_righthand":{"rotation":[-42,-180,0],"translation":[0,-3.5,-2.5]},"thirdperson_lefthand":{"rotation":[-42,-180,0],"translation":[0,-3.5,-2.5]},"firstperson_righthand":{"rotation":[-34,162,0],"translation":[0,-3,0]},"firstperson_lefthand":{"rotation":[-34,162,0],"translation":[0,-3,0]},"ground":{"translation":[0,-2.25,0]},"gui":{"rotation":[30,132,0],"translation":[0.25,-2.75,0]},"head":{"translation":[0,-5.5,0],"scale":[1.9,1.9,1.9]},"fixed":{"rotation":[-90,0,0],"scale":[1.58,1.58,1.58]}},"texture_size":[32,32],"textures":{"0":"./berlin_helm","particle":"./berlin_helm"},"elements":[{"from":[4,7,4],"to":[4,15,12],"rotation":{"angle":0,"axis":"y","origin":[12,15,12]},"faces":{"north":{"uv":[2,4,4,8],"texture":"#0"},"east":{"uv":[12,4,8,8],"texture":"#0"},"south":{"uv":[6,4,8,8],"texture":"#0"},"west":{"uv":[8,4,12,8],"texture":"#0"},"up":{"uv":[2,0,4,4],"rotation":180,"texture":"#0"},"down":{"uv":[4,0,6,4],"texture":"#0"}}},{"from":[12,7,4],"to":[12,15,12],"rotation":{"angle":0,"axis":"y","origin":[20,15,12]},"faces":{"north":{"uv":[2,4,4,8],"texture":"#0"},"east":{"uv":[0,4,4,8],"texture":"#0"},"south":{"uv":[6,4,8,8],"texture":"#0"},"west":{"uv":[4,4,0,8],"texture":"#0"},"up":{"uv":[2,0,4,4],"rotation":180,"texture":"#0"},"down":{"uv":[4,0,6,4],"texture":"#0"}}},{"from":[4,7,4],"to":[12,15,4],"rotation":{"angle":0,"axis":"y","origin":[12,15,12]},"faces":{"north":{"uv":[4,4,8,8],"texture":"#0"},"east":{"uv":[0,4,2,8],"texture":"#0"},"south":{"uv":[8,4,4,8],"texture":"#0"},"west":{"uv":[4,4,6,8],"texture":"#0"},"up":{"uv":[2,0,4,4],"rotation":180,"texture":"#0"},"down":{"uv":[4,0,6,4],"texture":"#0"}}},{"from":[4,7,12],"to":[12,15,12],"rotation":{"angle":0,"axis":"y","origin":[12,15,20]},"faces":{"north":{"uv":[16,4,12,8],"texture":"#0"},"east":{"uv":[0,4,2,8],"texture":"#0"},"south":{"uv":[12,4,16,8],"texture":"#0"},"west":{"uv":[4,4,6,8],"texture":"#0"},"up":{"uv":[2,0,4,4],"rotation":180,"texture":"#0"},"down":{"uv":[4,0,6,4],"texture":"#0"}}},{"from":[4,15,4],"to":[12,15,12],"rotation":{"angle":0,"axis":"y","origin":[12,23,12]},"faces":{"north":{"uv":[2,4,4,8],"texture":"#0"},"east":{"uv":[0,4,2,8],"texture":"#0"},"south":{"uv":[6,4,8,8],"texture":"#0"},"west":{"uv":[4,4,6,8],"texture":"#0"},"up":{"uv":[4,0,8,4],"rotation":180,"texture":"#0"},"down":{"uv":[8,0,4,4],"texture":"#0"}}},{"from":[12.5,7,3.5],"to":[12.5,13,11.5],"rotation":{"angle":0,"axis":"x","origin":[3.5,12,11.5]},"faces":{"north":{"uv":[2,4,4,8],"texture":"#0"},"east":{"uv":[0,8,4,11],"texture":"#0"},"south":{"uv":[6,4,8,8],"texture":"#0"},"west":{"uv":[4,8,0,11],"texture":"#0"},"up":{"uv":[2,0,4,4],"rotation":180,"texture":"#0"},"down":{"uv":[4,0,6,4],"texture":"#0"}}},{"from":[3.5,7,3.5],"to":[12.5,13,3.5],"rotation":{"angle":0,"axis":"x","origin":[3.5,12,11.5]},"faces":{"north":{"uv":[4,8,8.5,11],"texture":"#0"},"east":{"uv":[0,4,2,8],"texture":"#0"},"south":{"uv":[8.5,8,4,11],"texture":"#0"},"west":{"uv":[4,4,6,8],"texture":"#0"},"up":{"uv":[2,0,4,4],"rotation":180,"texture":"#0"},"down":{"uv":[4,0,6,4],"texture":"#0"}}},{"from":[3.5,7,3.5],"to":[3.5,13,11.5],"rotation":{"angle":0,"axis":"x","origin":[3.5,12,11.5]},"faces":{"north":{"uv":[2,4,4,8],"texture":"#0"},"east":{"uv":[12.5,8,8.5,11],"texture":"#0"},"south":{"uv":[6,4,8,8],"texture":"#0"},"west":{"uv":[8.5,8,12.5,11],"texture":"#0"},"up":{"uv":[2,0,4,4],"rotation":180,"texture":"#0"},"down":{"uv":[4,0,6,4],"texture":"#0"}}}]}