{"display":{"thirdperson_righthand":{"rotation":[-9,0,-16],"translation":[0.25,-1,-2.75]},"thirdperson_lefthand":{"rotation":[-9,0,-16],"translation":[0.25,-1,-2.75]},"firstperson_righthand":{"rotation":[-50,0,0],"translation":[1.25,0,0]},"firstperson_lefthand":{"rotation":[-50,0,0],"translation":[1.25,0,0]},"ground":{"translation":[0,3,0]},"gui":{"rotation":[30,132,0],"translation":[0,1,0]},"head":{"translation":[0,4,0],"scale":[1.9,1.9,1.9]},"fixed":{"rotation":[-90,0,0],"translation":[0,0,-3.25],"scale":[1.58,1.58,1.58]}},"texture_size":[32,32],"textures":{"0":"./crosscher","particle":"./crosscher"},"elements":[{"from":[2,7,2],"to":[14,7,14],"rotation":{"angle":0,"axis":"y","origin":[9,15,9]},"faces":{"north":{"uv":[4,4,8,5.5],"texture":"#0"},"east":{"uv":[0,4,4,5.5],"texture":"#0"},"south":{"uv":[12,4,16,5.5],"texture":"#0"},"west":{"uv":[8,4,12,5.5],"texture":"#0"},"up":{"uv":[0.5,9.5,6.5,15.5],"rotation":180,"texture":"#0"},"down":{"uv":[6.5,9.5,0.5,15.5],"texture":"#0"}}},{"from":[4,2,4],"to":[12,7,12],"rotation":{"angle":0,"axis":"y","origin":[9,15,9]},"faces":{"north":{"uv":[4,6,8,8.5],"texture":"#0"},"east":{"uv":[0,6,4,8.5],"texture":"#0"},"south":{"uv":[12,6,16,8.5],"texture":"#0"},"west":{"uv":[8,6,12,8.5],"texture":"#0"},"down":{"uv":[16,8.5,12,12.5],"texture":"#0"}}},{"from":[12,2,4],"to":[4,7,12],"rotation":{"angle":0,"axis":"y","origin":[9,15,9]},"faces":{"north":{"uv":[8,6,4,8.5],"texture":"#0"},"east":{"uv":[12,6,8,8.5],"texture":"#0"},"south":{"uv":[16,6,12,8.5],"texture":"#0"},"west":{"uv":[4,6,0,8.5],"texture":"#0"},"down":{"uv":[12,8.5,16,12.5],"texture":"#0"}}},{"from":[4,7,4],"to":[12,11,12],"rotation":{"angle":0,"axis":"y","origin":[12,15,12]},"faces":{"north":{"uv":[4,0,8,2],"texture":"#0"},"east":{"uv":[0,0,4,2],"texture":"#0"},"south":{"uv":[12,0,16,2],"texture":"#0"},"west":{"uv":[8,0,12,2],"texture":"#0"},"up":{"uv":[0,2,4,6],"rotation":180,"texture":"#0"}}},{"from":[3.5,7,3.5],"to":[12.5,11.5,12.5],"rotation":{"angle":0,"axis":"y","origin":[12,15,12]},"faces":{"north":{"uv":[8,2,12,4],"texture":"#0"},"east":{"uv":[12,4,16,6],"texture":"#0"},"south":{"uv":[12,2,16,4],"texture":"#0"},"west":{"uv":[8,4,12,6],"texture":"#0"},"up":{"uv":[4,2,8,6],"rotation":180,"texture":"#0"}}},{"from":[12.5,7,3.5],"to":[3.5,11.5,12.5],"rotation":{"angle":0,"axis":"y","origin":[12,15,12]},"faces":{"north":{"uv":[12,2,8,4],"texture":"#0"},"east":{"uv":[12,4,8,6],"texture":"#0"},"south":{"uv":[16,2,12,4],"texture":"#0"},"west":{"uv":[16,4,12,6],"texture":"#0"},"up":{"uv":[8,2,4,6],"rotation":180,"texture":"#0"}}}]}