{"display":{"thirdperson_righthand":{"rotation":[-5,-180,3],"translation":[0.25,3.25,1]},"thirdperson_lefthand":{"rotation":[-5,-180,3],"translation":[0.25,3.25,1]},"firstperson_righthand":{"rotation":[15,-180,2],"translation":[4.5,1.75,-2]},"firstperson_lefthand":{"rotation":[15,-180,2],"translation":[4.5,1.75,-2]},"ground":{"rotation":[90,79,5]},"gui":{"rotation":[-98,123,78],"translation":[0.25,0.75,0],"scale":[0.7,0.7,0.7]},"head":{"rotation":[86,10,-154],"translation":[0,8.5,0]},"fixed":{"rotation":[1,90,0],"translation":[0,0,-1.25],"scale":[2,2,2]}},"texture_size":[32,32],"textures":{"0":"./salmon","particle":"./salmon"},"elements":[{"from":[7,16,6],"to":[9,19,10],"rotation":{"angle":0,"axis":"x","origin":[15,24,14]},"faces":{"north":{"uv":[12.5,0,13.5,1.5],"rotation":180,"texture":"#0"},"east":{"uv":[13.5,1.5,15,3.5],"rotation":90,"texture":"#0"},"south":{"uv":[13.5,0,14.5,1.5],"rotation":180,"texture":"#0"},"west":{"uv":[11,1.5,12.5,3.5],"rotation":270,"texture":"#0"},"up":{"uv":[12.5,1.5,13.5,3.5],"texture":"#0"},"down":{"uv":[15,1.5,16,3.5],"texture":"#0"}}},{"from":[9.5,14,9.5],"to":[9.5,16,11.5],"rotation":{"angle":45,"axis":"y","origin":[9.5,15,9.5]},"faces":{"north":{"uv":[0,0,0,1],"texture":"#0"},"east":{"uv":[0,0,1,1],"texture":"#0"},"south":{"uv":[0,0,0,1],"texture":"#0"},"west":{"uv":[2,0,3,1],"texture":"#0"},"up":{"uv":[0,0,0,1],"texture":"#0"},"down":{"uv":[0,0,0,1],"texture":"#0"}}},{"from":[6.5,14,9.5],"to":[6.5,16,11.5],"rotation":{"angle":-45,"axis":"y","origin":[6.5,15,9.5]},"faces":{"north":{"uv":[0,0,0,1],"texture":"#0"},"east":{"uv":[0,0,1,1],"texture":"#0"},"south":{"uv":[0,0,0,1],"texture":"#0"},"west":{"uv":[2,0,3,1],"texture":"#0"},"up":{"uv":[0,0,0,1],"texture":"#0"},"down":{"uv":[0,0,0,1],"texture":"#0"}}},{"from":[6.5,0,5.5],"to":[9.5,16,10.5],"rotation":{"angle":0,"axis":"x","origin":[14.5,8,13.5]},"faces":{"north":{"uv":[7,2.5,8.5,10.5],"rotation":180,"texture":"#0"},"east":{"uv":[0,13,8,15.5],"rotation":90,"texture":"#0"},"south":{"uv":[8.5,2.5,10,10.5],"rotation":180,"texture":"#0"},"west":{"uv":[1.5,10.5,9.5,13],"rotation":270,"texture":"#0"},"up":{"uv":[9.5,10.5,11,13],"texture":"#0"},"down":{"uv":[0,10.5,1.5,13],"rotation":180,"texture":"#0"}}},{"from":[8,-6,5.5],"to":[8,0,10.5],"rotation":{"angle":0,"axis":"y","origin":[16,2,13.5]},"faces":{"north":{"uv":[0,0,0,3],"texture":"#0"},"east":{"uv":[13,8,16,10.5],"rotation":90,"texture":"#0"},"south":{"uv":[0,0,0,3],"texture":"#0"},"west":{"uv":[13,10.5,16,8],"rotation":90,"texture":"#0"},"up":{"uv":[0,0,0,2.5],"texture":"#0"},"down":{"uv":[0,0,0,2.5],"texture":"#0"}}},{"from":[8,5,3.5],"to":[8,10,5.5],"rotation":{"angle":0,"axis":"x","origin":[16,13,11.5]},"faces":{"north":{"uv":[0,0,0,2.5],"texture":"#0"},"east":{"uv":[4,2,3,4.5],"texture":"#0"},"south":{"uv":[0,0,0,2.5],"texture":"#0"},"west":{"uv":[3,2,4,4.5],"texture":"#0"},"up":{"uv":[0,0,0,1],"texture":"#0"},"down":{"uv":[0,0,0,1],"texture":"#0"}}}]}