{"display":{"thirdperson_righthand":{"rotation":[70,0,0],"translation":[0.5,3,3]},"thirdperson_lefthand":{"rotation":[70,0,0],"translation":[0.5,3,3]},"firstperson_righthand":{"rotation":[40,-5,0],"translation":[-0.25,5.25,2.75]},"firstperson_lefthand":{"rotation":[40,-5,0],"translation":[-0.25,5.25,2.75]},"ground":{"translation":[0.75,4,-1.5]},"gui":{"rotation":[156,45,39],"translation":[-4.75,-5.75,0],"scale":[2.06,2.06,2.06]},"head":{"rotation":[0,-180,0],"translation":[-0.75,5.5,11.15],"scale":[1.6,1.6,1.6]},"fixed":{"translation":[1,7,-4],"scale":[2,2,2]}},"textures":{"0":"./valve","particle":"./valve"},"elements":[{"from":[7,4,8],"to":[8,5,11],"rotation":{"angle":0,"axis":"y","origin":[15,12,15]},"faces":{"north":{"uv":[6,0,7,1],"texture":"#0"},"east":{"uv":[5,1,6,4],"rotation":90,"texture":"#0"},"west":{"uv":[7,1,8,4],"rotation":270,"texture":"#0"},"up":{"uv":[8,1,9,4],"texture":"#0"},"down":{"uv":[6,1,7,4],"rotation":180,"texture":"#0"}}},{"from":[6,3,10],"to":[9,6,11],"rotation":{"angle":0,"axis":"y","origin":[14,11,18]},"faces":{"north":{"uv":[1,6,4,9],"texture":"#0"},"east":{"uv":[0,6,1,9],"texture":"#0"},"south":{"uv":[5,6,8,9],"texture":"#0"},"west":{"uv":[4,6,5,9],"texture":"#0"},"up":{"uv":[1,5,4,6],"texture":"#0"},"down":{"uv":[1,9,4,10],"texture":"#0"}}},{"from":[5,2,9],"to":[10,7,9],"rotation":{"angle":0,"axis":"y","origin":[13,10,16]},"faces":{"north":{"uv":[0,0,5,5],"texture":"#0"},"east":{"uv":[0,0,0,5],"texture":"#missing"},"south":{"uv":[0,0,5,5],"texture":"#0"},"west":{"uv":[0,0,0,5],"texture":"#missing"},"up":{"uv":[0,0,5,0],"texture":"#missing"},"down":{"uv":[0,0,5,0],"texture":"#missing"}}}]}