{"parent":"item/generated","textures":{"layer0":"block/poleaxe_and_anchor/cobtrabas"},"display":{"thirdperson_righthand":{"rotation":[0,-90,55],"translation":[0,4,0.5],"scale":[3.4,3.4,0.85]},"thirdperson_lefthand":{"rotation":[0,90,-55],"translation":[0,4,0.5],"scale":[3.4,3.4,0.85]},"firstperson_righthand":{"rotation":[0,-90,25],"translation":[1.13,3.2,1.13],"scale":[2.72,2.72,0.68]},"firstperson_lefthand":{"rotation":[0,90,-25],"translation":[1.13,3.2,1.13],"scale":[2.72,2.72,0.68]},"ground":{"scale":[2,2,0.5]},"gui":{"scale":[4,4,1]},"fixed":{"scale":[3.99,3.99,1]}}}