{"display":{"thirdperson_righthand":{"rotation":[-80,260,-40],"translation":[-1,-2,2.5],"scale":[3.8,3.8,0.9]},"thirdperson_lefthand":{"rotation":[-80,-280,40],"translation":[-1,-2,2.5],"scale":[3.8,3.8,0.9]},"firstperson_righthand":{"rotation":[0,-90,25],"translation":[1.13,3.2,1.13],"scale":[3.36,3.36,0.68]},"firstperson_lefthand":{"rotation":[0,90,-25],"translation":[1.13,3.2,1.13],"scale":[3.36,3.36,0.68]},"ground":{"scale":[2,2,0.5]},"gui":{"scale":[4,4,1]},"fixed":{"scale":[4,4,1]}},"parent":"item/generated","textures":{"layer0":"items/bow_standby"}}