{"display":{"thirdperson_righthand":{"rotation":[7,19,6],"translation":[-1.5,-1.75,-2.25],"scale":[0.8,0.8,0.8]},"thirdperson_lefthand":{"rotation":[7,19,6],"translation":[-1.5,-1.75,-2.25],"scale":[0.8,0.8,0.8]},"firstperson_righthand":{"rotation":[-28,42.5,3.5],"translation":[-1.5,-7,-3.5]},"firstperson_lefthand":{"rotation":[-28,42.5,3.5],"translation":[-1.5,-7,-3.5]},"ground":{"rotation":[0,0,90],"translation":[4,0.25,-1.75],"scale":[0.8,0.8,0.8]},"gui":{"rotation":[-30,140,0],"translation":[-0.75,-2.5,0],"scale":[0.65,0.65,0.65]},"head":{"translation":[0,2.75,-2.75]},"fixed":{"rotation":[0,90,0],"translation":[-1.75,-4.5,-2]}},"texture_size":[64,64],"textures":{"0":"./quake","particle":"./quake"},"elements":[{"from":[6.25,11.75,9.5],"to":[9.75,15.25,16.5],"rotation":{"angle":0,"axis":"y","origin":[14.25,19.75,17.5]},"faces":{"north":{"uv":[0,0,0.75,0.75],"texture":"#0"},"east":{"uv":[16,0,12.5,1.75],"texture":"#0"},"south":{"uv":[0,0,0.75,0.75],"texture":"#0"},"west":{"uv":[12.5,0,16,1.75],"texture":"#0"},"up":{"uv":[12.5,0,16,1.75],"rotation":90,"texture":"#0"},"down":{"uv":[12.5,1.75,16,3.5],"rotation":270,"texture":"#0"}}},{"from":[7.25,6.75,12.5],"to":[8.75,11.75,15],"rotation":{"angle":0,"axis":"y","origin":[15.25,14.75,20.5]},"faces":{"north":{"uv":[9.25,8,10,10.5],"texture":"#0"},"east":{"uv":[11.25,8,10,10.5],"texture":"#0"},"south":{"uv":[8.5,8,9.25,10.5],"texture":"#0"},"west":{"uv":[10,8,11.25,10.5],"texture":"#0"},"up":{"uv":[0,0,0.375,0.5],"texture":"#0"},"down":{"uv":[11.75,4.25,12,4.5],"texture":"#0"}}},{"from":[8,9.25,10.5],"to":[8,11.75,16],"rotation":{"angle":0,"axis":"y","origin":[16,17.25,18.5]},"faces":{"north":{"uv":[6.5,4.5,7.25,7],"texture":"#0"},"east":{"uv":[8.5,0,5.75,1.25],"texture":"#0"},"south":{"uv":[6.5,4.5,7.25,7],"texture":"#0"},"west":{"uv":[5.75,0,8.5,1.25],"texture":"#0"},"up":{"uv":[0,0,0.375,0.5],"texture":"#0"},"down":{"uv":[7.25,9.25,7.5,9.5],"texture":"#0"}}},{"from":[7.25,7,4.5],"to":[8.75,11.5,6.5],"rotation":{"angle":0,"axis":"y","origin":[15.25,15,12.5]},"faces":{"north":{"uv":[9,3.25,9.25,5.5],"texture":"#0"},"east":{"uv":[11,3.25,10,5.5],"texture":"#0"},"south":{"uv":[9.25,3.25,10,5.5],"texture":"#0"},"west":{"uv":[10,3.25,11,5.5],"texture":"#0"},"up":{"uv":[0,0,0.375,0.5],"texture":"#0"},"down":{"uv":[11.75,4.25,12,4.5],"texture":"#0"}}},{"from":[6,11.5,3.5],"to":[10,15.5,9.5],"rotation":{"angle":0,"axis":"y","origin":[14,19.5,11.5]},"faces":{"north":{"uv":[0,0,1,1],"texture":"#0"},"east":{"uv":[16,3.5,13,5.5],"texture":"#0"},"south":{"uv":[11,3.5,13,5.5],"texture":"#0"},"west":{"uv":[13,3.5,16,5.5],"texture":"#0"},"up":{"uv":[13,3.5,16,5.5],"rotation":90,"texture":"#0"},"down":{"uv":[9.5,0,12.5,2],"rotation":270,"texture":"#0"}}},{"from":[7,15.5,0.5],"to":[9,16.5,6],"rotation":{"angle":0,"axis":"x","origin":[7,15.5,5.5]},"faces":{"north":{"uv":[0,0,0.375,0.25],"texture":"#0"},"east":{"uv":[16,11.5,13.25,12],"texture":"#0"},"south":{"uv":[13.5,10,14.5,10.5],"texture":"#0"},"west":{"uv":[13.25,11.5,16,12],"texture":"#0"},"up":{"uv":[13.25,10.5,16,11.5],"rotation":90,"texture":"#0"},"down":{"uv":[0,0,0.375,1.25],"texture":"#0"}}},{"from":[5,12.5,0.5],"to":[6,14.5,6],"rotation":{"angle":0,"axis":"y","origin":[7.5,14,5.5]},"faces":{"north":{"uv":[0,0,0.25,0.375],"texture":"#0"},"east":{"uv":[0,0,1.25,0.375],"texture":"#0"},"south":{"uv":[13.5,10,14.5,10.5],"rotation":270,"texture":"#0"},"west":{"uv":[13.25,10.5,16,11.5],"texture":"#0"},"up":{"uv":[16,11.5,13.25,12],"rotation":270,"texture":"#0"},"down":{"uv":[13.25,11.5,16,12],"rotation":270,"texture":"#0"}}},{"from":[10,12.5,0.5],"to":[11,14.5,6],"rotation":{"angle":0,"axis":"y","origin":[10,14,5.5]},"faces":{"north":{"uv":[0,0,0.25,0.375],"texture":"#0"},"east":{"uv":[13.25,10.5,16,11.5],"rotation":180,"texture":"#0"},"south":{"uv":[13.5,10,14.5,10.5],"rotation":90,"texture":"#0"},"west":{"uv":[0,0,1.25,0.375],"texture":"#0"},"up":{"uv":[13.25,11.5,16,12],"rotation":90,"texture":"#0"},"down":{"uv":[16,11.5,13.25,12],"rotation":90,"texture":"#0"}}},{"from":[6,11.5,16.5],"to":[10,15.5,25],"rotation":{"angle":0,"axis":"y","origin":[14,19.5,24.5]},"faces":{"north":{"uv":[6,11.5,8,13.5],"texture":"#0"},"east":{"uv":[4,13.5,0,15.5],"texture":"#0"},"south":{"uv":[4,11.5,6,13.5],"texture":"#0"},"west":{"uv":[0,13.5,4,15.5],"texture":"#0"},"up":{"uv":[4,13.5,8,15.5],"rotation":90,"texture":"#0"},"down":{"uv":[4,9.5,8,11.5],"rotation":270,"texture":"#0"}}},{"from":[10.25,12.25,17.5],"to":[10.25,15.75,23.5],"rotation":{"angle":0,"axis":"y","origin":[18.25,20.25,25.5]},"faces":{"north":{"uv":[3.75,0,4,0.25],"texture":"#0"},"east":{"uv":[6.5,7.75,3.5,9.5],"texture":"#0"},"south":{"uv":[3.75,0,4,0.25],"texture":"#0"},"west":{"uv":[3.5,7.75,6.5,9.5],"texture":"#0"},"up":{"uv":[3.5,6.75,6.5,8],"rotation":270,"texture":"#0"},"down":{"uv":[3.75,0,4,0.25],"rotation":270,"texture":"#0"}}},{"from":[7.75,15.75,17.5],"to":[10.25,15.75,23.5],"rotation":{"angle":0,"axis":"y","origin":[15.75,23.75,25.5]},"faces":{"north":{"uv":[3.75,0,4,0.25],"texture":"#0"},"east":{"uv":[6.5,7.75,3.5,9.5],"texture":"#0"},"south":{"uv":[3.75,0,4,0.25],"texture":"#0"},"west":{"uv":[3.75,0,4,0.25],"texture":"#0"},"up":{"uv":[3.5,6.75,6.5,8],"rotation":270,"texture":"#0"},"down":{"uv":[3.5,6.75,6.5,8],"rotation":270,"texture":"#0"}}},{"from":[5,10.5,-1],"to":[11,16.5,0.5],"rotation":{"angle":0,"axis":"y","origin":[13,18.5,7]},"faces":{"north":{"uv":[10.75,12,13.75,15],"texture":"#0"},"east":{"uv":[16,12,15.25,15],"texture":"#0"},"south":{"uv":[10.75,12,13.75,15],"texture":"#0"},"west":{"uv":[15.25,12,16,15],"texture":"#0"},"up":{"uv":[14.5,12,15.25,15],"rotation":90,"texture":"#0"},"down":{"uv":[13.75,12,14.5,15],"rotation":270,"texture":"#0"}}},{"from":[5.5,11,-5],"to":[10.5,16,-1],"rotation":{"angle":0,"axis":"y","origin":[13.5,19,3]},"faces":{"north":{"uv":[9.5,5.5,12,8],"texture":"#0"},"east":{"uv":[13.25,9.5,11.25,12],"texture":"#0"},"south":{"uv":[0,0,1.25,1.25],"texture":"#0"},"west":{"uv":[11.25,9.5,13.25,12],"texture":"#0"},"up":{"uv":[11.25,9.5,13.25,12],"rotation":90,"texture":"#0"},"down":{"uv":[11.25,9.5,13.25,12],"rotation":270,"texture":"#0"}}},{"from":[5.5,11,0.5],"to":[10.5,16,3.5],"rotation":{"angle":0,"axis":"y","origin":[13.5,19,8.5]},"faces":{"north":{"uv":[4.25,2.25,6.5,4.5],"texture":"#0"},"east":{"uv":[16,5.5,14.5,8],"texture":"#0"},"south":{"uv":[12,5.5,14.5,8],"texture":"#0"},"west":{"uv":[14.5,5.5,16,8],"texture":"#0"},"up":{"uv":[14.5,5.5,16,8],"rotation":90,"texture":"#0"},"down":{"uv":[14.5,8,16,10.5],"rotation":270,"texture":"#0"}}}]}