{"display":{"thirdperson_righthand":{"rotation":[-11,-180,6],"translation":[0,-0.5,-0.25]},"thirdperson_lefthand":{"rotation":[-11,-180,6],"translation":[0,-0.5,-0.25]},"firstperson_righthand":{"rotation":[-25,23,0],"translation":[0,-2,0]},"firstperson_lefthand":{"rotation":[-25,23,0],"translation":[0,-2,0]},"ground":{"translation":[0,-3.25,0]},"gui":{"rotation":[30,132,0],"translation":[0,-2.5,0]},"head":{"translation":[0,6.25,0],"scale":[1.9,1.9,1.9]},"fixed":{"rotation":[-90,0,0],"translation":[0,0,-7.25],"scale":[1.58,1.58,1.58]}},"texture_size":[64,32],"textures":{"0":"./ghostly_crafter","particle":"./ghostly_crafter"},"elements":[{"from":[5,9,5],"to":[11,15,11],"rotation":{"angle":0,"axis":"y","origin":[13,17,13]},"faces":{"north":{"uv":[0,0,1.5,3],"texture":"#0"},"east":{"uv":[4.5,0,6,3],"texture":"#0"},"south":{"uv":[3,0,4.5,3],"texture":"#0"},"west":{"uv":[1.5,0,3,3],"texture":"#0"},"up":{"uv":[6,0,7.5,3],"rotation":180,"texture":"#0"},"down":{"uv":[5.5,10.5,6,11],"texture":"#0"}}},{"from":[5,15,5],"to":[11,15,11],"rotation":{"angle":-22.5,"axis":"z","origin":[11,15,11]},"faces":{"north":{"uv":[4,4,8,5.5],"texture":"#0"},"east":{"uv":[0,4,4,5.5],"texture":"#0"},"south":{"uv":[12,4,16,5.5],"texture":"#0"},"west":{"uv":[8,4,12,5.5],"texture":"#0"},"up":{"uv":[0,3,1.5,6],"texture":"#0"},"down":{"uv":[1.5,3,0,6],"rotation":180,"texture":"#0"}}},{"from":[5.45672,14.2961,7],"to":[5.45672,17.2961,9],"rotation":{"angle":0,"axis":"y","origin":[11,15,11]},"faces":{"north":{"uv":[4,4,8,5.5],"rotation":270,"texture":"#0"},"east":{"uv":[2,3,1.5,4.5],"texture":"#0"},"south":{"uv":[12,4,16,5.5],"rotation":90,"texture":"#0"},"west":{"uv":[1.5,3,2,4.5],"texture":"#0"},"up":{"uv":[8,4,12,5.5],"rotation":90,"texture":"#0"},"down":{"uv":[0,4,4,5.5],"rotation":90,"texture":"#0"}}},{"from":[4,8,4],"to":[12,9,12],"rotation":{"angle":0,"axis":"y","origin":[12,16,12]},"faces":{"north":{"uv":[7.5,3.5,9.5,4],"texture":"#0"},"east":{"uv":[7.5,3.5,9.5,4],"texture":"#0"},"south":{"uv":[7.5,3.5,9.5,4],"texture":"#0"},"west":{"uv":[7.5,3.5,9.5,4],"texture":"#0"},"down":{"uv":[7.5,0,9.5,4],"texture":"#0"}}},{"from":[2,9,2],"to":[14,9,14],"rotation":{"angle":0,"axis":"y","origin":[10,17,10]},"faces":{"north":{"uv":[4,4,8,5.5],"texture":"#0"},"east":{"uv":[0,4,4,5.5],"texture":"#0"},"south":{"uv":[12,4,16,5.5],"texture":"#0"},"west":{"uv":[8,4,12,5.5],"texture":"#0"},"up":{"uv":[0,6,3,12],"rotation":180,"texture":"#0"},"down":{"uv":[3,6,0,12],"texture":"#0"}}}]}