{"display":{"thirdperson_righthand":{"rotation":[75,1.5,-1],"translation":[0.5,0,19.75]},"thirdperson_lefthand":{"rotation":[75,1.5,-1],"translation":[0.5,0,19.75]},"firstperson_righthand":{"rotation":[11,60,0],"translation":[0.5,7.5,1]},"firstperson_lefthand":{"rotation":[11,60,0],"translation":[0.5,7.5,1]},"ground":{"translation":[0,4.5,0]},"gui":{"rotation":[30,135,0],"translation":[-0.75,7,0],"scale":[1.7,1.7,1.7]},"head":{"translation":[0,21.75,0],"scale":[1.9,1.9,1.9]},"fixed":{"rotation":[-90,0,0],"translation":[0,0,-15.25],"scale":[2,2,2]}},"texture_size":[32,32],"textures":{"0":"./pigeon","particle":"./pigeon"},"elements":[{"from":[6.5,0,8.5],"to":[9.5,2,8.5],"rotation":{"angle":0,"axis":"y","origin":[9,1,8]},"faces":{"north":{"uv":[0,8,1.5,9],"texture":"#0"},"east":{"uv":[0,4,4,5.5],"texture":"#0"},"south":{"uv":[0,8,1.5,9],"texture":"#0"},"west":{"uv":[8,4,12,5.5],"texture":"#0"},"up":{"uv":[4,0,8,4],"rotation":180,"texture":"#0"},"down":{"uv":[8,0,12,4],"texture":"#0"}}},{"from":[6.5,0,6.5],"to":[9.5,0,8.5],"rotation":{"angle":0,"axis":"y","origin":[9,1,6]},"faces":{"north":{"uv":[1.5,3,3,4],"texture":"#0"},"east":{"uv":[0,4,4,5.5],"texture":"#0"},"south":{"uv":[1.5,3,3,4],"texture":"#0"},"west":{"uv":[8,4,12,5.5],"texture":"#0"},"up":{"uv":[0,9,1.5,10],"rotation":180,"texture":"#0"},"down":{"uv":[0,9,1.5,10],"texture":"#0"}}},{"from":[6.5,3.5,6.25],"to":[9.5,5.5,8.25],"rotation":{"angle":45,"axis":"x","origin":[8.5,5.5,6.25]},"faces":{"north":{"uv":[5,7,6.5,8],"rotation":180,"texture":"#0"},"east":{"uv":[4,7,5,8],"rotation":180,"texture":"#0"},"south":{"uv":[6.5,7,8,8],"rotation":180,"texture":"#0"},"west":{"uv":[4,6,5,7],"rotation":180,"texture":"#0"},"up":{"uv":[5,6,6.5,7],"texture":"#0"},"down":{"uv":[6.5,6,8,7],"rotation":180,"texture":"#0"}}},{"from":[6.5,2.5,7],"to":[9.5,5.5,11],"rotation":{"angle":22.5,"axis":"x","origin":[8.5,5.5,6]},"faces":{"north":{"uv":[2,10,3.5,11.5],"texture":"#0"},"east":{"uv":[0,10,2,11.5],"texture":"#0"},"south":{"uv":[5.5,10,7,11.5],"texture":"#0"},"west":{"uv":[3.5,10,5.5,11.5],"texture":"#0"},"up":{"uv":[2,8,3.5,10],"rotation":180,"texture":"#0"},"down":{"uv":[5,8,3.5,10],"texture":"#0"}}},{"from":[6.5,2.5,10],"to":[9.5,3.5,13],"rotation":{"angle":0,"axis":"x","origin":[8,4,10]},"faces":{"north":{"uv":[11.5,7.5,13,8],"texture":"#0"},"east":{"uv":[13,8,13.5,9.5],"rotation":90,"texture":"#0"},"south":{"uv":[11.5,9.5,13,10],"texture":"#0"},"west":{"uv":[13,6,13.5,7.5],"rotation":270,"texture":"#0"},"up":{"uv":[11.5,6,13,7.5],"texture":"#0"},"down":{"uv":[11.5,8,13,9.5],"rotation":180,"texture":"#0"}}},{"from":[7,4.5,4],"to":[9,6.5,6],"rotation":{"angle":0,"axis":"y","origin":[8,1.5,6]},"faces":{"north":{"uv":[1,7,2,8],"texture":"#0"},"east":{"uv":[0,7,1,8],"texture":"#0"},"south":{"uv":[3,7,4,8],"texture":"#0"},"west":{"uv":[2,7,3,8],"texture":"#0"},"up":{"uv":[1,6,2,7],"rotation":180,"texture":"#0"},"down":{"uv":[2,6,3,7],"texture":"#0"}}},{"from":[8,4.5,3],"to":[8,5.5,4],"rotation":{"angle":0,"axis":"y","origin":[8,1.5,6]},"faces":{"north":{"uv":[4,4,8,5.5],"texture":"#0"},"east":{"uv":[0.5,6.5,1,7],"texture":"#0"},"south":{"uv":[12,4,16,5.5],"texture":"#0"},"west":{"uv":[0.5,6.5,1,7],"texture":"#0"},"up":{"uv":[4,0,8,4],"rotation":180,"texture":"#0"},"down":{"uv":[8,0,12,4],"texture":"#0"}}},{"from":[5.75,2.75,5.5],"to":[6.75,5.75,10.5],"rotation":{"angle":22.5,"axis":"x","origin":[5.25,2.75,5.5]},"faces":{"north":{"uv":[11,6,11.5,7.5],"texture":"#0"},"east":{"uv":[10.5,8,8,9.5],"texture":"#0"},"south":{"uv":[10.5,6,11,7.5],"texture":"#0"},"west":{"uv":[8,6,10.5,7.5],"texture":"#0"},"up":{"uv":[8,9.5,10.5,10],"rotation":90,"texture":"#0"},"down":{"uv":[8,7.5,10.5,8],"rotation":270,"texture":"#0"}}},{"from":[9.25,2.75,5.5],"to":[10.25,5.75,10.5],"rotation":{"angle":22.5,"axis":"x","origin":[8.75,2.75,5.5]},"faces":{"north":{"uv":[11,6,11.5,7.5],"texture":"#0"},"east":{"uv":[10.5,6,8,7.5],"texture":"#0"},"south":{"uv":[10.5,6,11,7.5],"texture":"#0"},"west":{"uv":[8,8,10.5,9.5],"texture":"#0"},"up":{"uv":[8,9.5,10.5,10],"rotation":90,"texture":"#0"},"down":{"uv":[8,7.5,10.5,8],"rotation":270,"texture":"#0"}}}]}