{"display":{"thirdperson_righthand":{"rotation":[-38,5.5,5],"translation":[0,2.25,-3.25]},"thirdperson_lefthand":{"rotation":[-38,5.5,5],"translation":[0,2.25,-3.25]},"ground":{"translation":[0,2.75,0]},"gui":{"rotation":[30,132,0],"translation":[0.25,1.5,0]},"head":{"translation":[0,3.75,0],"scale":[1.9,1.9,1.9]},"fixed":{"rotation":[-90,0,0],"translation":[0,0,-7],"scale":[1.58,1.58,1.58]}},"texture_size":[32,32],"textures":{"0":"./spy_red","particle":"./spy_red"},"elements":[{"from":[4,2,4],"to":[12,10,4],"rotation":{"angle":0,"axis":"y","origin":[12,10,12]},"faces":{"north":{"uv":[4,12,8,16],"texture":"#0"},"east":{"uv":[0,12,4,16],"texture":"#0"},"south":{"uv":[8,12,4,16],"texture":"#0"},"west":{"uv":[8,12,12,16],"texture":"#0"},"up":{"uv":[4,8,8,12],"rotation":180,"texture":"#0"},"down":{"uv":[8,8,12,12],"texture":"#0"}}},{"from":[4,2,12],"to":[12,10,12],"rotation":{"angle":0,"axis":"y","origin":[12,10,20]},"faces":{"north":{"uv":[16,12,12,16],"texture":"#0"},"east":{"uv":[0,12,4,16],"texture":"#0"},"south":{"uv":[12,12,16,16],"texture":"#0"},"west":{"uv":[8,12,12,16],"texture":"#0"},"up":{"uv":[4,8,8,12],"rotation":180,"texture":"#0"},"down":{"uv":[8,8,12,12],"texture":"#0"}}},{"from":[4,2,4],"to":[4,10,12],"rotation":{"angle":0,"axis":"y","origin":[12,10,12]},"faces":{"north":{"uv":[4,12,8,16],"texture":"#0"},"east":{"uv":[0,12,4,16],"texture":"#0"},"south":{"uv":[12,12,16,16],"texture":"#0"},"west":{"uv":[8,12,12,16],"texture":"#0"},"up":{"uv":[4,8,8,12],"rotation":180,"texture":"#0"},"down":{"uv":[8,8,12,12],"texture":"#0"}}},{"from":[12,2,4],"to":[12,10,12],"rotation":{"angle":0,"axis":"y","origin":[20,10,12]},"faces":{"north":{"uv":[16,12,12,16],"texture":"#0"},"east":{"uv":[0,12,4,16],"texture":"#0"},"south":{"uv":[12,12,16,16],"texture":"#0"},"west":{"uv":[8,12,12,16],"texture":"#0"},"up":{"uv":[4,8,8,12],"rotation":180,"texture":"#0"},"down":{"uv":[8,8,12,12],"texture":"#0"}}},{"from":[4,2,4],"to":[12,2,12],"rotation":{"angle":0,"axis":"y","origin":[12,10,12]},"faces":{"north":{"uv":[4,12,8,16],"texture":"#0"},"east":{"uv":[0,12,4,16],"texture":"#0"},"south":{"uv":[12,12,16,16],"texture":"#0"},"west":{"uv":[8,12,12,16],"texture":"#0"},"up":{"uv":[8,8,12,12],"rotation":180,"texture":"#0"},"down":{"uv":[8,8,12,12],"texture":"#0"}}},{"from":[4,10,4],"to":[12,10,12],"rotation":{"angle":0,"axis":"y","origin":[12,18,12]},"faces":{"north":{"uv":[4,12,8,16],"texture":"#0"},"east":{"uv":[0,12,4,16],"texture":"#0"},"south":{"uv":[12,12,16,16],"texture":"#0"},"west":{"uv":[8,12,12,16],"texture":"#0"},"up":{"uv":[4,8,8,12],"rotation":180,"texture":"#0"},"down":{"uv":[8,8,4,12],"texture":"#0"}}},{"from":[5,5,2],"to":[7,7,4],"rotation":{"angle":0,"axis":"y","origin":[13,13,10]},"faces":{"north":{"uv":[12,8,13,9],"texture":"#0"},"east":{"uv":[13,8,14,9],"texture":"#0"},"west":{"uv":[13,8,14,9],"texture":"#0"},"up":{"uv":[13,8,14,9],"texture":"#0"},"down":{"uv":[13,8,14,9],"texture":"#0"}}},{"from":[4.75,4.75,3],"to":[7.25,4.75,4],"rotation":{"angle":0,"axis":"y","origin":[12.75,12.75,11]},"faces":{"north":{"uv":[12,8,13,9],"texture":"#0"},"east":{"uv":[13.5,8,14,9],"texture":"#0"},"south":{"uv":[12,12,16,16],"texture":"#0"},"west":{"uv":[13.5,8,14,9],"texture":"#0"},"up":{"uv":[13,8,13.5,9],"rotation":90,"texture":"#0"},"down":{"uv":[13.5,8,14,9],"rotation":90,"texture":"#0"}}},{"from":[4.75,7.25,3],"to":[7.25,7.25,4],"rotation":{"angle":0,"axis":"y","origin":[12.75,15.25,11]},"faces":{"north":{"uv":[12,8,13,9],"texture":"#0"},"east":{"uv":[13.5,8,14,9],"texture":"#0"},"south":{"uv":[12,12,16,16],"texture":"#0"},"west":{"uv":[13.5,8,14,9],"texture":"#0"},"up":{"uv":[13,8,13.5,9],"rotation":90,"texture":"#0"},"down":{"uv":[13.5,8,14,9],"rotation":90,"texture":"#0"}}},{"from":[4.75,4.75,3],"to":[4.75,7.25,4],"rotation":{"angle":0,"axis":"y","origin":[12.75,12.75,11]},"faces":{"north":{"uv":[12,8,13,9],"texture":"#0"},"east":{"uv":[13.5,8,14,9],"texture":"#0"},"south":{"uv":[12,12,16,16],"texture":"#0"},"west":{"uv":[13.5,8,14,9],"texture":"#0"},"up":{"uv":[13,8,13.5,9],"rotation":90,"texture":"#0"},"down":{"uv":[13.5,8,14,9],"rotation":90,"texture":"#0"}}},{"from":[4.75,4.75,3.75],"to":[7.25,7.25,3.75],"rotation":{"angle":0,"axis":"y","origin":[12.75,12.75,11.75]},"faces":{"north":{"uv":[13,8,14,9],"texture":"#0"},"east":{"uv":[13.5,8,14,9],"texture":"#0"},"south":{"uv":[13,8,14,9],"texture":"#0"},"west":{"uv":[13.5,8,14,9],"texture":"#0"},"up":{"uv":[13,8,13.5,9],"rotation":90,"texture":"#0"},"down":{"uv":[13.5,8,14,9],"rotation":90,"texture":"#0"}}},{"from":[7.25,4.75,3],"to":[7.25,7.25,4],"rotation":{"angle":0,"axis":"y","origin":[15.25,12.75,11]},"faces":{"north":{"uv":[12,8,13,9],"texture":"#0"},"east":{"uv":[13.5,8,14,9],"texture":"#0"},"south":{"uv":[12,12,16,16],"texture":"#0"},"west":{"uv":[13.5,8,14,9],"texture":"#0"},"up":{"uv":[13,8,13.5,9],"rotation":90,"texture":"#0"},"down":{"uv":[13.5,8,14,9],"rotation":90,"texture":"#0"}}},{"from":[5,0,6],"to":[11,2,6],"rotation":{"angle":0,"axis":"y","origin":[13,8,14]},"faces":{"north":{"uv":[0,8,3,9],"texture":"#0"},"east":{"uv":[0,4,4,8],"texture":"#0"},"south":{"uv":[3,8,0,9],"texture":"#0"},"west":{"uv":[8,4,12,8],"texture":"#0"},"up":{"uv":[4,0,8,4],"rotation":180,"texture":"#0"},"down":{"uv":[8,0,12,4],"texture":"#0"}}},{"from":[5,0,10],"to":[11,2,10],"rotation":{"angle":0,"axis":"y","origin":[13,8,18]},"faces":{"north":{"uv":[0,9,3,10],"texture":"#0"},"east":{"uv":[0,4,4,8],"texture":"#0"},"south":{"uv":[3,9,0,10],"texture":"#0"},"west":{"uv":[8,4,12,8],"texture":"#0"},"up":{"uv":[4,0,8,4],"rotation":180,"texture":"#0"},"down":{"uv":[8,0,12,4],"texture":"#0"}}}]}