{"display":{"thirdperson_righthand":{"translation":[0,-3.75,0.5],"scale":[0.8,0.8,0.8]},"thirdperson_lefthand":{"translation":[0,-3.75,0.5],"scale":[0.8,0.8,0.8]},"firstperson_righthand":{"rotation":[23,5.5,6.5],"translation":[4.5,-3.5,-7]},"firstperson_lefthand":{"rotation":[23,5.5,6.5],"translation":[4.5,-3.5,-7]},"ground":{"rotation":[0,0,-90],"translation":[-2.25,0.5,5],"scale":[0.8,0.8,0.8]},"gui":{"rotation":[-35,145,5],"translation":[3.25,-4.5,0],"scale":[0.75,0.75,0.75]},"head":{"translation":[0,7,4]},"fixed":{"rotation":[0,90,0],"translation":[6.75,-2.25,-1]}},"texture_size":[64,48],"textures":{"particle":"./portal_gun"},"elements":[{"from":[8,12,-11.75],"to":[8,16.5,-2.75],"rotation":{"angle":0,"axis":"x","origin":[9.5,12,0.25]},"faces":{"north":{"uv":[0,0,0,2],"texture":"#particle"},"east":{"uv":[16,13,11.5,16],"texture":"#particle"},"south":{"uv":[0,0,0,2],"texture":"#particle"},"west":{"uv":[11.5,13,16,16],"texture":"#particle"},"up":{"uv":[0,0,0,6],"texture":"#particle"},"down":{"uv":[0,0,0,6],"texture":"#particle"}}},{"from":[1.5,8.75,-11.25],"to":[6,8.75,-2.25],"rotation":{"angle":45,"axis":"z","origin":[6,8.75,-4.25]},"faces":{"north":{"uv":[0,0,0,2],"rotation":270,"texture":"#particle"},"east":{"uv":[0,0,0,6],"rotation":90,"texture":"#particle"},"south":{"uv":[0,0,0,2],"rotation":90,"texture":"#particle"},"west":{"uv":[0,0,0,6],"rotation":90,"texture":"#particle"},"up":{"uv":[11.5,16,16,13],"rotation":90,"texture":"#particle"},"down":{"uv":[16,16,11.5,13],"rotation":90,"texture":"#particle"}}},{"from":[10,8.75,-11.25],"to":[14.5,8.75,-2.25],"rotation":{"angle":-45,"axis":"z","origin":[10,8.75,-4.25]},"faces":{"north":{"uv":[0,0,0,2],"rotation":90,"texture":"#particle"},"east":{"uv":[0,0,0,6],"rotation":270,"texture":"#particle"},"south":{"uv":[0,0,0,2],"rotation":270,"texture":"#particle"},"west":{"uv":[0,0,0,6],"rotation":270,"texture":"#particle"},"up":{"uv":[16,16,11.5,13],"rotation":270,"texture":"#particle"},"down":{"uv":[11.5,16,16,13],"rotation":270,"texture":"#particle"}}},{"from":[6,8,-2.25],"to":[10,10.5,3.25],"rotation":{"angle":0,"axis":"x","origin":[6,8.75,16.25]},"faces":{"north":{"uv":[0,3.66667,3.5,8.33333],"texture":"#particle"},"east":{"uv":[10,2.33333,7.25,4],"texture":"#particle"},"south":{"uv":[0,11.33333,3.5,16],"texture":"#particle"},"west":{"uv":[7.25,2.66667,10,4.33333],"texture":"#particle"},"up":{"uv":[7.25,0,10,2.66667],"rotation":90,"texture":"#particle"},"down":{"uv":[7.25,4.33333,10,7],"rotation":270,"texture":"#particle"}}},{"from":[6.25,10.5,-2.25],"to":[9.75,12,3.25],"rotation":{"angle":0,"axis":"x","origin":[6.25,11.25,16.25]},"faces":{"north":{"uv":[0,3.66667,3.5,8.33333],"texture":"#particle"},"east":{"uv":[14.25,5,13.5,8.66667],"rotation":270,"texture":"#particle"},"south":{"uv":[0,11.33333,3.5,16],"texture":"#particle"},"west":{"uv":[13.5,5,14.25,8.66667],"rotation":90,"texture":"#particle"},"up":{"uv":[14.25,5,16,8.66667],"rotation":180,"texture":"#particle"},"down":{"uv":[8,3.66667,11.5,6.66667],"rotation":180,"texture":"#particle"}}},{"from":[6,8,-7.75],"to":[10,12,-4.75],"rotation":{"angle":0,"axis":"x","origin":[6,8.75,15.75]},"faces":{"north":{"uv":[7,9.66667,9,12.33333],"texture":"#particle"},"east":{"uv":[8.75,7,7.25,9.66667],"texture":"#particle"},"west":{"uv":[7.25,7,8.75,9.66667],"texture":"#particle"},"up":{"uv":[7.25,7,8.75,9.66667],"rotation":90,"texture":"#particle"},"down":{"uv":[7.25,7,8.75,9.66667],"rotation":270,"texture":"#particle"}}},{"from":[5.25,7.25,3.25],"to":[10.75,13.25,12.25],"rotation":{"angle":0,"axis":"x","origin":[8.25,9.25,17.5]},"faces":{"north":{"uv":[4.5,0,7.25,4],"texture":"#particle"},"east":{"uv":[4.5,0,0,4],"texture":"#particle"},"south":{"uv":[4.5,4,7.25,8],"texture":"#particle"},"west":{"uv":[0,0,4.5,4],"texture":"#particle"},"up":{"uv":[0,4,4.5,7.66667],"rotation":90,"texture":"#particle"},"down":{"uv":[0,7.66667,4.5,11.33333],"rotation":270,"texture":"#particle"}}},{"from":[5.25,6.5,-6.75],"to":[10.75,10,0.25],"rotation":{"angle":0,"axis":"x","origin":[8,9,17.5]},"faces":{"north":{"uv":[12.75,2.33333,15.5,4.66667],"texture":"#particle"},"east":{"uv":[13.5,0,10,2.33333],"texture":"#particle"},"south":{"uv":[10,2.33333,12.75,4.66667],"texture":"#particle"},"west":{"uv":[10,0,13.5,2.33333],"texture":"#particle"},"up":{"uv":[10,4.66667,13.5,5],"rotation":90,"texture":"#particle"},"down":{"uv":[10,5,13.5,8.66667],"rotation":270,"texture":"#particle"}}},{"from":[5.5,10,-4.75],"to":[10.5,12.5,-2.25],"rotation":{"angle":0,"axis":"x","origin":[8.5,13,6.75]},"faces":{"north":{"uv":[5.75,8,7,11.33333],"rotation":90,"texture":"#particle"},"east":{"uv":[5.75,11.33333,4.5,13],"texture":"#particle"},"south":{"uv":[5.75,11.33333,7,8],"rotation":90,"texture":"#particle"},"west":{"uv":[4.5,11.33333,5.75,13],"texture":"#particle"},"up":{"uv":[4.5,8,5.75,11.33333],"rotation":90,"texture":"#particle"},"down":{"uv":[0,0,4.75,3.66667],"rotation":270,"texture":"#particle"}}}]}