{"parent":"builtin/generated","textures":{"layer0":"item/transparent","layer1":"./samogon"},"display":{"ground":{"rotation":[0,0,0],"translation":[0,2,0],"scale":[1,1,0.5]},"fixed":{"rotation":[0,0,0],"translation":[0,0,0],"scale":[2.0,2.0,1.0]},"gui":{"rotation":[0,0,0],"translation":[0,0,0],"scale":[2.0,2.0,1.0]},"head":{"rotation":[0,180,0],"translation":[0,13,7],"scale":[2,2,1]},"thirdperson_righthand":{"rotation":[0,0,0],"translation":[0,3,1],"scale":[1.1,1.1,0.55]},"firstperson_righthand":{"rotation":[0,-90,25],"translation":[1.13,3.2,1.13],"scale":[1.36,1.36,0.68]}}}