{"display":{"thirdperson_righthand":{"rotation":[1.5,0.5,-1.5],"translation":[-0.5,-2.5,-4],"scale":[0.8,0.8,0.8]},"thirdperson_lefthand":{"rotation":[1.5,0.5,-1.5],"translation":[-0.5,-2.5,-4],"scale":[0.8,0.8,0.8]},"firstperson_righthand":{"rotation":[22,5,6],"translation":[3.5,-1,-11]},"firstperson_lefthand":{"rotation":[22,5,6],"translation":[3.5,-1,-11]},"ground":{"rotation":[0,0,90],"translation":[3.75,0,1],"scale":[0.8,0.8,0.8]},"gui":{"rotation":[-35,145,5],"translation":[0.5,-2.75,0],"scale":[0.66,0.66,0.66]},"head":{"rotation":[90,20,90],"translation":[2,-9,7.5]},"fixed":{"rotation":[0,90,0],"translation":[2,-3,-1]}},"texture_size":[64,64],"textures":{"particle":"./shausha"},"elements":[{"from":[5.25,13.5,-8.5],"to":[8.25,15.5,-8.5],"rotation":{"angle":0,"axis":"y","origin":[4.75,13.5,-0.5]},"faces":{"north":{"uv":[12.75,1,11.25,2],"texture":"#particle"},"east":{"uv":[9.25,0,13.25,1.33333],"texture":"#particle"},"south":{"uv":[11.25,1,12.75,2],"texture":"#particle"},"west":{"uv":[13.25,0,9.25,1.33333],"texture":"#particle"},"up":{"uv":[2.75,7.33333,3,7.66667],"rotation":180,"texture":"#particle"},"down":{"uv":[0,11.33333,4.75,11.66667],"rotation":270,"texture":"#particle"}}},{"from":[8,14.75,7],"to":[8,16.25,10],"rotation":{"angle":0,"axis":"y","origin":[8,14.75,16]},"faces":{"north":{"uv":[0,0,1,1],"rotation":180,"texture":"#particle"},"east":{"uv":[12.75,2.25,14.25,3],"texture":"#particle"},"south":{"uv":[4.5,0,5,0.66667],"rotation":180,"texture":"#particle"},"west":{"uv":[14.25,2.25,12.75,3],"texture":"#particle"},"up":{"uv":[2.75,7.33333,3,7.66667],"rotation":180,"texture":"#particle"},"down":{"uv":[0,11.33333,4.75,11.66667],"rotation":270,"texture":"#particle"}}},{"from":[8.75,4.25,-3],"to":[8.75,12.25,-1.5],"rotation":{"angle":22.5,"axis":"z","origin":[8.75,12.25,-2.25]},"faces":{"north":{"uv":[0,0,1,1],"rotation":180,"texture":"#particle"},"east":{"uv":[15.25,1.75,16,5.75],"texture":"#particle"},"south":{"uv":[4.5,0,5,0.66667],"rotation":180,"texture":"#particle"},"west":{"uv":[16,1.75,15.25,5.75],"texture":"#particle"},"up":{"uv":[2.75,7.33333,3,7.66667],"rotation":180,"texture":"#particle"},"down":{"uv":[0,11.33333,4.75,11.66667],"rotation":270,"texture":"#particle"}}},{"from":[7.25,4.25,-3],"to":[7.25,12.25,-1.5],"rotation":{"angle":-22.5,"axis":"z","origin":[7.25,12.25,-2.25]},"faces":{"north":{"uv":[0,0,1,1],"rotation":180,"texture":"#particle"},"east":{"uv":[15.25,1.75,16,5.75],"texture":"#particle"},"south":{"uv":[4.5,0,5,0.66667],"rotation":180,"texture":"#particle"},"west":{"uv":[16,1.75,15.25,5.75],"texture":"#particle"},"up":{"uv":[2.75,7.33333,3,7.66667],"rotation":180,"texture":"#particle"},"down":{"uv":[0,11.33333,4.75,11.66667],"rotation":270,"texture":"#particle"}}},{"from":[8,9.5,12],"to":[8,11.5,14.5],"rotation":{"angle":0,"axis":"y","origin":[8,9.5,21]},"faces":{"north":{"uv":[0,0,1,1],"rotation":180,"texture":"#particle"},"east":{"uv":[13.75,0,15,1],"texture":"#particle"},"south":{"uv":[4.5,0,5,0.66667],"rotation":180,"texture":"#particle"},"west":{"uv":[15,0,13.75,1],"texture":"#particle"},"up":{"uv":[2.75,7.33333,3,7.66667],"rotation":180,"texture":"#particle"},"down":{"uv":[0,11.33333,4.75,11.66667],"rotation":270,"texture":"#particle"}}},{"from":[8.75,12.25,10.5],"to":[9.75,12.75,10.5],"rotation":{"angle":0,"axis":"y","origin":[8.75,12.25,19.5]},"faces":{"north":{"uv":[11.25,2.5,11.75,2.75],"rotation":180,"texture":"#particle"},"east":{"uv":[7.25,14.33333,0,15],"texture":"#particle"},"south":{"uv":[11.75,2.5,11.25,2.75],"rotation":180,"texture":"#particle"},"west":{"uv":[0,14.33333,7.25,15],"texture":"#particle"},"up":{"uv":[2.75,7.33333,3,7.66667],"rotation":180,"texture":"#particle"},"down":{"uv":[0,11.33333,4.75,11.66667],"rotation":270,"texture":"#particle"}}},{"from":[7.25,13,-12],"to":[8.75,14.5,-1.5],"rotation":{"angle":0,"axis":"y","origin":[8.75,13,-3]},"faces":{"north":{"uv":[5.25,6.75,6,7.5],"texture":"#particle"},"east":{"uv":[0,6.75,5.25,7.5],"texture":"#particle"},"west":{"uv":[5.25,6.75,0,7.5],"texture":"#particle"},"up":{"uv":[0,7.5,5.25,8.25],"rotation":270,"texture":"#particle"},"down":{"uv":[0,7.5,5.25,8.25],"rotation":90,"texture":"#particle"}}},{"from":[7.25,11.75,-2.5],"to":[8.75,12.75,8.5],"rotation":{"angle":0,"axis":"y","origin":[8.75,11.75,5.5]},"faces":{"north":{"uv":[11.25,2,12,2.5],"texture":"#particle"},"east":{"uv":[8.25,4,13.75,4.5],"texture":"#particle"},"west":{"uv":[13.75,3.5,8.25,4],"texture":"#particle"},"up":{"uv":[8.25,3,13.75,3.25],"rotation":270,"texture":"#particle"},"down":{"uv":[8.25,3.75,13.75,4],"rotation":90,"texture":"#particle"}}},{"from":[7.5,7,13.5],"to":[8.5,11.5,15.5],"rotation":{"angle":-22.5,"axis":"x","origin":[7.5,11.5,13.5]},"faces":{"north":{"uv":[13.5,0,13.75,2.25],"texture":"#particle"},"east":{"uv":[12.75,0,13.75,2.25],"texture":"#particle"},"south":{"uv":[12.75,0,13,2.25],"texture":"#particle"},"west":{"uv":[13.75,0,12.75,2.25],"texture":"#particle"},"down":{"uv":[12.75,2,13.75,2.25],"rotation":90,"texture":"#particle"}}},{"from":[7.5,7.75,9],"to":[8.5,11.25,10.5],"rotation":{"angle":0,"axis":"y","origin":[7.5,12.25,9]},"faces":{"north":{"uv":[15.5,0,15.75,1.75],"texture":"#particle"},"east":{"uv":[15,0,15.75,1.75],"texture":"#particle"},"south":{"uv":[15,0,15.25,1.75],"texture":"#particle"},"west":{"uv":[15.75,0,15,1.75],"texture":"#particle"},"down":{"uv":[15,1.5,15.75,1.75],"rotation":90,"texture":"#particle"}}},{"from":[7.5,11.25,16.5],"to":[8.5,13.25,21],"rotation":{"angle":22.5,"axis":"x","origin":[7.5,11.25,16.5]},"faces":{"east":{"uv":[7.25,7.5,9.5,8.5],"texture":"#particle"},"west":{"uv":[9.5,7.5,7.25,8.5],"texture":"#particle"},"down":{"uv":[7.25,8.5,9.5,9],"rotation":90,"texture":"#particle"}}},{"from":[7.5,11.25,21],"to":[8.5,14.75,24],"rotation":{"angle":22.5,"axis":"x","origin":[7.5,11.25,16.5]},"faces":{"east":{"uv":[6,6.75,7.25,8.5],"texture":"#particle"},"south":{"uv":[9.75,6.75,10.25,8.5],"texture":"#particle"},"west":{"uv":[7.25,6.75,6,8.5],"texture":"#particle"},"down":{"uv":[6,8.5,7.25,9],"rotation":90,"texture":"#particle"}}},{"from":[7.25,11.25,8.5],"to":[8.75,12.75,25],"rotation":{"angle":0,"axis":"y","origin":[8.75,11.25,11.5]},"faces":{"north":{"uv":[8,3,8.25,3.75],"texture":"#particle"},"east":{"uv":[0,4.5,8.25,5.25],"texture":"#particle"},"south":{"uv":[7.25,6.75,8,7.5],"texture":"#particle"},"west":{"uv":[8.25,3.75,0,4.5],"texture":"#particle"},"up":{"uv":[0,3,8.25,3.25],"rotation":270,"texture":"#particle"},"down":{"uv":[0,3.5,8.25,3.75],"rotation":90,"texture":"#particle"}}},{"from":[7,12.75,-1.5],"to":[9,14.75,21],"rotation":{"angle":0,"axis":"y","origin":[8.5,12.75,8.5]},"faces":{"north":{"uv":[11.25,0,12.25,1],"texture":"#particle"},"east":{"uv":[0,0,11.25,1],"texture":"#particle"},"south":{"uv":[11.25,0,12.25,1],"texture":"#particle"},"west":{"uv":[11.25,2,0,3],"texture":"#particle"},"up":{"uv":[0,1,11.25,2],"rotation":270,"texture":"#particle"},"down":{"uv":[0,0.75,11.25,1],"rotation":90,"texture":"#particle"}}},{"from":[7.5,13.25,21],"to":[8.5,14.25,24],"rotation":{"angle":0,"axis":"y","origin":[9,13.25,31]},"faces":{"east":{"uv":[8.25,5.5,9.75,6],"texture":"#particle"},"south":{"uv":[9.75,5.5,10.25,6],"texture":"#particle"},"west":{"uv":[9.75,5.5,8.25,6],"texture":"#particle"},"up":{"uv":[8.25,6,9.75,6.5],"rotation":270,"texture":"#particle"},"down":{"uv":[8.25,5.75,9.75,6],"rotation":90,"texture":"#particle"}}},{"from":[7.501,8.75,2],"to":[8.499,11.25,5.5],"rotation":{"angle":0,"axis":"y","origin":[8.75,10.5,11.5]},"faces":{"north":{"uv":[2.5,8.25,2.75,9.5],"rotation":270,"texture":"#particle"},"east":{"uv":[4.25,8.25,2.5,9.5],"texture":"#particle"},"south":{"uv":[4,8.25,4.25,9.5],"rotation":270,"texture":"#particle"},"west":{"uv":[2.5,8.25,4.25,9.5],"texture":"#particle"},"up":{"uv":[2.5,8.25,4.25,8.5],"texture":"#particle"},"down":{"uv":[2.5,9.25,4.25,9.5],"rotation":90,"texture":"#particle"}}},{"from":[7.5,8.75,3],"to":[8.5,13.25,5.5],"rotation":{"angle":45,"axis":"x","origin":[8.5,8.75,5.5]},"faces":{"north":{"uv":[0,9.25,2.25,9.5],"rotation":90,"texture":"#particle"},"east":{"uv":[2.25,8.25,0,9.5],"rotation":270,"texture":"#particle"},"south":{"uv":[0,8.25,2.25,8.5],"rotation":270,"texture":"#particle"},"west":{"uv":[0,8.25,2.25,9.5],"rotation":90,"texture":"#particle"},"up":{"uv":[0,8.25,0.25,9.5],"texture":"#particle"},"down":{"uv":[2,8.25,2.25,9.5],"rotation":270,"texture":"#particle"}}},{"from":[7.5,8.75,2],"to":[8.5,13.25,4.5],"rotation":{"angle":-45,"axis":"x","origin":[8.5,8.75,2]},"faces":{"north":{"uv":[0,8.25,2.25,8.5],"rotation":90,"texture":"#particle"},"east":{"uv":[0,8.25,2.25,9.5],"rotation":90,"texture":"#particle"},"south":{"uv":[0,9.25,2.25,9.5],"rotation":270,"texture":"#particle"},"west":{"uv":[2.25,8.25,0,9.5],"rotation":270,"texture":"#particle"},"up":{"uv":[0,8.25,0.25,9.5],"texture":"#particle"},"down":{"uv":[2,8.25,2.25,9.5],"rotation":270,"texture":"#particle"}}}]}