{"display":{"thirdperson_righthand":{"rotation":[5,13,5],"translation":[0,-4.75,4.5],"scale":[0.8,0.8,0.8]},"thirdperson_lefthand":{"rotation":[5,13,5],"translation":[0,-4.75,4.5],"scale":[0.8,0.8,0.8]},"firstperson_righthand":{"rotation":[2.5,-0.5,2],"translation":[-1,-7,5]},"firstperson_lefthand":{"rotation":[2.5,-0.5,2],"translation":[-1,-7,5]},"ground":{"rotation":[0,0,90],"translation":[7,-0.5,-1.75],"scale":[0.8,0.8,0.8]},"gui":{"rotation":[-30,140,0],"translation":[-0.5,-2.75,0],"scale":[0.49,0.49,0.49]},"head":{"translation":[0,-2.5,-2.75],"scale":[1.33,1.33,1.33]},"fixed":{"rotation":[0,90,0],"translation":[-0.75,-6.75,-1.25]}},"texture_size":[64,64],"textures":{"0":"./beggars_bazooka","particle":"./beggars_bazooka"},"elements":[{"from":[5.5,13.75,-1.75],"to":[10.5,18.75,0.75],"rotation":{"angle":0,"axis":"y","origin":[13.5,21.75,6.25]},"faces":{"north":{"uv":[7.5,2.5,10,5],"texture":"#0"},"east":{"uv":[8.75,0,7.5,2.5],"texture":"#0"},"south":{"uv":[0,2.5,2.5,5],"texture":"#0"},"west":{"uv":[7.5,0,8.75,2.5],"texture":"#0"},"up":{"uv":[8.75,0,10,2.5],"rotation":90,"texture":"#0"},"down":{"uv":[10,0,11.25,2.5],"rotation":270,"texture":"#0"}}},{"from":[5.5,13.75,-8.75],"to":[10.5,18.75,-7.25],"rotation":{"angle":0,"axis":"y","origin":[13.5,21.75,-0.75]},"faces":{"north":{"uv":[2.25,0,4.75,2.5],"texture":"#0"},"east":{"uv":[0.75,0,0,2.5],"texture":"#0"},"south":{"uv":[0,2.5,2.5,5],"texture":"#0"},"west":{"uv":[0,0,0.75,2.5],"texture":"#0"},"up":{"uv":[0.75,0,1.5,2.5],"rotation":90,"texture":"#0"},"down":{"uv":[1.5,0,2.25,2.5],"rotation":270,"texture":"#0"}}},{"from":[7.25,8.75,-5.25],"to":[8.75,14.25,-3.25],"rotation":{"angle":0,"axis":"y","origin":[15.25,16.75,2.75]},"faces":{"north":{"uv":[5.25,8.25,5.5,11],"texture":"#0"},"east":{"uv":[6.25,8.25,5.25,11],"texture":"#0"},"south":{"uv":[6.25,8.25,7,11],"texture":"#0"},"west":{"uv":[5.25,8.25,6.25,11],"texture":"#0"},"down":{"uv":[5.25,11,6.25,11.75],"rotation":270,"texture":"#0"}}},{"from":[7.25,9.25,3.25],"to":[8.75,14.75,5.25],"rotation":{"angle":0,"axis":"y","origin":[15.25,17.25,11.25]},"faces":{"north":{"uv":[7,8.25,7.25,11],"texture":"#0"},"east":{"uv":[8,8.25,7,11],"texture":"#0"},"south":{"uv":[8,8.25,8.75,11],"texture":"#0"},"west":{"uv":[7,8.25,8,11],"texture":"#0"},"down":{"uv":[7,11,8,11.75],"rotation":270,"texture":"#0"}}},{"from":[8,13.25,2.25],"to":[8,14.75,6.75],"rotation":{"angle":0,"axis":"y","origin":[16,20.25,10.25]},"faces":{"north":{"uv":[0,0,0,0.66667],"texture":"#0"},"east":{"uv":[7.5,11.75,5.25,12.5],"texture":"#0"},"south":{"uv":[0,0,0,0.66667],"texture":"#0"},"west":{"uv":[5.25,11.75,7.5,12.5],"texture":"#0"},"up":{"uv":[0,0,0,1.2],"texture":"#0"},"down":{"uv":[0,0,0,1.2],"texture":"#0"}}},{"from":[8,18.25,-6.25],"to":[8,20.75,-4.75],"rotation":{"angle":0,"axis":"y","origin":[16,26.4,0.75]},"faces":{"north":{"uv":[6.75,4.25,8.25,6.5],"texture":"#0"},"east":{"uv":[8.25,7,7.5,8.25],"texture":"#0"},"south":{"uv":[6.75,6.5,8.25,8.75],"texture":"#0"},"west":{"uv":[7.5,7,8.25,8.25],"texture":"#0"},"up":{"uv":[0,0,0.8,0],"texture":"#0"},"down":{"uv":[0,0,0.8,0],"texture":"#0"}}},{"from":[6,14.25,-7.25],"to":[10,18.25,-1.75],"rotation":{"angle":0,"axis":"y","origin":[14,22.25,0.75]},"faces":{"east":{"uv":[7.5,0,4.75,2],"texture":"#0"},"west":{"uv":[4.75,0,7.5,2],"texture":"#0"},"up":{"uv":[4.75,2,7.5,4],"rotation":90,"texture":"#0"},"down":{"uv":[4.75,4,7.5,6],"rotation":270,"texture":"#0"}}},{"from":[5.5,13.75,21.25],"to":[10.5,18.75,25.25],"rotation":{"angle":0,"axis":"y","origin":[13.5,21.75,29.25]},"faces":{"north":{"uv":[13.25,0,15.75,2.5],"texture":"#0"},"east":{"uv":[11.25,0,13.25,2.5],"rotation":180,"texture":"#0"},"west":{"uv":[11.25,0,13.25,2.5],"texture":"#0"},"up":{"uv":[11.25,0,13.25,2.5],"rotation":90,"texture":"#0"},"down":{"uv":[11.25,0,13.25,2.5],"rotation":270,"texture":"#0"}}},{"from":[4.5,12.75,25.25],"to":[11.5,19.75,26.25],"rotation":{"angle":0,"axis":"y","origin":[12.5,20.75,33.25]},"faces":{"north":{"uv":[10,2.5,13.5,6],"texture":"#0"},"east":{"uv":[13.5,2.5,14,6],"rotation":180,"texture":"#0"},"south":{"uv":[10,6,13.5,9.5],"texture":"#0"},"west":{"uv":[13.5,2.5,14,6],"texture":"#0"},"up":{"uv":[13.5,2.5,14,6],"rotation":90,"texture":"#0"},"down":{"uv":[13.5,2.5,14,6],"rotation":270,"texture":"#0"}}},{"from":[6.5,14.75,12.25],"to":[9.5,17.75,21.25],"rotation":{"angle":0,"axis":"y","origin":[14.5,22.75,20.25]},"faces":{"east":{"uv":[4.5,10.5,0,9],"texture":"#0"},"west":{"uv":[0,10.5,4.5,9],"texture":"#0"},"up":{"uv":[0,10.5,4.5,12],"rotation":90,"texture":"#0"},"down":{"uv":[0,9,4.5,9.25],"rotation":270,"texture":"#0"}}},{"from":[6.25,14.5,14.25],"to":[9.75,18,20.75],"rotation":{"angle":0,"axis":"y","origin":[14.25,22.5,22.25]},"faces":{"east":{"uv":[13.25,9.5,10,11.25],"texture":"#0"},"west":{"uv":[10,9.5,13.25,11.25],"texture":"#0"},"up":{"uv":[10,11.25,13.25,13],"rotation":90,"texture":"#0"},"down":{"uv":[10,11.25,13.25,13],"rotation":270,"texture":"#0"}}},{"from":[5.75,14,11.25],"to":[10.25,18.5,12.25],"rotation":{"angle":0,"axis":"y","origin":[13.75,22,19.25]},"faces":{"north":{"uv":[2.5,2.5,4.75,4.75],"texture":"#0"},"east":{"uv":[0,5,2.25,5.5],"rotation":270,"texture":"#0"},"south":{"uv":[5.25,6,7.5,8.25],"texture":"#0"},"west":{"uv":[0,5,2.25,5.5],"rotation":90,"texture":"#0"},"up":{"uv":[0,5,2.25,5.5],"rotation":180,"texture":"#0"},"down":{"uv":[0,5.5,2.25,6],"texture":"#0"}}},{"from":[6.5,14.75,0.75],"to":[9.5,17.75,11.25],"rotation":{"angle":0,"axis":"y","origin":[14.5,22.75,8.25]},"faces":{"east":{"uv":[5.25,6,0,7.5],"texture":"#0"},"west":{"uv":[0,6,5.25,7.5],"texture":"#0"},"up":{"uv":[0,7.475,5.25,8.975],"rotation":90,"texture":"#0"},"down":{"uv":[0,7.225,5.25,7.475],"rotation":270,"texture":"#0"}}}]}